{
  "success": true,
  "component_assembly_plan": [
    {
      "component_code": "01.09.2154",
      "component_name": "挂架组件-漆后",
      "drawing_number": "①",
      "assembly_order": 3,
      "reason": "①号组件重量较大，但位于产品顶部，应在主框架和毛刷盘装配完成后安装。",
      "base_part_code": "01.01.03.0692",
      "base_part_name": "方管",
      "base_part_drawing_number": "①",
      "base_part_weight_kg": 26.16,
      "assembly_steps": [
        "步骤1：将①号方管（26.16kg）放置在工作台上作为焊接基准。",
        "步骤2：将④号中连接板（11.88kg）和②号方管（7.34kg）焊接到①号方管上。",
        "步骤3：将⑤号方形板-机加（1.89kg）和③号中侧板（4.26kg）焊接到主体结构上。",
        "步骤4：将⑧号上挂板（3.85kg）和⑨号方形板-机加（1.46kg）焊接到顶部。",
        "步骤5：将⑥号轴套（0.12kg）和⑦号左连接器板（8.99kg）等小件焊接到指定位置。"
      ]
    },
    {
      "component_code": "01.09.1144",
      "component_name": "主框架组件-漆后",
      "drawing_number": "②",
      "assembly_order": 1,
      "reason": "②号组件（56.67kg）是产品的主体结构，位于中心位置，作为产品装配的基准。",
      "base_part_code": "01.02.03.0206",
      "base_part_name": "方管-机加",
      "base_part_drawing_number": "③",
      "base_part_weight_kg": 21.16,
      "assembly_steps": [
        "步骤1：将③号方管-机加（21.16kg）放置在工作台上作为焊接基准。",
        "步骤2：将⑦号旋转弧板（13.36kg）焊接到③号方管的侧面。",
        "步骤3：将①号右悬挂臂板（9.11kg）和②号左悬挂臂板（9.12kg）焊接到主体结构两侧。",
        "步骤4：将④号角钢（1.2kg）和⑤号方管-机加（1.08kg）焊接到指定位置。",
        "步骤5：将⑧号固定套（1.13kg）和⑨号轴套（0.21kg）等小件焊接到位。"
      ]
    },
    {
      "component_code": "01.09.0402",
      "component_name": "毛刷套组件-漆后",
      "drawing_number": "③",
      "assembly_order": 2,
      "reason": "③号组件（32.43kg）需要安装在②号主框架组件的下方，应在主框架装配完成后进行。",
      "base_part_code": "01.01.02.1869",
      "base_part_name": "无缝管",
      "base_part_drawing_number": "④",
      "base_part_weight_kg": 16.46,
      "assembly_steps": [
        "步骤1：将④号无缝管（16.46kg）放置在工作台上作为焊接基准。",
        "步骤2：将③号方管（10.69kg）焊接到④号无缝管的侧面。",
        "步骤3：将①号圆板（4.2kg）和②号圆板（1.08kg）分别焊接到无缝管两端。",
        "步骤4：进行焊缝打磨和校正，确保尺寸精度。"
      ]
    },
    {
      "component_code": "01.09.0403",
      "component_name": "毛刷固定板组-漆后",
      "drawing_number": "④",
      "assembly_order": 4,
      "reason": "④号组件（6.02kg）是毛刷盘的固定件，重量轻，应在最后阶段装配。",
      "base_part_code": "01.03.0190",
      "base_part_name": "毛刷固定板组",
      "base_part_drawing_number": "①",
      "base_part_weight_kg": 6.02,
      "assembly_steps": [
        "步骤1：将①号毛刷固定板组（6.02kg）放置在工作台上。",
        "步骤2：进行底漆和面漆的涂装。",
        "步骤3：进行尺寸和外观检查。"
      ]
    }
  ],
  "product_assembly_plan": {
    "base_component_code": "01.09.1144",
    "base_component_name": "主框架组件-漆后",
    "base_component_drawing_number": "②",
    "reason": "图纸上②号组件（56.67kg）位于产品中心，是主要承载结构，作为装配基准。",
    "assembly_sequence": [
      {
        "step": 1,
        "component_code": "01.09.1144",
        "component_drawing_number": "②",
        "action": "将②号主框架组件放置在工作台上作为装配基准。"
      },
      {
        "step": 2,
        "component_code": "01.09.0402",
        "component_drawing_number": "③",
        "action": "将③号毛刷套组件安装到②号主框架组件的下方。"
      },
      {
        "step": 3,
        "component_code": "02.04.0103",
        "component_drawing_number": "⑩",
        "action": "将⑩号圆形毛刷盘（59.28kg）安装到③号毛刷套组件上。"
      },
      {
        "step": 4,
        "component_code": "01.09.2154",
        "component_drawing_number": "①",
        "action": "将①号挂架组件（76.42kg）安装到②号主框架组件的上方。"
      },
      {
        "step": 5,
        "component_code": "02.08.02.0263",
        "component_drawing_number": "⑪",
        "action": "将⑪号液压马达（11.31kg）安装到主框架的侧面。"
      },
      {
        "step": 6,
        "component_code": "01.09.0403",
        "component_drawing_number": "④",
        "action": "将④号毛刷固定板组安装到毛刷盘的指定位置。"
      }
    ]
  },
  "raw_result": {
    "product_name": "滑移清扫器（斜角型）",
    "total_components": 4,
    "visual_analysis": {
      "product_drawing_observation": "产品总图显示，①号挂架组件（76.42kg）位于顶部，②号主框架组件（56.67kg）位于中间，⑩号圆形毛刷盘（59.28kg）位于底部，因此①号组件不是基准，基准应是底部或中心组件。",
      "component_drawings_observation": "组件图1（挂架组件）中，①号方管（26.16kg）最重；组件图2（主框架组件）中，③号方管-机加（21.16kg）最重；组件图4（毛刷套组件）中，④号无缝管（16.46kg）最重。"
    },
    "component_assembly_plan": [
      {
        "component_code": "01.09.2154",
        "component_name": "挂架组件-漆后",
        "drawing_number": "①",
        "assembly_order": 3,
        "reason": "①号组件重量较大，但位于产品顶部，应在主框架和毛刷盘装配完成后安装。",
        "base_part_code": "01.01.03.0692",
        "base_part_name": "方管",
        "base_part_drawing_number": "①",
        "base_part_weight_kg": 26.16,
        "assembly_steps": [
          "步骤1：将①号方管（26.16kg）放置在工作台上作为焊接基准。",
          "步骤2：将④号中连接板（11.88kg）和②号方管（7.34kg）焊接到①号方管上。",
          "步骤3：将⑤号方形板-机加（1.89kg）和③号中侧板（4.26kg）焊接到主体结构上。",
          "步骤4：将⑧号上挂板（3.85kg）和⑨号方形板-机加（1.46kg）焊接到顶部。",
          "步骤5：将⑥号轴套（0.12kg）和⑦号左连接器板（8.99kg）等小件焊接到指定位置。"
        ]
      },
      {
        "component_code": "01.09.1144",
        "component_name": "主框架组件-漆后",
        "drawing_number": "②",
        "assembly_order": 1,
        "reason": "②号组件（56.67kg）是产品的主体结构，位于中心位置，作为产品装配的基准。",
        "base_part_code": "01.02.03.0206",
        "base_part_name": "方管-机加",
        "base_part_drawing_number": "③",
        "base_part_weight_kg": 21.16,
        "assembly_steps": [
          "步骤1：将③号方管-机加（21.16kg）放置在工作台上作为焊接基准。",
          "步骤2：将⑦号旋转弧板（13.36kg）焊接到③号方管的侧面。",
          "步骤3：将①号右悬挂臂板（9.11kg）和②号左悬挂臂板（9.12kg）焊接到主体结构两侧。",
          "步骤4：将④号角钢（1.2kg）和⑤号方管-机加（1.08kg）焊接到指定位置。",
          "步骤5：将⑧号固定套（1.13kg）和⑨号轴套（0.21kg）等小件焊接到位。"
        ]
      },
      {
        "component_code": "01.09.0402",
        "component_name": "毛刷套组件-漆后",
        "drawing_number": "③",
        "assembly_order": 2,
        "reason": "③号组件（32.43kg）需要安装在②号主框架组件的下方，应在主框架装配完成后进行。",
        "base_part_code": "01.01.02.1869",
        "base_part_name": "无缝管",
        "base_part_drawing_number": "④",
        "base_part_weight_kg": 16.46,
        "assembly_steps": [
          "步骤1：将④号无缝管（16.46kg）放置在工作台上作为焊接基准。",
          "步骤2：将③号方管（10.69kg）焊接到④号无缝管的侧面。",
          "步骤3：将①号圆板（4.2kg）和②号圆板（1.08kg）分别焊接到无缝管两端。",
          "步骤4：进行焊缝打磨和校正，确保尺寸精度。"
        ]
      },
      {
        "component_code": "01.09.0403",
        "component_name": "毛刷固定板组-漆后",
        "drawing_number": "④",
        "assembly_order": 4,
        "reason": "④号组件（6.02kg）是毛刷盘的固定件，重量轻，应在最后阶段装配。",
        "base_part_code": "01.03.0190",
        "base_part_name": "毛刷固定板组",
        "base_part_drawing_number": "①",
        "base_part_weight_kg": 6.02,
        "assembly_steps": [
          "步骤1：将①号毛刷固定板组（6.02kg）放置在工作台上。",
          "步骤2：进行底漆和面漆的涂装。",
          "步骤3：进行尺寸和外观检查。"
        ]
      }
    ],
    "product_assembly_plan": {
      "base_component_code": "01.09.1144",
      "base_component_name": "主框架组件-漆后",
      "base_component_drawing_number": "②",
      "reason": "图纸上②号组件（56.67kg）位于产品中心，是主要承载结构，作为装配基准。",
      "assembly_sequence": [
        {
          "step": 1,
          "component_code": "01.09.1144",
          "component_drawing_number": "②",
          "action": "将②号主框架组件放置在工作台上作为装配基准。"
        },
        {
          "step": 2,
          "component_code": "01.09.0402",
          "component_drawing_number": "③",
          "action": "将③号毛刷套组件安装到②号主框架组件的下方。"
        },
        {
          "step": 3,
          "component_code": "02.04.0103",
          "component_drawing_number": "⑩",
          "action": "将⑩号圆形毛刷盘（59.28kg）安装到③号毛刷套组件上。"
        },
        {
          "step": 4,
          "component_code": "01.09.2154",
          "component_drawing_number": "①",
          "action": "将①号挂架组件（76.42kg）安装到②号主框架组件的上方。"
        },
        {
          "step": 5,
          "component_code": "02.08.02.0263",
          "component_drawing_number": "⑪",
          "action": "将⑪号液压马达（11.31kg）安装到主框架的侧面。"
        },
        {
          "step": 6,
          "component_code": "01.09.0403",
          "component_drawing_number": "④",
          "action": "将④号毛刷固定板组安装到毛刷盘的指定位置。"
        }
      ]
    }
  }
}