{
  "product": {
    "pdf": "output/19a49143-f3b2-46af-8fd6-1dadea946036/pdf_files/产品总图.PDF",
    "step": "output/19a49143-f3b2-46af-8fd6-1dadea946036/step_files/产品总图.STEP",
    "product_code": ""
  },
  "components": [
    {
      "name": "组件图1",
      "bom_code": "",
      "index": 1,
      "pdf": "output/19a49143-f3b2-46af-8fd6-1dadea946036/pdf_files/组件图1.PDF",
      "step": "output/19a49143-f3b2-46af-8fd6-1dadea946036/step_files/组件图1.STEP"
    },
    {
      "name": "组件图2",
      "bom_code": "",
      "index": 2,
      "pdf": "output/19a49143-f3b2-46af-8fd6-1dadea946036/pdf_files/组件图2.pdf",
      "step": "output/19a49143-f3b2-46af-8fd6-1dadea946036/step_files/组件图2.STEP"
    },
    {
      "name": "组件图3",
      "bom_code": "",
      "index": 3,
      "pdf": "output/19a49143-f3b2-46af-8fd6-1dadea946036/pdf_files/组件图3.PDF",
      "step": "output/19a49143-f3b2-46af-8fd6-1dadea946036/step_files/组件图3.STEP"
    },
    {
      "name": "组件图4",
      "bom_code": "",
      "index": 4,
      "pdf": "output/19a49143-f3b2-46af-8fd6-1dadea946036/pdf_files/组件图4.PDF",
      "step": "output/19a49143-f3b2-46af-8fd6-1dadea946036/step_files/组件图4.STEP"
    }
  ]
}