[
  {
    "seq": "1",
    "code": "01.09.2154",
    "product_code": "S-AB1830(72IN)-MP1140-01",
    "name": "挂架组件-漆后",
    "quantity": 1,
    "weight": 76.42,
    "source_pdf": "产品总图.PDF"
  },
  {
    "seq": "2",
    "code": "01.09.1144",
    "product_code": "H-AB1830(72IN)-Manitou-05",
    "name": "主框架组件-漆后",
    "quantity": 1,
    "weight": 56.67,
    "source_pdf": "产品总图.PDF"
  },
  {
    "seq": "3",
    "code": "01.09.0402",
    "product_code": "T-AB1830(72IN)-EURO-02",
    "name": "毛刷套组件-漆后",
    "quantity": 1,
    "weight": 32.43,
    "source_pdf": "产品总图.PDF"
  },
  {
    "seq": "4",
    "code": "01.09.0403",
    "product_code": "S-RB1830-05-02",
    "name": "毛刷固定板组-漆后",
    "quantity": 1,
    "weight": 6.02,
    "source_pdf": "产品总图.PDF"
  },
  {
    "seq": "5",
    "code": "01.09.0404",
    "product_code": "S-RB1830-06",
    "name": "支脚-镀锌",
    "quantity": 2,
    "weight": 5.2,
    "source_pdf": "产品总图.PDF"
  },
  {
    "seq": "6",
    "code": "01.09.1145",
    "product_code": "S-RB1830-07",
    "name": "旋转定位销组件-镀锌",
    "quantity": 1,
    "weight": 0.45,
    "source_pdf": "产品总图.PDF"
  },
  {
    "seq": "7",
    "code": "01.09.0405",
    "product_code": "S-RB1830-08-Q235",
    "name": "插销-镀锌",
    "quantity": 2,
    "weight": 0.15,
    "source_pdf": "产品总图.PDF"
  },
  {
    "seq": "8",
    "code": "01.09.0406",
    "product_code": "S-RB1830-09-45#",
    "name": "销轴-镀锌",
    "quantity": 1,
    "weight": 1.35,
    "source_pdf": "产品总图.PDF"
  },
  {
    "seq": "9",
    "code": "01.09.0061",
    "product_code": "S-CB1830-09-45#",
    "name": "马达固定套镀锌后",
    "quantity": 1,
    "weight": 1.94,
    "source_pdf": "产品总图.PDF"
  },
  {
    "seq": "10",
    "code": "02.04.0103",
    "product_code": "162*550-黄色PP+钢丝",
    "name": "圆形毛刷盘",
    "quantity": 38,
    "weight": 59.28,
    "source_pdf": "产品总图.PDF"
  },
  {
    "seq": "11",
    "code": "02.08.02.0263",
    "product_code": "026-3087-HMR-315",
    "name": "液压马达",
    "quantity": 1,
    "weight": 11.31,
    "source_pdf": "产品总图.PDF"
  },
  {
    "seq": "12",
    "code": "02.19.0003",
    "product_code": "6009-RZ",
    "name": "深沟球轴承GB/T276-94",
    "quantity": 1,
    "weight": 0.03,
    "source_pdf": "产品总图.PDF"
  },
  {
    "seq": "13",
    "code": "02.19.0001",
    "product_code": "UCF206",
    "name": "带方形座轴承GB/T 7810-1995",
    "quantity": 1,
    "weight": 0.0,
    "source_pdf": "产品总图.PDF"
  },
  {
    "seq": "14",
    "code": "02.03.0169",
    "product_code": "14*2.5",
    "name": "平垫圈8.8级GB/T95-2002",
    "quantity": 6,
    "weight": 0.06,
    "source_pdf": "产品总图.PDF"
  },
  {
    "seq": "15",
    "code": "02.03.0073",
    "product_code": "14#",
    "name": "标准型弹性垫圈8.8级GB/T93-1987",
    "quantity": 6,
    "weight": 0.0,
    "source_pdf": "产品总图.PDF"
  },
  {
    "seq": "16",
    "code": "02.03.0241",
    "product_code": "M14*70",
    "name": "六角头螺栓全螺纹8.8级GB/T5783-2016",
    "quantity": 6,
    "weight": 0.36,
    "source_pdf": "产品总图.PDF"
  },
  {
    "seq": "17",
    "code": "02.03.0042",
    "product_code": "M12*35",
    "name": "六角头螺栓全螺纹8.8级GB/T5783-2016",
    "quantity": 6,
    "weight": 0.24,
    "source_pdf": "产品总图.PDF"
  },
  {
    "seq": "18",
    "code": "02.03.0132",
    "product_code": "12*2.5",
    "name": "平垫圈8.8级GB/T95-2002",
    "quantity": 6,
    "weight": 0.06,
    "source_pdf": "产品总图.PDF"
  },
  {
    "seq": "19",
    "code": "02.03.0054",
    "product_code": "M12",
    "name": "1型非金属嵌件六角锁紧螺母8.8级GB/T889.1-2015",
    "quantity": 6,
    "weight": 0.24,
    "source_pdf": "产品总图.PDF"
  },
  {
    "seq": "20",
    "code": "02.03.0068",
    "product_code": "M10*45",
    "name": "六角头螺栓全螺纹C级GB/T5781-2016",
    "quantity": 8,
    "weight": 0.32,
    "source_pdf": "产品总图.PDF"
  },
  {
    "seq": "21",
    "code": "02.03.0112",
    "product_code": "10*2",
    "name": "平垫圈8.8级GB/T95-2002",
    "quantity": 12,
    "weight": 0.12,
    "source_pdf": "产品总图.PDF"
  },
  {
    "seq": "22",
    "code": "02.03.0014",
    "product_code": "M10",
    "name": "1型非金属嵌件六角锁紧螺母8.8级GB/T889.1-2015",
    "quantity": 8,
    "weight": 0.08,
    "source_pdf": "产品总图.PDF"
  },
  {
    "seq": "23",
    "code": "02.03.0083",
    "product_code": "M10*35",
    "name": "六角头螺栓全螺纹8.8级GB/T5783-2016",
    "quantity": 4,
    "weight": 0.04,
    "source_pdf": "产品总图.PDF"
  },
  {
    "seq": "24",
    "code": "02.03.0093",
    "product_code": "10#",
    "name": "标准型弹性垫圈8.8级GB/T93-1987",
    "quantity": 4,
    "weight": 0.0,
    "source_pdf": "产品总图.PDF"
  },
  {
    "seq": "25",
    "code": "02.03.0028",
    "product_code": "M8",
    "name": "1型非金属嵌件六角锁紧螺母8.8级GB/T889.1-2015",
    "quantity": 6,
    "weight": 0.06,
    "source_pdf": "产品总图.PDF"
  },
  {
    "seq": "26",
    "code": "02.03.0009",
    "product_code": "8*1.6",
    "name": "平垫圈8.8级GB/T95-2002",
    "quantity": 22,
    "weight": 0.22,
    "source_pdf": "产品总图.PDF"
  },
  {
    "seq": "27",
    "code": "02.03.0379",
    "product_code": "M8*20",
    "name": "六角头螺栓全螺纹8.8级GB/T5783-2016",
    "quantity": 17,
    "weight": 0.17,
    "source_pdf": "产品总图.PDF"
  },
  {
    "seq": "28",
    "code": "02.03.0290",
    "product_code": "M8*60",
    "name": "六角头螺栓全螺纹C级GB/T5781-2016",
    "quantity": 1,
    "weight": 0.08,
    "source_pdf": "产品总图.PDF"
  },
  {
    "seq": "29",
    "code": "02.08.05.0004",
    "product_code": "M8",
    "name": "直通式压注油杯JB/T7940.1-1995",
    "quantity": 1,
    "weight": 0.01,
    "source_pdf": "产品总图.PDF"
  },
  {
    "seq": "30",
    "code": "02.21.0114",
    "product_code": "",
    "name": "不干胶(120*60)",
    "quantity": 1,
    "weight": 0.11,
    "source_pdf": "产品总图.PDF"
  },
  {
    "seq": "31",
    "code": "02.21.0112",
    "product_code": "",
    "name": "不干胶(100*100)",
    "quantity": 2,
    "weight": 0.0,
    "source_pdf": "产品总图.PDF"
  },
  {
    "seq": "32",
    "code": "02.21.0109",
    "product_code": "",
    "name": "不干胶(100*80)",
    "quantity": 1,
    "weight": 0.0,
    "source_pdf": "产品总图.PDF"
  },
  {
    "seq": "33",
    "code": "02.03.0012",
    "product_code": "Φ4.5*40",
    "name": "安全销DIN 11023",
    "quantity": 3,
    "weight": 0.09,
    "source_pdf": "产品总图.PDF"
  },
  {
    "seq": "34",
    "code": "01.09.0409",
    "product_code": "H-AB1830(72IN)-Manitou-04-Q235",
    "name": "盖板-漆后",
    "quantity": 1,
    "weight": 32.12,
    "source_pdf": "产品总图.PDF"
  },
  {
    "seq": "35",
    "code": "02.03.0008",
    "product_code": "8*2.1",
    "name": "标准型弹性垫圈8.8级GB/T93-1987",
    "quantity": 12,
    "weight": 0.12,
    "source_pdf": "产品总图.PDF"
  },
  {
    "seq": "36",
    "code": "01.09.0407",
    "product_code": "H-AB1830(72IN)-Manitou-01",
    "name": "左侧板组件-漆后",
    "quantity": 1,
    "weight": 3.01,
    "source_pdf": "产品总图.PDF"
  },
  {
    "seq": "37",
    "code": "01.09.0408",
    "product_code": "H-AB1830(72IN)-Manitou-02",
    "name": "右侧板组件-漆后",
    "quantity": 1,
    "weight": 3.01,
    "source_pdf": "产品总图.PDF"
  },
  {
    "seq": "38",
    "code": "01.09.0410",
    "product_code": "T-AB1830(72IN)-EURO-01",
    "name": "固定板组件-漆后",
    "quantity": 1,
    "weight": 4.71,
    "source_pdf": "产品总图.PDF"
  },
  {
    "seq": "1",
    "code": "01.01.03.0692",
    "product_code": "FG-T5*80*80-1134-Q345",
    "name": "方管",
    "quantity": 2,
    "weight": 26.16,
    "source_pdf": "组件图1.PDF"
  },
  {
    "seq": "2",
    "code": "01.01.03.0693",
    "product_code": "FG-T5*80*80-318-Q345",
    "name": "方管",
    "quantity": 2,
    "weight": 7.34,
    "source_pdf": "组件图1.PDF"
  },
  {
    "seq": "3",
    "code": "01.01.01.4792",
    "product_code": "S-RB1830-03-02-Q345",
    "name": "中侧板",
    "quantity": 2,
    "weight": 4.26,
    "source_pdf": "组件图1.PDF"
  },
  {
    "seq": "4",
    "code": "01.02.01.3875",
    "product_code": "S-RB1830-03-03-Q345",
    "name": "中连接板",
    "quantity": 2,
    "weight": 11.88,
    "source_pdf": "组件图1.PDF"
  },
  {
    "seq": "5",
    "code": "01.02.01.3876",
    "product_code": "S-RB1830-03-04-Q345",
    "name": "方形板-机加",
    "quantity": 1,
    "weight": 1.89,
    "source_pdf": "组件图1.PDF"
  },
  {
    "seq": "6",
    "code": "01.02.02.0446",
    "product_code": "S-RB1830-03-07-Q235",
    "name": "轴套",
    "quantity": 1,
    "weight": 0.12,
    "source_pdf": "组件图1.PDF"
  },
  {
    "seq": "7",
    "code": "01.01.01.11589",
    "product_code": "S-LP1730(68IN)-MP1140-LT-01-06-Q460",
    "name": "左连接器板",
    "quantity": 1,
    "weight": 8.99,
    "source_pdf": "组件图1.PDF"
  },
  {
    "seq": "8",
    "code": "01.01.01.11590",
    "product_code": "S-LP1730(68IN)-MP1140-LT-01-07-Q460",
    "name": "上挂板",
    "quantity": 1,
    "weight": 3.85,
    "source_pdf": "组件图1.PDF"
  },
  {
    "seq": "9",
    "code": "01.01.01.11593",
    "product_code": "S-LP1730(68IN)-MP1140-LT-01-10-Q460",
    "name": "方形板-机加",
    "quantity": 2,
    "weight": 1.46,
    "source_pdf": "组件图1.PDF"
  },
  {
    "seq": "10",
    "code": "01.01.01.11591",
    "product_code": "S-LP1730(68IN)-MP1140-LT-01-08-Q460",
    "name": "右连接器板",
    "quantity": 1,
    "weight": 9.0,
    "source_pdf": "组件图1.PDF"
  },
  {
    "seq": "11",
    "code": "01.01.01.11626",
    "product_code": "SJB-T8*64*37-Q355B",
    "name": "三角板",
    "quantity": 4,
    "weight": 0.29,
    "source_pdf": "组件图1.PDF"
  },
  {
    "seq": "12",
    "code": "01.01.01.3941",
    "product_code": "FXB-T6*75*75-Q235",
    "name": "方形板",
    "quantity": 4,
    "weight": 0.84,
    "source_pdf": "组件图1.PDF"
  },
  {
    "seq": "13",
    "code": "01.01.01.0517",
    "product_code": "S-EDGP1630-DR-01-10-Q235",
    "name": "防滑板",
    "quantity": 2,
    "weight": 0.36,
    "source_pdf": "组件图1.PDF"
  },
  {
    "seq": "1",
    "code": "01.02.01.3870",
    "product_code": "S-RB1830-02-01-Q345",
    "name": "右悬挂臂板",
    "quantity": 1,
    "weight": 9.11,
    "source_pdf": "组件图2.pdf"
  },
  {
    "seq": "2",
    "code": "01.02.01.3871",
    "product_code": "S-RB1830-02-02-Q345",
    "name": "左悬挂臂板",
    "quantity": 1,
    "weight": 9.12,
    "source_pdf": "组件图2.pdf"
  },
  {
    "seq": "3",
    "code": "01.02.03.0206",
    "product_code": "S-RB1830-02-03-Q345",
    "name": "方管-机加",
    "quantity": 1,
    "weight": 21.16,
    "source_pdf": "组件图2.pdf"
  },
  {
    "seq": "4",
    "code": "01.02.04.0084",
    "product_code": "S-RB1830-02-04-Q235",
    "name": "角钢",
    "quantity": 5,
    "weight": 1.2,
    "source_pdf": "组件图2.pdf"
  },
  {
    "seq": "5",
    "code": "01.02.03.0207",
    "product_code": "S-RB1830-02-05-Q345",
    "name": "方管-机加",
    "quantity": 2,
    "weight": 1.08,
    "source_pdf": "组件图2.pdf"
  },
  {
    "seq": "6",
    "code": "01.01.01.4776",
    "product_code": "FXB-T8*158*65-Q345",
    "name": "方形板",
    "quantity": 2,
    "weight": 1.28,
    "source_pdf": "组件图2.pdf"
  },
  {
    "seq": "7",
    "code": "01.02.01.3872",
    "product_code": "S-RB1830-02-06-Q345",
    "name": "旋转弧板",
    "quantity": 2,
    "weight": 13.36,
    "source_pdf": "组件图2.pdf"
  },
  {
    "seq": "8",
    "code": "01.02.05.0334",
    "product_code": "S-RB1830-02-07-Q345",
    "name": "固定套",
    "quantity": 1,
    "weight": 1.13,
    "source_pdf": "组件图2.pdf"
  },
  {
    "seq": "9",
    "code": "01.02.02.0447",
    "product_code": "S-RB1830-02-08-Q235",
    "name": "轴套",
    "quantity": 1,
    "weight": 0.21,
    "source_pdf": "组件图2.pdf"
  },
  {
    "seq": "1",
    "code": "01.03.0190",
    "product_code": "S-RB1830-05-02",
    "name": "毛刷固定板组",
    "quantity": 1,
    "weight": 6.02,
    "source_pdf": "组件图3.PDF"
  },
  {
    "seq": "1",
    "code": "01.01.01.16586",
    "product_code": "T-AB1830(72IN)-EURO-02-01-Q355B",
    "name": "圆板",
    "quantity": 1,
    "weight": 4.2,
    "source_pdf": "组件图4.PDF"
  },
  {
    "seq": "2",
    "code": "01.02.01.3847",
    "product_code": "S-CB1830-07-03-Q345",
    "name": "圆板",
    "quantity": 1,
    "weight": 1.08,
    "source_pdf": "组件图4.PDF"
  },
  {
    "seq": "3",
    "code": "01.01.03.1453",
    "product_code": "FG-T3*25*25-1730-Q235",
    "name": "方管",
    "quantity": 3,
    "weight": 10.69,
    "source_pdf": "组件图4.PDF"
  },
  {
    "seq": "4",
    "code": "01.01.02.1869",
    "product_code": "WFG-T4*\\u03a6102-1703-20#",
    "name": "无缝管",
    "quantity": 1,
    "weight": 16.46,
    "source_pdf": "组件图4.PDF"
  }
]