{
  "success": true,
  "product_name": "",
  "assembly_steps": [
    {
      "step_number": 1,
      "title": "安装挂架组件",
      "component_code": "01.09.2154",
      "component_name": "挂架组件-漆后",
      "drawing_number": "①",
      "connection_type": "螺栓连接",
      "position_description": "将挂架组件①安装到主框架组件②的顶部连接座上。",
      "components": [
        {
          "bom_seq": "1",
          "bom_name": "挂架组件-漆后",
          "quantity": 1
        },
        {
          "bom_seq": "2",
          "bom_name": "主框架组件-漆后",
          "quantity": 1
        }
      ],
      "fasteners": [
        {
          "bom_seq": "16",
          "bom_name": "六角头螺栓全螺纹8.8级",
          "spec": "M14*70",
          "quantity": 6,
          "torque": "120N·m",
          "node_name": [
            "NAUO18"
          ],
          "bom_code": "02.03.0241"
        },
        {
          "bom_seq": "14",
          "bom_name": "平垫圈8.8级",
          "spec": "14*2.5",
          "quantity": 6,
          "torque": "",
          "node_name": [
            "NAUO16"
          ],
          "bom_code": "02.03.0169"
        },
        {
          "bom_seq": "15",
          "bom_name": "标准型弹性垫圈8.8级",
          "spec": "14#",
          "quantity": 6,
          "torque": "",
          "node_name": [
            "NAUO17"
          ],
          "bom_code": "02.03.0073"
        }
      ],
      "operation": "将挂架组件①对准主框架组件②顶部的安装孔。使用6套M14*70螺栓（16）、平垫圈（14）和弹性垫圈（15）进行连接。均匀拧紧螺栓，确保挂架与主框架紧密贴合。",
      "quality_check": "检查挂架与主框架的连接是否牢固，螺栓是否达到规定扭矩。",
      "estimated_time_minutes": 15,
      "safety_warnings": [
        "挂架组件可能较重，搬运时请使用合适的起重设备或两人抬运，防止扭伤或砸伤。",
        "安装时需佩戴安全帽和防护手套，防止组件意外滑落或边缘割伤。",
        "拧紧螺栓时，确保站稳，使用扭力扳手时防止滑脱伤人。"
      ]
    },
    {
      "step_number": 2,
      "title": "安装左右侧板组件",
      "component_code": "01.09.0407/01.09.0408",
      "component_name": "左/右侧板组件-漆后",
      "drawing_number": "36, 37",
      "connection_type": "螺栓连接",
      "position_description": "将左侧板组件（36）和右侧板组件（37）分别安装到主框架组件②的两侧。",
      "components": [
        {
          "bom_seq": "36",
          "bom_name": "左侧板组件-漆后",
          "quantity": 1
        },
        {
          "bom_seq": "37",
          "bom_name": "右侧板组件-漆后",
          "quantity": 1
        }
      ],
      "fasteners": [
        {
          "bom_seq": "17",
          "bom_name": "六角头螺栓全螺纹8.8级",
          "spec": "M12*35",
          "quantity": 6,
          "torque": "77N·m",
          "node_name": [
            "NAUO19"
          ],
          "bom_code": "02.03.0042"
        },
        {
          "bom_seq": "18",
          "bom_name": "平垫圈8.8级",
          "spec": "12*2.5",
          "quantity": 6,
          "torque": "",
          "node_name": [
            "NAUO20"
          ],
          "bom_code": "02.03.0132"
        },
        {
          "bom_seq": "19",
          "bom_name": "1型非金属嵌件六角锁紧螺母8.8级",
          "spec": "M12",
          "quantity": 6,
          "torque": "77N·m",
          "node_name": [
            "NAUO21"
          ],
          "bom_code": "02.03.0054"
        }
      ],
      "operation": "将左侧板组件（36）和右侧板组件（37）分别对准主框架②两侧的安装孔。使用6套M12*35螺栓（17）、平垫圈（18）和M12锁紧螺母（19）进行连接。注意两侧同步安装，并确保侧板与主框架垂直。",
      "quality_check": "检查侧板安装位置是否正确，螺栓是否拧紧。",
      "estimated_time_minutes": 10,
      "safety_warnings": [
        "侧板边缘可能锋利，操作时务必佩戴防护手套，防止割伤。",
        "安装侧板时注意保持平衡，防止侧板倾倒砸伤脚部，需佩戴安全鞋。"
      ]
    },
    {
      "step_number": 3,
      "title": "安装毛刷套组件",
      "component_code": "01.09.0402",
      "component_name": "毛刷套组件-漆后",
      "drawing_number": "③",
      "connection_type": "销轴连接",
      "position_description": "将毛刷套组件③安装到主框架组件②的下部铰接点。",
      "components": [
        {
          "bom_seq": "3",
          "bom_name": "毛刷套组件-漆后",
          "quantity": 1
        }
      ],
      "fasteners": [
        {
          "bom_seq": "8",
          "bom_name": "销轴-镀锌",
          "spec": "",
          "quantity": 2,
          "torque": "",
          "node_name": [
            "NAUO8"
          ],
          "bom_code": "01.09.0406"
        },
        {
          "bom_seq": "33",
          "bom_name": "安全销",
          "spec": "Φ4.5*40",
          "quantity": 2,
          "torque": "",
          "node_name": [
            "NAUO138"
          ],
          "bom_code": "02.03.0012"
        }
      ],
      "operation": "将毛刷套组件③抬起，对准主框架②下方的铰接孔。插入2个销轴（8）进行连接。在销轴的另一端插入2个安全销（33）进行锁定。",
      "quality_check": "检查毛刷套组件是否能自由转动，安全销是否可靠锁定。",
      "estimated_time_minutes": 10,
      "safety_warnings": [
        "毛刷套组件可能较重，抬起时注意姿势，避免腰部扭伤，必要时请求协助。",
        "插入销轴时，注意手指位置，防止被组件挤压或夹伤。"
      ]
    },
    {
      "step_number": 4,
      "title": "安装毛刷固定板组",
      "component_code": "01.09.0403",
      "component_name": "毛刷固定板组-漆后",
      "drawing_number": "④",
      "connection_type": "螺栓连接",
      "position_description": "将毛刷固定板组④安装到毛刷套组件③的内部。",
      "components": [
        {
          "bom_seq": "4",
          "bom_name": "毛刷固定板组-漆后",
          "quantity": 1
        }
      ],
      "fasteners": [
        {
          "bom_seq": "20",
          "bom_name": "六角头螺栓全螺纹C级",
          "spec": "M10*45",
          "quantity": 8,
          "torque": "48N·m",
          "node_name": [
            "NAUO25"
          ],
          "bom_code": "02.03.0068"
        },
        {
          "bom_seq": "21",
          "bom_name": "平垫圈8.8级",
          "spec": "10*2",
          "quantity": 8,
          "torque": "",
          "node_name": [
            "NAUO26"
          ],
          "bom_code": "02.03.0112"
        },
        {
          "bom_seq": "22",
          "bom_name": "1型非金属嵌件六角锁紧螺母8.8级",
          "spec": "M10",
          "quantity": 8,
          "torque": "48N·m",
          "node_name": [
            "NAUO27"
          ],
          "bom_code": "02.03.0014"
        }
      ],
      "operation": "将毛刷固定板组④放入毛刷套组件③的内部，对准安装孔。使用8套M10*45螺栓（20）、平垫圈（21）和M10锁紧螺母（22）进行固定。",
      "quality_check": "检查固定板组是否居中，螺栓是否拧紧。",
      "estimated_time_minutes": 15,
      "safety_warnings": [
        "毛刷固定板组边缘可能锋利，操作时佩戴防护手套，防止割伤。",
        "在毛刷套组件内部操作时，注意头部和身体，防止碰撞受伤。"
      ]
    },
    {
      "step_number": 5,
      "title": "安装轴承座和轴承",
      "component_code": "02.19.0003/02.19.0001",
      "component_name": "深沟球轴承/带方形座轴承",
      "drawing_number": "12, 13",
      "connection_type": "螺栓连接/压装",
      "position_description": "将轴承（12）和轴承座（13）安装到毛刷固定板组④的两端。",
      "components": [
        {
          "bom_seq": "12",
          "bom_name": "深沟球轴承",
          "quantity": 1,
          "node_name": [
            "NAUO14"
          ],
          "bom_code": "02.19.0003"
        },
        {
          "bom_seq": "13",
          "bom_name": "带方形座轴承",
          "quantity": 1,
          "node_name": [
            "NAUO15"
          ],
          "bom_code": "02.19.0001"
        }
      ],
      "fasteners": [
        {
          "bom_seq": "23",
          "bom_name": "六角头螺栓全螺纹8.8级",
          "spec": "M10*35",
          "quantity": 4,
          "torque": "48N·m",
          "node_name": [
            "NAUO43"
          ],
          "bom_code": "02.03.0083"
        },
        {
          "bom_seq": "21",
          "bom_name": "平垫圈8.8级",
          "spec": "10*2",
          "quantity": 4,
          "torque": "",
          "node_name": [
            "NAUO26"
          ],
          "bom_code": "02.03.0112"
        },
        {
          "bom_seq": "24",
          "bom_name": "标准型弹性垫圈8.8级",
          "spec": "10#",
          "quantity": 4,
          "torque": "",
          "node_name": [
            "NAUO45"
          ],
          "bom_code": "02.03.0093"
        }
      ],
      "operation": "将深沟球轴承（12）压装到毛刷固定板组④的一端。将带方形座轴承（13）安装到另一端，使用4套M10*35螺栓（23）、平垫圈（21）和弹性垫圈（24）固定。",
      "quality_check": "检查轴承安装到位，轴承座螺栓拧紧。",
      "estimated_time_minutes": 15,
      "safety_warnings": [
        "进行轴承压装时，使用专用工具，严禁使用铁锤直接敲击，防止轴承破裂飞溅伤人。",
        "佩戴防护眼镜，防止压装过程中碎片飞溅。"
      ]
    },
    {
      "step_number": 6,
      "title": "安装圆形毛刷盘",
      "component_code": "02.04.0103",
      "component_name": "圆形毛刷盘",
      "drawing_number": "10",
      "connection_type": "插装",
      "position_description": "将圆形毛刷盘（10）安装到毛刷固定板组④的轴上。",
      "components": [
        {
          "bom_seq": "10",
          "bom_name": "圆形毛刷盘",
          "quantity": 38,
          "node_name": [
            "NAUO10"
          ],
          "bom_code": "02.04.0103"
        }
      ],
      "fasteners": [
        {
          "bom_seq": "9",
          "bom_name": "马达固定套镀锌后",
          "quantity": 1,
          "torque": "",
          "node_name": [
            "NAUO9"
          ],
          "bom_code": "01.09.0061"
        }
      ],
      "operation": "将38个圆形毛刷盘（10）依次套入毛刷固定板组④的轴上。最后，将马达固定套（9）安装在轴的末端，用于连接液压马达。",
      "quality_check": "检查所有毛刷盘是否安装到位，方向是否一致。",
      "estimated_time_minutes": 20,
      "safety_warnings": [
        "毛刷盘数量多，搬运时注意堆放整齐，防止滚落砸伤脚部。",
        "毛刷盘边缘可能粗糙，操作时建议佩戴薄型防护手套，防止划伤。"
      ]
    },
    {
      "step_number": 7,
      "title": "安装液压马达",
      "component_code": "02.08.02.0263",
      "component_name": "液压马达",
      "drawing_number": "11",
      "connection_type": "螺栓连接",
      "position_description": "将液压马达（11）安装到马达固定套（9）和毛刷固定板组④的端部。",
      "components": [
        {
          "bom_seq": "11",
          "bom_name": "液压马达",
          "quantity": 1
        }
      ],
      "fasteners": [
        {
          "bom_seq": "27",
          "bom_name": "六角头螺栓全螺纹8.8级",
          "spec": "M8*20",
          "quantity": 4,
          "torque": "25N·m",
          "node_name": [
            "NAUO75"
          ],
          "bom_code": "02.03.0379"
        },
        {
          "bom_seq": "26",
          "bom_name": "平垫圈8.8级",
          "spec": "8*1.6",
          "quantity": 4,
          "torque": "",
          "node_name": [
            "NAUO74"
          ],
          "bom_code": "02.03.0009"
        },
        {
          "bom_seq": "35",
          "bom_name": "标准型弹性垫圈8.8级",
          "spec": "8*2.1",
          "quantity": 4,
          "torque": "",
          "node_name": [
            "NAUO151"
          ],
          "bom_code": "02.03.0008"
        }
      ],
      "operation": "将液压马达（11）的轴与马达固定套（9）连接，并对准安装孔。使用4套M8*20螺栓（27）、平垫圈（26）和弹性垫圈（35）将马达固定在毛刷固定板组④的端部。",
      "quality_check": "检查马达安装是否平稳，螺栓是否拧紧。",
      "estimated_time_minutes": 10,
      "safety_warnings": [
        "液压马达属于重物，搬运和安装时注意重心，防止砸伤手脚，务必佩戴安全鞋。",
        "安装时，避免油口接触灰尘和杂物，防止液压系统污染。"
      ]
    },
    {
      "step_number": 8,
      "title": "安装固定板组件",
      "component_code": "01.09.0410",
      "component_name": "固定板组件-漆后",
      "drawing_number": "38",
      "connection_type": "螺栓连接",
      "position_description": "将固定板组件（38）安装到主框架组件②的顶部。",
      "components": [
        {
          "bom_seq": "38",
          "bom_name": "固定板组件-漆后",
          "quantity": 1
        }
      ],
      "fasteners": [
        {
          "bom_seq": "28",
          "bom_name": "六角头螺栓全螺纹C级",
          "spec": "M8*60",
          "quantity": 2,
          "torque": "25N·m",
          "node_name": [
            "NAUO77"
          ],
          "bom_code": "02.03.0290"
        },
        {
          "bom_seq": "26",
          "bom_name": "平垫圈8.8级",
          "spec": "8*1.6",
          "quantity": 2,
          "torque": "",
          "node_name": [
            "NAUO74"
          ],
          "bom_code": "02.03.0009"
        },
        {
          "bom_seq": "25",
          "bom_name": "1型非金属嵌件六角锁紧螺母8.8级",
          "spec": "M8",
          "quantity": 2,
          "torque": "25N·m",
          "node_name": [
            "NAUO73"
          ],
          "bom_code": "02.03.0028"
        }
      ],
      "operation": "将固定板组件（38）对准主框架②顶部的安装孔。使用2套M8*60螺栓（28）、平垫圈（26）和M8锁紧螺母（25）进行固定。",
      "quality_check": "检查固定板是否安装平整。",
      "estimated_time_minutes": 5
    },
    {
      "step_number": 9,
      "title": "安装盖板和支脚",
      "component_code": "01.09.0409/01.09.0404",
      "component_name": "盖板/支脚",
      "drawing_number": "34, 5",
      "connection_type": "螺栓连接/插销连接",
      "position_description": "安装盖板（34）覆盖马达区域，并安装支脚（5）用于支撑。",
      "components": [
        {
          "bom_seq": "34",
          "bom_name": "盖板-漆后",
          "quantity": 1,
          "node_name": [
            "NAUO148"
          ],
          "bom_code": "01.09.0409"
        },
        {
          "bom_seq": "5",
          "bom_name": "支脚-镀锌",
          "quantity": 2
        }
      ],
      "fasteners": [
        {
          "bom_seq": "27",
          "bom_name": "六角头螺栓全螺纹8.8级",
          "spec": "M8*20",
          "quantity": 2,
          "torque": "25N·m",
          "node_name": [
            "NAUO75"
          ],
          "bom_code": "02.03.0379"
        },
        {
          "bom_seq": "26",
          "bom_name": "平垫圈8.8级",
          "spec": "8*1.6",
          "quantity": 2,
          "torque": "",
          "node_name": [
            "NAUO74"
          ],
          "bom_code": "02.03.0009"
        },
        {
          "bom_seq": "25",
          "bom_name": "1型非金属嵌件六角锁紧螺母8.8级",
          "spec": "M8",
          "quantity": 2,
          "torque": "25N·m",
          "node_name": [
            "NAUO73"
          ],
          "bom_code": "02.03.0028"
        },
        {
          "bom_seq": "7",
          "bom_name": "插销-镀锌",
          "quantity": 2,
          "torque": "",
          "node_name": [
            "NAUO7"
          ],
          "bom_code": "01.09.0405"
        }
      ],
      "operation": "1. 将盖板（34）安装在主框架②的马达上方，使用2套M8*20螺栓（27）、平垫圈（26）和M8锁紧螺母（25）固定。2. 将2个支脚（5）插入主框架下方的支脚孔中，并用2个插销（7）锁定。",
      "quality_check": "检查盖板是否覆盖严密，支脚是否能可靠锁定。",
      "estimated_time_minutes": 10
    },
    {
      "step_number": 10,
      "title": "安装附件和贴标",
      "component_code": "01.09.1145/02.08.05.0004",
      "component_name": "旋转定位销组件/压注油杯/不干胶",
      "drawing_number": "6, 29, 30, 31, 32",
      "connection_type": "螺栓连接/压装/粘贴",
      "position_description": "安装旋转定位销组件（6）、压注油杯（29）和所有警告/标识不干胶（30, 31, 32）。",
      "components": [
        {
          "bom_seq": "6",
          "bom_name": "旋转定位销组件-镀锌",
          "quantity": 2
        }
      ],
      "fasteners": [
        {
          "bom_seq": "29",
          "bom_name": "直通式压注油杯",
          "spec": "M8",
          "quantity": 1,
          "torque": "",
          "node_name": [
            "NAUO90"
          ],
          "bom_code": "02.08.05.0004"
        },
        {
          "bom_seq": "30",
          "bom_name": "不干胶(120*60)",
          "quantity": 1,
          "torque": ""
        },
        {
          "bom_seq": "31",
          "bom_name": "不干胶(100*100)",
          "quantity": 2,
          "torque": "",
          "node_name": [
            "NAUO134"
          ],
          "bom_code": "02.21.0112"
        },
        {
          "bom_seq": "32",
          "bom_name": "不干胶(100*80)",
          "quantity": 2,
          "torque": "",
          "node_name": [
            "NAUO136"
          ],
          "bom_code": "02.21.0109"
        }
      ],
      "operation": "1. 将2个旋转定位销组件（6）安装到主框架②的相应孔位。2. 将1个压注油杯（29）拧入指定位置。3. 按照图纸要求，将所有不干胶（30, 31, 32）粘贴到主框架和侧板的指定位置。",
      "quality_check": "检查所有附件是否安装到位，油杯是否拧紧，不干胶粘贴是否平整、无气泡。",
      "estimated_time_minutes": 10
    }
  ],
  "raw_result": {
    "product_name": "滑移清扫器（斜角型）",
    "total_steps": 10,
    "visual_analysis": {
      "base_component_drawing_number": "②",
      "assembly_sequence_reasoning": "基准组件是主框架组件②，所有其他组件都安装在它上面。首先应安装挂架组件①，然后安装两侧的侧板组件，接着安装毛刷组件和传动系统，最后安装盖板和附件。"
    },
    "assembly_steps": [
      {
        "step_number": 1,
        "title": "安装挂架组件",
        "component_code": "01.09.2154",
        "component_name": "挂架组件-漆后",
        "drawing_number": "①",
        "connection_type": "螺栓连接",
        "position_description": "将挂架组件①安装到主框架组件②的顶部连接座上。",
        "components": [
          {
            "bom_seq": "1",
            "bom_name": "挂架组件-漆后",
            "quantity": 1
          },
          {
            "bom_seq": "2",
            "bom_name": "主框架组件-漆后",
            "quantity": 1
          }
        ],
        "fasteners": [
          {
            "bom_seq": "16",
            "bom_name": "六角头螺栓全螺纹8.8级",
            "spec": "M14*70",
            "quantity": 6,
            "torque": "120N·m",
            "node_name": [
              "NAUO18"
            ],
            "bom_code": "02.03.0241"
          },
          {
            "bom_seq": "14",
            "bom_name": "平垫圈8.8级",
            "spec": "14*2.5",
            "quantity": 6,
            "torque": "",
            "node_name": [
              "NAUO16"
            ],
            "bom_code": "02.03.0169"
          },
          {
            "bom_seq": "15",
            "bom_name": "标准型弹性垫圈8.8级",
            "spec": "14#",
            "quantity": 6,
            "torque": "",
            "node_name": [
              "NAUO17"
            ],
            "bom_code": "02.03.0073"
          }
        ],
        "operation": "将挂架组件①对准主框架组件②顶部的安装孔。使用6套M14*70螺栓（16）、平垫圈（14）和弹性垫圈（15）进行连接。均匀拧紧螺栓，确保挂架与主框架紧密贴合。",
        "quality_check": "检查挂架与主框架的连接是否牢固，螺栓是否达到规定扭矩。",
        "estimated_time_minutes": 15
      },
      {
        "step_number": 2,
        "title": "安装左右侧板组件",
        "component_code": "01.09.0407/01.09.0408",
        "component_name": "左/右侧板组件-漆后",
        "drawing_number": "36, 37",
        "connection_type": "螺栓连接",
        "position_description": "将左侧板组件（36）和右侧板组件（37）分别安装到主框架组件②的两侧。",
        "components": [
          {
            "bom_seq": "36",
            "bom_name": "左侧板组件-漆后",
            "quantity": 1
          },
          {
            "bom_seq": "37",
            "bom_name": "右侧板组件-漆后",
            "quantity": 1
          }
        ],
        "fasteners": [
          {
            "bom_seq": "17",
            "bom_name": "六角头螺栓全螺纹8.8级",
            "spec": "M12*35",
            "quantity": 6,
            "torque": "77N·m",
            "node_name": [
              "NAUO19"
            ],
            "bom_code": "02.03.0042"
          },
          {
            "bom_seq": "18",
            "bom_name": "平垫圈8.8级",
            "spec": "12*2.5",
            "quantity": 6,
            "torque": "",
            "node_name": [
              "NAUO20"
            ],
            "bom_code": "02.03.0132"
          },
          {
            "bom_seq": "19",
            "bom_name": "1型非金属嵌件六角锁紧螺母8.8级",
            "spec": "M12",
            "quantity": 6,
            "torque": "77N·m",
            "node_name": [
              "NAUO21"
            ],
            "bom_code": "02.03.0054"
          }
        ],
        "operation": "将左侧板组件（36）和右侧板组件（37）分别对准主框架②两侧的安装孔。使用6套M12*35螺栓（17）、平垫圈（18）和M12锁紧螺母（19）进行连接。注意两侧同步安装，并确保侧板与主框架垂直。",
        "quality_check": "检查侧板安装位置是否正确，螺栓是否拧紧。",
        "estimated_time_minutes": 10
      },
      {
        "step_number": 3,
        "title": "安装毛刷套组件",
        "component_code": "01.09.0402",
        "component_name": "毛刷套组件-漆后",
        "drawing_number": "③",
        "connection_type": "销轴连接",
        "position_description": "将毛刷套组件③安装到主框架组件②的下部铰接点。",
        "components": [
          {
            "bom_seq": "3",
            "bom_name": "毛刷套组件-漆后",
            "quantity": 1
          }
        ],
        "fasteners": [
          {
            "bom_seq": "8",
            "bom_name": "销轴-镀锌",
            "spec": "",
            "quantity": 2,
            "torque": "",
            "node_name": [
              "NAUO8"
            ],
            "bom_code": "01.09.0406"
          },
          {
            "bom_seq": "33",
            "bom_name": "安全销",
            "spec": "Φ4.5*40",
            "quantity": 2,
            "torque": "",
            "node_name": [
              "NAUO138"
            ],
            "bom_code": "02.03.0012"
          }
        ],
        "operation": "将毛刷套组件③抬起，对准主框架②下方的铰接孔。插入2个销轴（8）进行连接。在销轴的另一端插入2个安全销（33）进行锁定。",
        "quality_check": "检查毛刷套组件是否能自由转动，安全销是否可靠锁定。",
        "estimated_time_minutes": 10
      },
      {
        "step_number": 4,
        "title": "安装毛刷固定板组",
        "component_code": "01.09.0403",
        "component_name": "毛刷固定板组-漆后",
        "drawing_number": "④",
        "connection_type": "螺栓连接",
        "position_description": "将毛刷固定板组④安装到毛刷套组件③的内部。",
        "components": [
          {
            "bom_seq": "4",
            "bom_name": "毛刷固定板组-漆后",
            "quantity": 1
          }
        ],
        "fasteners": [
          {
            "bom_seq": "20",
            "bom_name": "六角头螺栓全螺纹C级",
            "spec": "M10*45",
            "quantity": 8,
            "torque": "48N·m",
            "node_name": [
              "NAUO25"
            ],
            "bom_code": "02.03.0068"
          },
          {
            "bom_seq": "21",
            "bom_name": "平垫圈8.8级",
            "spec": "10*2",
            "quantity": 8,
            "torque": "",
            "node_name": [
              "NAUO26"
            ],
            "bom_code": "02.03.0112"
          },
          {
            "bom_seq": "22",
            "bom_name": "1型非金属嵌件六角锁紧螺母8.8级",
            "spec": "M10",
            "quantity": 8,
            "torque": "48N·m",
            "node_name": [
              "NAUO27"
            ],
            "bom_code": "02.03.0014"
          }
        ],
        "operation": "将毛刷固定板组④放入毛刷套组件③的内部，对准安装孔。使用8套M10*45螺栓（20）、平垫圈（21）和M10锁紧螺母（22）进行固定。",
        "quality_check": "检查固定板组是否居中，螺栓是否拧紧。",
        "estimated_time_minutes": 15
      },
      {
        "step_number": 5,
        "title": "安装轴承座和轴承",
        "component_code": "02.19.0003/02.19.0001",
        "component_name": "深沟球轴承/带方形座轴承",
        "drawing_number": "12, 13",
        "connection_type": "螺栓连接/压装",
        "position_description": "将轴承（12）和轴承座（13）安装到毛刷固定板组④的两端。",
        "components": [
          {
            "bom_seq": "12",
            "bom_name": "深沟球轴承",
            "quantity": 1,
            "node_name": [
              "NAUO14"
            ],
            "bom_code": "02.19.0003"
          },
          {
            "bom_seq": "13",
            "bom_name": "带方形座轴承",
            "quantity": 1,
            "node_name": [
              "NAUO15"
            ],
            "bom_code": "02.19.0001"
          }
        ],
        "fasteners": [
          {
            "bom_seq": "23",
            "bom_name": "六角头螺栓全螺纹8.8级",
            "spec": "M10*35",
            "quantity": 4,
            "torque": "48N·m",
            "node_name": [
              "NAUO43"
            ],
            "bom_code": "02.03.0083"
          },
          {
            "bom_seq": "21",
            "bom_name": "平垫圈8.8级",
            "spec": "10*2",
            "quantity": 4,
            "torque": "",
            "node_name": [
              "NAUO26"
            ],
            "bom_code": "02.03.0112"
          },
          {
            "bom_seq": "24",
            "bom_name": "标准型弹性垫圈8.8级",
            "spec": "10#",
            "quantity": 4,
            "torque": "",
            "node_name": [
              "NAUO45"
            ],
            "bom_code": "02.03.0093"
          }
        ],
        "operation": "将深沟球轴承（12）压装到毛刷固定板组④的一端。将带方形座轴承（13）安装到另一端，使用4套M10*35螺栓（23）、平垫圈（21）和弹性垫圈（24）固定。",
        "quality_check": "检查轴承安装到位，轴承座螺栓拧紧。",
        "estimated_time_minutes": 15
      },
      {
        "step_number": 6,
        "title": "安装圆形毛刷盘",
        "component_code": "02.04.0103",
        "component_name": "圆形毛刷盘",
        "drawing_number": "10",
        "connection_type": "插装",
        "position_description": "将圆形毛刷盘（10）安装到毛刷固定板组④的轴上。",
        "components": [
          {
            "bom_seq": "10",
            "bom_name": "圆形毛刷盘",
            "quantity": 38,
            "node_name": [
              "NAUO10"
            ],
            "bom_code": "02.04.0103"
          }
        ],
        "fasteners": [
          {
            "bom_seq": "9",
            "bom_name": "马达固定套镀锌后",
            "quantity": 1,
            "torque": "",
            "node_name": [
              "NAUO9"
            ],
            "bom_code": "01.09.0061"
          }
        ],
        "operation": "将38个圆形毛刷盘（10）依次套入毛刷固定板组④的轴上。最后，将马达固定套（9）安装在轴的末端，用于连接液压马达。",
        "quality_check": "检查所有毛刷盘是否安装到位，方向是否一致。",
        "estimated_time_minutes": 20
      },
      {
        "step_number": 7,
        "title": "安装液压马达",
        "component_code": "02.08.02.0263",
        "component_name": "液压马达",
        "drawing_number": "11",
        "connection_type": "螺栓连接",
        "position_description": "将液压马达（11）安装到马达固定套（9）和毛刷固定板组④的端部。",
        "components": [
          {
            "bom_seq": "11",
            "bom_name": "液压马达",
            "quantity": 1
          }
        ],
        "fasteners": [
          {
            "bom_seq": "27",
            "bom_name": "六角头螺栓全螺纹8.8级",
            "spec": "M8*20",
            "quantity": 4,
            "torque": "25N·m",
            "node_name": [
              "NAUO75"
            ],
            "bom_code": "02.03.0379"
          },
          {
            "bom_seq": "26",
            "bom_name": "平垫圈8.8级",
            "spec": "8*1.6",
            "quantity": 4,
            "torque": "",
            "node_name": [
              "NAUO74"
            ],
            "bom_code": "02.03.0009"
          },
          {
            "bom_seq": "35",
            "bom_name": "标准型弹性垫圈8.8级",
            "spec": "8*2.1",
            "quantity": 4,
            "torque": "",
            "node_name": [
              "NAUO151"
            ],
            "bom_code": "02.03.0008"
          }
        ],
        "operation": "将液压马达（11）的轴与马达固定套（9）连接，并对准安装孔。使用4套M8*20螺栓（27）、平垫圈（26）和弹性垫圈（35）将马达固定在毛刷固定板组④的端部。",
        "quality_check": "检查马达安装是否平稳，螺栓是否拧紧。",
        "estimated_time_minutes": 10
      },
      {
        "step_number": 8,
        "title": "安装固定板组件",
        "component_code": "01.09.0410",
        "component_name": "固定板组件-漆后",
        "drawing_number": "38",
        "connection_type": "螺栓连接",
        "position_description": "将固定板组件（38）安装到主框架组件②的顶部。",
        "components": [
          {
            "bom_seq": "38",
            "bom_name": "固定板组件-漆后",
            "quantity": 1
          }
        ],
        "fasteners": [
          {
            "bom_seq": "28",
            "bom_name": "六角头螺栓全螺纹C级",
            "spec": "M8*60",
            "quantity": 2,
            "torque": "25N·m",
            "node_name": [
              "NAUO77"
            ],
            "bom_code": "02.03.0290"
          },
          {
            "bom_seq": "26",
            "bom_name": "平垫圈8.8级",
            "spec": "8*1.6",
            "quantity": 2,
            "torque": "",
            "node_name": [
              "NAUO74"
            ],
            "bom_code": "02.03.0009"
          },
          {
            "bom_seq": "25",
            "bom_name": "1型非金属嵌件六角锁紧螺母8.8级",
            "spec": "M8",
            "quantity": 2,
            "torque": "25N·m",
            "node_name": [
              "NAUO73"
            ],
            "bom_code": "02.03.0028"
          }
        ],
        "operation": "将固定板组件（38）对准主框架②顶部的安装孔。使用2套M8*60螺栓（28）、平垫圈（26）和M8锁紧螺母（25）进行固定。",
        "quality_check": "检查固定板是否安装平整。",
        "estimated_time_minutes": 5
      },
      {
        "step_number": 9,
        "title": "安装盖板和支脚",
        "component_code": "01.09.0409/01.09.0404",
        "component_name": "盖板/支脚",
        "drawing_number": "34, 5",
        "connection_type": "螺栓连接/插销连接",
        "position_description": "安装盖板（34）覆盖马达区域，并安装支脚（5）用于支撑。",
        "components": [
          {
            "bom_seq": "34",
            "bom_name": "盖板-漆后",
            "quantity": 1,
            "node_name": [
              "NAUO148"
            ],
            "bom_code": "01.09.0409"
          },
          {
            "bom_seq": "5",
            "bom_name": "支脚-镀锌",
            "quantity": 2
          }
        ],
        "fasteners": [
          {
            "bom_seq": "27",
            "bom_name": "六角头螺栓全螺纹8.8级",
            "spec": "M8*20",
            "quantity": 2,
            "torque": "25N·m",
            "node_name": [
              "NAUO75"
            ],
            "bom_code": "02.03.0379"
          },
          {
            "bom_seq": "26",
            "bom_name": "平垫圈8.8级",
            "spec": "8*1.6",
            "quantity": 2,
            "torque": "",
            "node_name": [
              "NAUO74"
            ],
            "bom_code": "02.03.0009"
          },
          {
            "bom_seq": "25",
            "bom_name": "1型非金属嵌件六角锁紧螺母8.8级",
            "spec": "M8",
            "quantity": 2,
            "torque": "25N·m",
            "node_name": [
              "NAUO73"
            ],
            "bom_code": "02.03.0028"
          },
          {
            "bom_seq": "7",
            "bom_name": "插销-镀锌",
            "quantity": 2,
            "torque": "",
            "node_name": [
              "NAUO7"
            ],
            "bom_code": "01.09.0405"
          }
        ],
        "operation": "1. 将盖板（34）安装在主框架②的马达上方，使用2套M8*20螺栓（27）、平垫圈（26）和M8锁紧螺母（25）固定。2. 将2个支脚（5）插入主框架下方的支脚孔中，并用2个插销（7）锁定。",
        "quality_check": "检查盖板是否覆盖严密，支脚是否能可靠锁定。",
        "estimated_time_minutes": 10
      },
      {
        "step_number": 10,
        "title": "安装附件和贴标",
        "component_code": "01.09.1145/02.08.05.0004",
        "component_name": "旋转定位销组件/压注油杯/不干胶",
        "drawing_number": "6, 29, 30, 31, 32",
        "connection_type": "螺栓连接/压装/粘贴",
        "position_description": "安装旋转定位销组件（6）、压注油杯（29）和所有警告/标识不干胶（30, 31, 32）。",
        "components": [
          {
            "bom_seq": "6",
            "bom_name": "旋转定位销组件-镀锌",
            "quantity": 2
          }
        ],
        "fasteners": [
          {
            "bom_seq": "29",
            "bom_name": "直通式压注油杯",
            "spec": "M8",
            "quantity": 1,
            "torque": "",
            "node_name": [
              "NAUO90"
            ],
            "bom_code": "02.08.05.0004"
          },
          {
            "bom_seq": "30",
            "bom_name": "不干胶(120*60)",
            "quantity": 1,
            "torque": ""
          },
          {
            "bom_seq": "31",
            "bom_name": "不干胶(100*100)",
            "quantity": 2,
            "torque": "",
            "node_name": [
              "NAUO134"
            ],
            "bom_code": "02.21.0112"
          },
          {
            "bom_seq": "32",
            "bom_name": "不干胶(100*80)",
            "quantity": 2,
            "torque": "",
            "node_name": [
              "NAUO136"
            ],
            "bom_code": "02.21.0109"
          }
        ],
        "operation": "1. 将2个旋转定位销组件（6）安装到主框架②的相应孔位。2. 将1个压注油杯（29）拧入指定位置。3. 按照图纸要求，将所有不干胶（30, 31, 32）粘贴到主框架和侧板的指定位置。",
        "quality_check": "检查所有附件是否安装到位，油杯是否拧紧，不干胶粘贴是否平整、无气泡。",
        "estimated_time_minutes": 10
      }
    ]
  }
}