[
  {
    "success": true,
    "component_code": "01.09.2154",
    "component_name": "挂架组件-漆后",
    "assembly_steps": [
      {
        "step_number": 1,
        "title": "安装基准方管和中连接板",
        "action": "拼装与点焊",
        "description": "将图纸上标注为①的方管（FG-T5*80*80-1134-Q345）平放在焊接平台上作为基准件。将两块图纸上标注为④的中连接板（S-RB1830-03-03-Q345）分别放置在①号方管的内部两侧，根据图纸尺寸（如410mm中心距）定位，并进行点焊固定。",
        "position_description": "④号中连接板位于①号方管内部，两侧对称。",
        "parts_used": [
          {
            "bom_seq": "1",
            "bom_name": "方管",
            "quantity": 2,
            "drawing_number": "1",
            "node_name": [
              "NAUO1"
            ],
            "bom_code": "01.01.03.0692"
          },
          {
            "bom_seq": "4",
            "bom_name": "中连接板",
            "quantity": 2,
            "drawing_number": "4",
            "node_name": [
              "NAUO7"
            ],
            "bom_code": "01.02.01.3875"
          }
        ],
        "tools": [
          "焊接平台",
          "卷尺",
          "角尺",
          "点焊机"
        ],
        "warnings": [
          "确保①号方管水平放置，④号中连接板定位准确，避免后续尺寸偏差。",
          "点焊牢固，防止移动。"
        ],
        "estimated_time_minutes": 15
      },
      {
        "step_number": 2,
        "title": "安装两侧方管",
        "action": "拼装与点焊",
        "description": "将两根图纸上标注为②的方管（FG-T5*80*80-318-Q345）分别垂直焊接到①号方管的两端，并与已点焊的④号中连接板对齐。确保②号方管与①号方管垂直度良好。",
        "position_description": "②号方管垂直于①号方管，位于两端。",
        "parts_used": [
          {
            "bom_seq": "2",
            "bom_name": "方管",
            "quantity": 2,
            "drawing_number": "2",
            "node_name": [
              "NAUO3"
            ],
            "bom_code": "01.01.03.0693"
          }
        ],
        "tools": [
          "角尺",
          "点焊机",
          "水平仪"
        ],
        "warnings": [
          "使用角尺检查垂直度，确保结构方正。",
          "点焊位置应避开后续满焊区域。"
        ],
        "estimated_time_minutes": 10
      },
      {
        "step_number": 3,
        "title": "安装中侧板和方形板",
        "action": "拼装与点焊",
        "description": "将两块图纸上标注为③的中侧板（S-RB1830-03-02-Q345）分别焊接到两侧②号方管的内侧。将图纸上标注为⑤的方形板-机加（S-RB1830-03-04-Q345）焊接到④号中连接板的下方中心位置。",
        "position_description": "③号中侧板位于②号方管内侧；⑤号方形板位于④号中连接板下方。",
        "parts_used": [
          {
            "bom_seq": "3",
            "bom_name": "中侧板",
            "quantity": 2,
            "drawing_number": "3",
            "node_name": [
              "NAUO5"
            ],
            "bom_code": "01.01.01.4792"
          },
          {
            "bom_seq": "5",
            "bom_name": "方形板-机加",
            "quantity": 1,
            "drawing_number": "5",
            "node_name": [
              "NAUO9"
            ],
            "bom_code": "01.02.01.3876"
          }
        ],
        "tools": [
          "点焊机",
          "卷尺"
        ],
        "warnings": [
          "③号中侧板的安装高度和位置需与图纸尺寸严格一致。",
          "⑤号方形板-机加是关键定位件，注意其方向和中心线对齐。"
        ],
        "estimated_time_minutes": 15
      },
      {
        "step_number": 4,
        "title": "安装左/右连接器板和轴套",
        "action": "拼装与点焊",
        "description": "将图纸上标注为⑦的左连接器板（S-LP1730(68IN)-MP1140-LT-01-06-Q460）和⑩的右连接器板（S-LP1730(68IN)-MP1140-LT-01-08-Q460）分别焊接到组件的两侧。将图纸上标注为⑥的轴套（S-RB1830-03-07-Q235）焊接到⑤号方形板-机加的中心孔位上。",
        "position_description": "⑦号和⑩号连接器板分别位于组件左右两侧；⑥号轴套位于⑤号方形板的中心。",
        "parts_used": [
          {
            "bom_seq": "7",
            "bom_name": "左连接器板",
            "quantity": 1,
            "drawing_number": "7",
            "node_name": [
              "NAUO11"
            ],
            "bom_code": "01.01.01.11589"
          },
          {
            "bom_seq": "10",
            "bom_name": "右连接器板",
            "quantity": 1,
            "drawing_number": "10",
            "node_name": [
              "NAUO14"
            ],
            "bom_code": "01.01.01.11591"
          },
          {
            "bom_seq": "6",
            "bom_name": "轴套",
            "quantity": 1,
            "drawing_number": "6",
            "node_name": [
              "NAUO10"
            ],
            "bom_code": "01.02.02.0446"
          }
        ],
        "tools": [
          "点焊机",
          "游标卡尺"
        ],
        "warnings": [
          "轴套⑥的焊接必须保证垂直度，且不能堵塞内孔。",
          "⑦号和⑩号连接器板的安装方向和角度必须正确，确保后续连接功能。"
        ],
        "estimated_time_minutes": 20
      },
      {
        "step_number": 5,
        "title": "安装上挂板和方形板",
        "action": "拼装与点焊",
        "description": "将图纸上标注为⑧的上挂板（S-LP1730(68IN)-MP1140-LT-01-07-Q460）焊接到组件的顶部中心位置。将两块图纸上标注为⑨的方形板-机加（S-LP1730(68IN)-MP1140-LT-01-10-Q460）焊接到上挂板⑧的两侧。",
        "position_description": "⑧号上挂板位于组件顶部中心；⑨号方形板位于⑧号上挂板两侧。",
        "parts_used": [
          {
            "bom_seq": "8",
            "bom_name": "上挂板",
            "quantity": 1,
            "drawing_number": "8",
            "node_name": [
              "NAUO12"
            ],
            "bom_code": "01.01.01.11590"
          },
          {
            "bom_seq": "9",
            "bom_name": "方形板-机加",
            "quantity": 2,
            "drawing_number": "9",
            "node_name": [
              "NAUO13"
            ],
            "bom_code": "01.01.01.11593"
          }
        ],
        "tools": [
          "点焊机",
          "卷尺"
        ],
        "warnings": [
          "上挂板⑧是受力件，定位必须准确，确保与主体结构接触面紧密。"
        ],
        "estimated_time_minutes": 10
      },
      {
        "step_number": 6,
        "title": "安装三角板和方形板",
        "action": "拼装与点焊",
        "description": "将四块图纸上标注为⑪的三角板（SJB-T8*64*37-Q355B）分别焊接到组件的四个角部，作为加强筋。将四块图纸上标注为⑫的方形板（FXB-T6*75*75-Q235）焊接到组件的底部，作为支撑或借用件。",
        "position_description": "⑪号三角板位于四个角部；⑫号方形板位于底部。",
        "parts_used": [
          {
            "bom_seq": "11",
            "bom_name": "三角板",
            "quantity": 4,
            "drawing_number": "11",
            "node_name": [
              "NAUO16"
            ],
            "bom_code": "01.01.01.11626"
          },
          {
            "bom_seq": "12",
            "bom_name": "方形板",
            "quantity": 4,
            "drawing_number": "12",
            "node_name": [
              "NAUO20"
            ],
            "bom_code": "01.01.01.3941"
          }
        ],
        "tools": [
          "点焊机",
          "夹具"
        ],
        "warnings": [
          "⑪号三角板的焊接角度必须准确，保证加强效果。",
          "⑫号方形板的定位需参照图纸尺寸，确保平整度。"
        ],
        "estimated_time_minutes": 15
      },
      {
        "step_number": 7,
        "title": "安装防滑板并满焊",
        "action": "拼装与满焊",
        "description": "将两块图纸上标注为⑬的防滑板（S-EDGP1630-DR-01-10-Q235）焊接到组件的底部两侧。完成所有零件的点焊后，按照技术要求，选择合理的焊接顺序对所有连接部位进行满焊。",
        "position_description": "⑬号防滑板位于组件底部两侧。",
        "parts_used": [
          {
            "bom_seq": "13",
            "bom_name": "防滑板",
            "quantity": 2,
            "drawing_number": "13",
            "node_name": [
              "NAUO24"
            ],
            "bom_code": "01.01.01.0517"
          }
        ],
        "tools": [
          "焊机",
          "焊钳",
          "焊渣锤"
        ],
        "warnings": [
          "满焊时注意控制热变形，采用对称、分段、跳焊等方法。",
          "焊接完成后，必须去除所有焊渣和飞溅物。"
        ],
        "estimated_time_minutes": 45
      }
    ],
    "raw_result": {
      "component_code": "01.09.2154",
      "component_name": "挂架组件-漆后",
      "visual_analysis": {
        "base_part_drawing_number": "1",
        "assembly_sequence_reasoning": "该组件主要由焊接连接构成，应遵循先主后次、由内到外的原则。首先以最长的方管（1号）作为基准，依次安装其他方管（2号）和主要连接板（4号、3号），最后安装功能性小板件（5号、6号、7号、8号、9号、10号、11号、12号、13号）。"
      },
      "total_steps": 7,
      "bom_coverage": {
        "total_bom_parts": 13,
        "used_bom_parts": 13,
        "coverage_rate": 100,
        "missing_parts": []
      },
      "assembly_steps": [
        {
          "step_number": 1,
          "title": "安装基准方管和中连接板",
          "action": "拼装与点焊",
          "description": "将图纸上标注为①的方管（FG-T5*80*80-1134-Q345）平放在焊接平台上作为基准件。将两块图纸上标注为④的中连接板（S-RB1830-03-03-Q345）分别放置在①号方管的内部两侧，根据图纸尺寸（如410mm中心距）定位，并进行点焊固定。",
          "position_description": "④号中连接板位于①号方管内部，两侧对称。",
          "parts_used": [
            {
              "bom_seq": "1",
              "bom_name": "方管",
              "quantity": 2,
              "drawing_number": "1",
              "node_name": [
                "NAUO1"
              ],
              "bom_code": "01.01.03.0692"
            },
            {
              "bom_seq": "4",
              "bom_name": "中连接板",
              "quantity": 2,
              "drawing_number": "4",
              "node_name": [
                "NAUO7"
              ],
              "bom_code": "01.02.01.3875"
            }
          ],
          "tools": [
            "焊接平台",
            "卷尺",
            "角尺",
            "点焊机"
          ],
          "warnings": [
            "确保①号方管水平放置，④号中连接板定位准确，避免后续尺寸偏差。",
            "点焊牢固，防止移动。"
          ],
          "estimated_time_minutes": 15
        },
        {
          "step_number": 2,
          "title": "安装两侧方管",
          "action": "拼装与点焊",
          "description": "将两根图纸上标注为②的方管（FG-T5*80*80-318-Q345）分别垂直焊接到①号方管的两端，并与已点焊的④号中连接板对齐。确保②号方管与①号方管垂直度良好。",
          "position_description": "②号方管垂直于①号方管，位于两端。",
          "parts_used": [
            {
              "bom_seq": "2",
              "bom_name": "方管",
              "quantity": 2,
              "drawing_number": "2",
              "node_name": [
                "NAUO3"
              ],
              "bom_code": "01.01.03.0693"
            }
          ],
          "tools": [
            "角尺",
            "点焊机",
            "水平仪"
          ],
          "warnings": [
            "使用角尺检查垂直度，确保结构方正。",
            "点焊位置应避开后续满焊区域。"
          ],
          "estimated_time_minutes": 10
        },
        {
          "step_number": 3,
          "title": "安装中侧板和方形板",
          "action": "拼装与点焊",
          "description": "将两块图纸上标注为③的中侧板（S-RB1830-03-02-Q345）分别焊接到两侧②号方管的内侧。将图纸上标注为⑤的方形板-机加（S-RB1830-03-04-Q345）焊接到④号中连接板的下方中心位置。",
          "position_description": "③号中侧板位于②号方管内侧；⑤号方形板位于④号中连接板下方。",
          "parts_used": [
            {
              "bom_seq": "3",
              "bom_name": "中侧板",
              "quantity": 2,
              "drawing_number": "3",
              "node_name": [
                "NAUO5"
              ],
              "bom_code": "01.01.01.4792"
            },
            {
              "bom_seq": "5",
              "bom_name": "方形板-机加",
              "quantity": 1,
              "drawing_number": "5",
              "node_name": [
                "NAUO9"
              ],
              "bom_code": "01.02.01.3876"
            }
          ],
          "tools": [
            "点焊机",
            "卷尺"
          ],
          "warnings": [
            "③号中侧板的安装高度和位置需与图纸尺寸严格一致。",
            "⑤号方形板-机加是关键定位件，注意其方向和中心线对齐。"
          ],
          "estimated_time_minutes": 15
        },
        {
          "step_number": 4,
          "title": "安装左/右连接器板和轴套",
          "action": "拼装与点焊",
          "description": "将图纸上标注为⑦的左连接器板（S-LP1730(68IN)-MP1140-LT-01-06-Q460）和⑩的右连接器板（S-LP1730(68IN)-MP1140-LT-01-08-Q460）分别焊接到组件的两侧。将图纸上标注为⑥的轴套（S-RB1830-03-07-Q235）焊接到⑤号方形板-机加的中心孔位上。",
          "position_description": "⑦号和⑩号连接器板分别位于组件左右两侧；⑥号轴套位于⑤号方形板的中心。",
          "parts_used": [
            {
              "bom_seq": "7",
              "bom_name": "左连接器板",
              "quantity": 1,
              "drawing_number": "7",
              "node_name": [
                "NAUO11"
              ],
              "bom_code": "01.01.01.11589"
            },
            {
              "bom_seq": "10",
              "bom_name": "右连接器板",
              "quantity": 1,
              "drawing_number": "10",
              "node_name": [
                "NAUO14"
              ],
              "bom_code": "01.01.01.11591"
            },
            {
              "bom_seq": "6",
              "bom_name": "轴套",
              "quantity": 1,
              "drawing_number": "6",
              "node_name": [
                "NAUO10"
              ],
              "bom_code": "01.02.02.0446"
            }
          ],
          "tools": [
            "点焊机",
            "游标卡尺"
          ],
          "warnings": [
            "轴套⑥的焊接必须保证垂直度，且不能堵塞内孔。",
            "⑦号和⑩号连接器板的安装方向和角度必须正确，确保后续连接功能。"
          ],
          "estimated_time_minutes": 20
        },
        {
          "step_number": 5,
          "title": "安装上挂板和方形板",
          "action": "拼装与点焊",
          "description": "将图纸上标注为⑧的上挂板（S-LP1730(68IN)-MP1140-LT-01-07-Q460）焊接到组件的顶部中心位置。将两块图纸上标注为⑨的方形板-机加（S-LP1730(68IN)-MP1140-LT-01-10-Q460）焊接到上挂板⑧的两侧。",
          "position_description": "⑧号上挂板位于组件顶部中心；⑨号方形板位于⑧号上挂板两侧。",
          "parts_used": [
            {
              "bom_seq": "8",
              "bom_name": "上挂板",
              "quantity": 1,
              "drawing_number": "8",
              "node_name": [
                "NAUO12"
              ],
              "bom_code": "01.01.01.11590"
            },
            {
              "bom_seq": "9",
              "bom_name": "方形板-机加",
              "quantity": 2,
              "drawing_number": "9",
              "node_name": [
                "NAUO13"
              ],
              "bom_code": "01.01.01.11593"
            }
          ],
          "tools": [
            "点焊机",
            "卷尺"
          ],
          "warnings": [
            "上挂板⑧是受力件，定位必须准确，确保与主体结构接触面紧密。"
          ],
          "estimated_time_minutes": 10
        },
        {
          "step_number": 6,
          "title": "安装三角板和方形板",
          "action": "拼装与点焊",
          "description": "将四块图纸上标注为⑪的三角板（SJB-T8*64*37-Q355B）分别焊接到组件的四个角部，作为加强筋。将四块图纸上标注为⑫的方形板（FXB-T6*75*75-Q235）焊接到组件的底部，作为支撑或借用件。",
          "position_description": "⑪号三角板位于四个角部；⑫号方形板位于底部。",
          "parts_used": [
            {
              "bom_seq": "11",
              "bom_name": "三角板",
              "quantity": 4,
              "drawing_number": "11",
              "node_name": [
                "NAUO16"
              ],
              "bom_code": "01.01.01.11626"
            },
            {
              "bom_seq": "12",
              "bom_name": "方形板",
              "quantity": 4,
              "drawing_number": "12",
              "node_name": [
                "NAUO20"
              ],
              "bom_code": "01.01.01.3941"
            }
          ],
          "tools": [
            "点焊机",
            "夹具"
          ],
          "warnings": [
            "⑪号三角板的焊接角度必须准确，保证加强效果。",
            "⑫号方形板的定位需参照图纸尺寸，确保平整度。"
          ],
          "estimated_time_minutes": 15
        },
        {
          "step_number": 7,
          "title": "安装防滑板并满焊",
          "action": "拼装与满焊",
          "description": "将两块图纸上标注为⑬的防滑板（S-EDGP1630-DR-01-10-Q235）焊接到组件的底部两侧。完成所有零件的点焊后，按照技术要求，选择合理的焊接顺序对所有连接部位进行满焊。",
          "position_description": "⑬号防滑板位于组件底部两侧。",
          "parts_used": [
            {
              "bom_seq": "13",
              "bom_name": "防滑板",
              "quantity": 2,
              "drawing_number": "13",
              "node_name": [
                "NAUO24"
              ],
              "bom_code": "01.01.01.0517"
            }
          ],
          "tools": [
            "焊机",
            "焊钳",
            "焊渣锤"
          ],
          "warnings": [
            "满焊时注意控制热变形，采用对称、分段、跳焊等方法。",
            "焊接完成后，必须去除所有焊渣和飞溅物。"
          ],
          "estimated_time_minutes": 45
        }
      ],
      "quality_checks": [
        "检查所有方管和板件的垂直度、平行度，确保符合图纸公差要求。",
        "检查所有焊缝是否连续、饱满，无虚焊、漏焊等缺陷。",
        "检查轴套（⑥）的内孔是否清洁，无焊渣堵塞。",
        "检查锐边、锐角是否按要求倒钝或倒角。",
        "测量组件总长、总宽、总高尺寸，确保在公差范围内。"
      ],
      "estimated_time_minutes": 130
    },
    "assembly_order": 3,
    "drawing_index": 1
  },
  {
    "success": true,
    "component_code": "01.09.1144",
    "component_name": "主框架组件-漆后",
    "assembly_steps": [
      {
        "step_number": 1,
        "action": "定位基准件",
        "description": "将图纸上标注为3的方管-机加（01.02.03.0206）放置在焊接平台上，调整至水平状态，作为后续所有零件的装配基准。",
        "position_description": "方管长边水平放置，确保所有安装面朝向正确。",
        "parts_used": [
          {
            "bom_seq": "3",
            "bom_name": "方管-机加",
            "quantity": 1,
            "drawing_number": "3",
            "node_name": [
              "NAUO3"
            ],
            "bom_code": "01.02.03.0206"
          }
        ],
        "tools": [
          "行车/吊具",
          "焊接平台",
          "水平仪",
          "卷尺"
        ],
        "warnings": [
          "方管较重（21.16kg），吊装时注意安全。",
          "确保方管放置平稳，避免后续焊接变形。"
        ]
      },
      {
        "step_number": 2,
        "action": "安装旋转弧板",
        "description": "将图纸上标注为7的旋转弧板（01.02.01.3872）安装到3号方管的中央位置。根据图纸尺寸（617mm和600mm）定位，确保旋转弧板的中心线与方管中心线对齐。先点焊固定。",
        "position_description": "旋转弧板安装在3号方管的下方，孔朝向如图所示。",
        "parts_used": [
          {
            "bom_seq": "7",
            "bom_name": "旋转弧板",
            "quantity": 2,
            "drawing_number": "7",
            "node_name": [
              "NAUO10",
              "NAUO9"
            ],
            "bom_code": "01.02.01.3872"
          }
        ],
        "tools": [
          "焊机（CO2焊）",
          "卡尺/卷尺",
          "定位夹具"
        ],
        "warnings": [
          "旋转弧板（6.68kg/件）定位精度要求高，需严格按照图纸尺寸定位。",
          "点焊时注意控制热输入，防止零件变形。"
        ]
      },
      {
        "step_number": 3,
        "action": "安装悬挂臂板",
        "description": "将图纸上标注为1的右悬挂臂板（01.02.01.3870）和标注为2的左悬挂臂板（01.02.01.3871）分别安装到3号方管的两端。确保臂板的安装面与方管端面齐平，并与方管垂直。先点焊固定。",
        "position_description": "1号右悬挂臂板安装在方管的一端，2号左悬挂臂板安装在方管的另一端。",
        "parts_used": [
          {
            "bom_seq": "1",
            "bom_name": "右悬挂臂板",
            "quantity": 1,
            "drawing_number": "1",
            "node_name": [
              "NAUO1"
            ],
            "bom_code": "01.02.01.3870"
          },
          {
            "bom_seq": "2",
            "bom_name": "左悬挂臂板",
            "quantity": 1,
            "drawing_number": "2",
            "node_name": [
              "NAUO2"
            ],
            "bom_code": "01.02.01.3871"
          }
        ],
        "tools": [
          "焊机（CO2焊）",
          "直角尺",
          "塞尺"
        ],
        "warnings": [
          "悬挂臂板是受力件，定位必须准确，确保与方管的垂直度。",
          "点焊牢固，为后续满焊做准备。"
        ]
      },
      {
        "step_number": 4,
        "action": "安装方形板",
        "description": "将图纸上标注为6的方形板（01.01.01.4776）安装到3号方管的上方。根据图纸尺寸定位，方形板应位于2号左悬挂臂板附近。",
        "position_description": "方形板安装在3号方管的上方，靠近2号左悬挂臂板一侧。",
        "parts_used": [
          {
            "bom_seq": "6",
            "bom_name": "方形板",
            "quantity": 2,
            "drawing_number": "6",
            "node_name": [
              "NAUO7",
              "NAUO6"
            ],
            "bom_code": "01.01.01.4776"
          }
        ],
        "tools": [
          "焊机（CO2焊）",
          "卷尺"
        ],
        "warnings": [
          "注意方形板的安装方向，确保孔位朝向正确。"
        ]
      },
      {
        "step_number": 5,
        "action": "安装加强角钢",
        "description": "将图纸上标注为4的角钢（01.02.04.0084）安装到3号方管的侧面和上方。根据图纸所示，角钢用于加强结构，需确保与方管和已安装零件紧密贴合。先点焊固定。",
        "position_description": "角钢安装在3号方管的多个位置，主要用于加强连接。",
        "parts_used": [
          {
            "bom_seq": "4",
            "bom_name": "角钢",
            "quantity": 5,
            "drawing_number": "4",
            "node_name": [
              "NAUO16",
              "NAUO15",
              "NAUO13",
              "NAUO12",
              "NAUO4"
            ],
            "bom_code": "01.02.04.0084"
          }
        ],
        "tools": [
          "焊机（CO2焊）",
          "定位夹具"
        ],
        "warnings": [
          "角钢数量较多（5个），需仔细核对图纸上的安装位置，避免遗漏或装错。"
        ]
      },
      {
        "step_number": 6,
        "action": "安装加强方管",
        "description": "将图纸上标注为5的方管-机加（01.02.03.0207）安装到3号方管的上方，靠近2号左悬挂臂板一侧。确保其与3号方管和6号方形板形成加强结构。先点焊固定。",
        "position_description": "5号方管安装在3号方管的上方，与6号方形板相邻。",
        "parts_used": [
          {
            "bom_seq": "5",
            "bom_name": "方管-机加",
            "quantity": 2,
            "drawing_number": "5",
            "node_name": [
              "NAUO8",
              "NAUO5"
            ],
            "bom_code": "01.02.03.0207"
          }
        ],
        "tools": [
          "焊机（CO2焊）",
          "卷尺"
        ],
        "warnings": [
          "确保5号方管与3号方管的接触面贴合紧密，保证焊接强度。"
        ]
      },
      {
        "step_number": 7,
        "action": "安装固定套和轴套",
        "description": "将图纸上标注为8的固定套（01.02.05.0334）和标注为9的轴套（01.02.02.0447）安装到7号旋转弧板的下方。固定套和轴套应同心，并与旋转弧板焊接牢固。",
        "position_description": "8号固定套和9号轴套安装在7号旋转弧板的下部中心位置。",
        "parts_used": [
          {
            "bom_seq": "8",
            "bom_name": "固定套",
            "quantity": 1,
            "drawing_number": "8",
            "node_name": [
              "NAUO11"
            ],
            "bom_code": "01.02.05.0334"
          },
          {
            "bom_seq": "9",
            "bom_name": "轴套",
            "quantity": 1,
            "drawing_number": "9",
            "node_name": [
              "NAUO14"
            ],
            "bom_code": "01.02.02.0447"
          }
        ],
        "tools": [
          "焊机（CO2焊）",
          "同心度检测工具"
        ],
        "warnings": [
          "固定套和轴套的同心度要求高，需使用专用工装或夹具进行定位，确保装配精度。",
          "轴套和固定套的焊接应均匀，避免应力集中。"
        ]
      },
      {
        "step_number": 8,
        "action": "满焊所有零件",
        "description": "对所有已点焊固定的零件（1、2、4、5、6、7、8、9号零件）进行满焊。焊接应按照技术要求进行，确保焊缝尺寸和质量符合图纸要求。",
        "position_description": "所有零件与3号方管的连接处。",
        "parts_used": [],
        "tools": [
          "焊机（CO2焊）",
          "焊缝量规"
        ],
        "warnings": [
          "焊接时应采用对称、分段、跳焊等方法，控制焊接变形。",
          "焊后立即清理焊渣，检查焊缝外观质量，确保无虚焊、漏焊、裂纹等缺陷。"
        ]
      }
    ],
    "raw_result": {
      "component_code": "01.09.1144",
      "component_name": "主框架组件-漆后",
      "visual_analysis": {
        "base_part_drawing_number": "3",
        "assembly_sequence_reasoning": "基准件（3号方管）是最大最重的零件，应首先定位。然后安装主要功能件（7号旋转弧板、1号和2号悬挂臂板），最后安装加强件（4号角钢、5号方管、6号方形板）和附件（8号固定套、9号轴套）。所有零件均通过焊接连接。"
      },
      "assembly_steps": [
        {
          "step_number": 1,
          "action": "定位基准件",
          "description": "将图纸上标注为3的方管-机加（01.02.03.0206）放置在焊接平台上，调整至水平状态，作为后续所有零件的装配基准。",
          "position_description": "方管长边水平放置，确保所有安装面朝向正确。",
          "parts_used": [
            {
              "bom_seq": "3",
              "bom_name": "方管-机加",
              "quantity": 1,
              "drawing_number": "3",
              "node_name": [
                "NAUO3"
              ],
              "bom_code": "01.02.03.0206"
            }
          ],
          "tools": [
            "行车/吊具",
            "焊接平台",
            "水平仪",
            "卷尺"
          ],
          "warnings": [
            "方管较重（21.16kg），吊装时注意安全。",
            "确保方管放置平稳，避免后续焊接变形。"
          ]
        },
        {
          "step_number": 2,
          "action": "安装旋转弧板",
          "description": "将图纸上标注为7的旋转弧板（01.02.01.3872）安装到3号方管的中央位置。根据图纸尺寸（617mm和600mm）定位，确保旋转弧板的中心线与方管中心线对齐。先点焊固定。",
          "position_description": "旋转弧板安装在3号方管的下方，孔朝向如图所示。",
          "parts_used": [
            {
              "bom_seq": "7",
              "bom_name": "旋转弧板",
              "quantity": 2,
              "drawing_number": "7",
              "node_name": [
                "NAUO10",
                "NAUO9"
              ],
              "bom_code": "01.02.01.3872"
            }
          ],
          "tools": [
            "焊机（CO2焊）",
            "卡尺/卷尺",
            "定位夹具"
          ],
          "warnings": [
            "旋转弧板（6.68kg/件）定位精度要求高，需严格按照图纸尺寸定位。",
            "点焊时注意控制热输入，防止零件变形。"
          ]
        },
        {
          "step_number": 3,
          "action": "安装悬挂臂板",
          "description": "将图纸上标注为1的右悬挂臂板（01.02.01.3870）和标注为2的左悬挂臂板（01.02.01.3871）分别安装到3号方管的两端。确保臂板的安装面与方管端面齐平，并与方管垂直。先点焊固定。",
          "position_description": "1号右悬挂臂板安装在方管的一端，2号左悬挂臂板安装在方管的另一端。",
          "parts_used": [
            {
              "bom_seq": "1",
              "bom_name": "右悬挂臂板",
              "quantity": 1,
              "drawing_number": "1",
              "node_name": [
                "NAUO1"
              ],
              "bom_code": "01.02.01.3870"
            },
            {
              "bom_seq": "2",
              "bom_name": "左悬挂臂板",
              "quantity": 1,
              "drawing_number": "2",
              "node_name": [
                "NAUO2"
              ],
              "bom_code": "01.02.01.3871"
            }
          ],
          "tools": [
            "焊机（CO2焊）",
            "直角尺",
            "塞尺"
          ],
          "warnings": [
            "悬挂臂板是受力件，定位必须准确，确保与方管的垂直度。",
            "点焊牢固，为后续满焊做准备。"
          ]
        },
        {
          "step_number": 4,
          "action": "安装方形板",
          "description": "将图纸上标注为6的方形板（01.01.01.4776）安装到3号方管的上方。根据图纸尺寸定位，方形板应位于2号左悬挂臂板附近。",
          "position_description": "方形板安装在3号方管的上方，靠近2号左悬挂臂板一侧。",
          "parts_used": [
            {
              "bom_seq": "6",
              "bom_name": "方形板",
              "quantity": 2,
              "drawing_number": "6",
              "node_name": [
                "NAUO7",
                "NAUO6"
              ],
              "bom_code": "01.01.01.4776"
            }
          ],
          "tools": [
            "焊机（CO2焊）",
            "卷尺"
          ],
          "warnings": [
            "注意方形板的安装方向，确保孔位朝向正确。"
          ]
        },
        {
          "step_number": 5,
          "action": "安装加强角钢",
          "description": "将图纸上标注为4的角钢（01.02.04.0084）安装到3号方管的侧面和上方。根据图纸所示，角钢用于加强结构，需确保与方管和已安装零件紧密贴合。先点焊固定。",
          "position_description": "角钢安装在3号方管的多个位置，主要用于加强连接。",
          "parts_used": [
            {
              "bom_seq": "4",
              "bom_name": "角钢",
              "quantity": 5,
              "drawing_number": "4",
              "node_name": [
                "NAUO16",
                "NAUO15",
                "NAUO13",
                "NAUO12",
                "NAUO4"
              ],
              "bom_code": "01.02.04.0084"
            }
          ],
          "tools": [
            "焊机（CO2焊）",
            "定位夹具"
          ],
          "warnings": [
            "角钢数量较多（5个），需仔细核对图纸上的安装位置，避免遗漏或装错。"
          ]
        },
        {
          "step_number": 6,
          "action": "安装加强方管",
          "description": "将图纸上标注为5的方管-机加（01.02.03.0207）安装到3号方管的上方，靠近2号左悬挂臂板一侧。确保其与3号方管和6号方形板形成加强结构。先点焊固定。",
          "position_description": "5号方管安装在3号方管的上方，与6号方形板相邻。",
          "parts_used": [
            {
              "bom_seq": "5",
              "bom_name": "方管-机加",
              "quantity": 2,
              "drawing_number": "5",
              "node_name": [
                "NAUO8",
                "NAUO5"
              ],
              "bom_code": "01.02.03.0207"
            }
          ],
          "tools": [
            "焊机（CO2焊）",
            "卷尺"
          ],
          "warnings": [
            "确保5号方管与3号方管的接触面贴合紧密，保证焊接强度。"
          ]
        },
        {
          "step_number": 7,
          "action": "安装固定套和轴套",
          "description": "将图纸上标注为8的固定套（01.02.05.0334）和标注为9的轴套（01.02.02.0447）安装到7号旋转弧板的下方。固定套和轴套应同心，并与旋转弧板焊接牢固。",
          "position_description": "8号固定套和9号轴套安装在7号旋转弧板的下部中心位置。",
          "parts_used": [
            {
              "bom_seq": "8",
              "bom_name": "固定套",
              "quantity": 1,
              "drawing_number": "8",
              "node_name": [
                "NAUO11"
              ],
              "bom_code": "01.02.05.0334"
            },
            {
              "bom_seq": "9",
              "bom_name": "轴套",
              "quantity": 1,
              "drawing_number": "9",
              "node_name": [
                "NAUO14"
              ],
              "bom_code": "01.02.02.0447"
            }
          ],
          "tools": [
            "焊机（CO2焊）",
            "同心度检测工具"
          ],
          "warnings": [
            "固定套和轴套的同心度要求高，需使用专用工装或夹具进行定位，确保装配精度。",
            "轴套和固定套的焊接应均匀，避免应力集中。"
          ]
        },
        {
          "step_number": 8,
          "action": "满焊所有零件",
          "description": "对所有已点焊固定的零件（1、2、4、5、6、7、8、9号零件）进行满焊。焊接应按照技术要求进行，确保焊缝尺寸和质量符合图纸要求。",
          "position_description": "所有零件与3号方管的连接处。",
          "parts_used": [],
          "tools": [
            "焊机（CO2焊）",
            "焊缝量规"
          ],
          "warnings": [
            "焊接时应采用对称、分段、跳焊等方法，控制焊接变形。",
            "焊后立即清理焊渣，检查焊缝外观质量，确保无虚焊、漏焊、裂纹等缺陷。"
          ]
        }
      ],
      "quality_checks": [
        "检查所有零件是否已满焊，焊缝是否连续、均匀，无气孔、夹渣等缺陷。",
        "检查1号和2号悬挂臂板与3号方管的垂直度，误差应在允许范围内。",
        "检查7号旋转弧板的中心位置是否准确，与3号方管的相对位置尺寸是否符合图纸要求。",
        "检查8号固定套和9号轴套的同心度，确保后续安装精度。",
        "检查整体结构是否平整，焊接变形是否已校正。"
      ],
      "estimated_time_minutes": 120
    },
    "assembly_order": 1,
    "drawing_index": 2
  },
  {
    "success": true,
    "component_code": "01.09.0402",
    "component_name": "毛刷套组件-漆后",
    "assembly_steps": [
      {
        "step_number": 1,
        "action": "子组件入库",
        "description": "从前工序（如焊接工序）接收已完成的毛刷固定板组（01.03.0190），并进行数量清点和外观检查，准备进行表面处理。",
        "position_description": "将子组件放置在待处理区域的专用托盘上。",
        "parts_used": [
          {
            "bom_seq": "1",
            "bom_name": "毛刷固定板组",
            "quantity": 1,
            "drawing_number": "无（子组件）",
            "node_name": [
              "NAUO2"
            ],
            "bom_code": "01.03.0190"
          }
        ],
        "tools": [
          "磅秤",
          "点检表"
        ],
        "warnings": [
          "搬运时注意保护零件表面，避免磕碰和划伤。"
        ]
      },
      {
        "step_number": 2,
        "action": "表面处理（抛丸）",
        "description": "将毛刷固定板组（01.03.0190）送入抛丸设备，按照工艺要求进行表面抛丸处理，去除表面氧化皮和锈蚀，为后续涂装做准备。",
        "position_description": "确保零件在抛丸机内固定稳固，避免相互碰撞。",
        "parts_used": [],
        "tools": [
          "抛丸机",
          "吊具"
        ],
        "warnings": [
          "抛丸时间需严格控制，防止过度抛丸导致零件变形或尺寸超差。"
        ]
      },
      {
        "step_number": 3,
        "action": "表面处理（底漆）",
        "description": "抛丸处理完成后，立即进行底漆喷涂。按照规定的漆膜厚度要求，均匀喷涂底漆（工艺路线序号2：底漆）。",
        "position_description": "在喷涂线上进行，确保喷涂环境符合要求。",
        "parts_used": [],
        "tools": [
          "喷枪",
          "漆膜测厚仪"
        ],
        "warnings": [
          "喷涂前必须确保零件表面清洁、干燥，无油污。"
        ]
      },
      {
        "step_number": 4,
        "action": "表面处理（中间漆与面漆）",
        "description": "底漆干燥后，依次喷涂中间漆（工艺路线序号3）和面漆（工艺路线序号4）。严格控制每层漆膜的厚度和干燥时间，确保漆面均匀、美观。",
        "position_description": "按照涂装工艺流程进行。",
        "parts_used": [],
        "tools": [
          "喷枪",
          "温湿度计"
        ],
        "warnings": [
          "面漆喷涂完成后，需在无尘环境中充分固化。"
        ]
      },
      {
        "step_number": 5,
        "action": "最终检验与入库",
        "description": "对完成涂装的毛刷固定板组进行最终质量检验，包括漆膜厚度、外观质量（无露白、无划伤）和尺寸检查。检验合格后，作为毛刷套组件-漆后（01.09.0402）入库。",
        "position_description": "放置在成品区，做好标识。",
        "parts_used": [
          {
            "bom_seq": "1",
            "bom_name": "毛刷固定板组",
            "quantity": 1,
            "drawing_number": "无（子组件）",
            "node_name": [
              "NAUO2"
            ],
            "bom_code": "01.03.0190"
          }
        ],
        "tools": [
          "漆膜测厚仪",
          "目视检查"
        ],
        "warnings": [
          "检验合格后，需轻拿轻放，避免损伤漆面。"
        ]
      }
    ],
    "raw_result": {
      "component_code": "01.09.0402",
      "component_name": "毛刷套组件-漆后",
      "visual_analysis": {
        "base_part_drawing_number": "无",
        "assembly_sequence_reasoning": "该组件（01.09.0402）的BOM表只包含一个子组件（01.03.0190 毛刷固定板组），且数量为0，这表明该组件本身是一个虚拟组件或工艺组件，其装配过程主要集中在子组件的加工和表面处理上。根据图纸信息，该组件的装配步骤应为子组件的入库和表面处理流程。"
      },
      "assembly_steps": [
        {
          "step_number": 1,
          "action": "子组件入库",
          "description": "从前工序（如焊接工序）接收已完成的毛刷固定板组（01.03.0190），并进行数量清点和外观检查，准备进行表面处理。",
          "position_description": "将子组件放置在待处理区域的专用托盘上。",
          "parts_used": [
            {
              "bom_seq": "1",
              "bom_name": "毛刷固定板组",
              "quantity": 1,
              "drawing_number": "无（子组件）",
              "node_name": [
                "NAUO2"
              ],
              "bom_code": "01.03.0190"
            }
          ],
          "tools": [
            "磅秤",
            "点检表"
          ],
          "warnings": [
            "搬运时注意保护零件表面，避免磕碰和划伤。"
          ]
        },
        {
          "step_number": 2,
          "action": "表面处理（抛丸）",
          "description": "将毛刷固定板组（01.03.0190）送入抛丸设备，按照工艺要求进行表面抛丸处理，去除表面氧化皮和锈蚀，为后续涂装做准备。",
          "position_description": "确保零件在抛丸机内固定稳固，避免相互碰撞。",
          "parts_used": [],
          "tools": [
            "抛丸机",
            "吊具"
          ],
          "warnings": [
            "抛丸时间需严格控制，防止过度抛丸导致零件变形或尺寸超差。"
          ]
        },
        {
          "step_number": 3,
          "action": "表面处理（底漆）",
          "description": "抛丸处理完成后，立即进行底漆喷涂。按照规定的漆膜厚度要求，均匀喷涂底漆（工艺路线序号2：底漆）。",
          "position_description": "在喷涂线上进行，确保喷涂环境符合要求。",
          "parts_used": [],
          "tools": [
            "喷枪",
            "漆膜测厚仪"
          ],
          "warnings": [
            "喷涂前必须确保零件表面清洁、干燥，无油污。"
          ]
        },
        {
          "step_number": 4,
          "action": "表面处理（中间漆与面漆）",
          "description": "底漆干燥后，依次喷涂中间漆（工艺路线序号3）和面漆（工艺路线序号4）。严格控制每层漆膜的厚度和干燥时间，确保漆面均匀、美观。",
          "position_description": "按照涂装工艺流程进行。",
          "parts_used": [],
          "tools": [
            "喷枪",
            "温湿度计"
          ],
          "warnings": [
            "面漆喷涂完成后，需在无尘环境中充分固化。"
          ]
        },
        {
          "step_number": 5,
          "action": "最终检验与入库",
          "description": "对完成涂装的毛刷固定板组进行最终质量检验，包括漆膜厚度、外观质量（无露白、无划伤）和尺寸检查。检验合格后，作为毛刷套组件-漆后（01.09.0402）入库。",
          "position_description": "放置在成品区，做好标识。",
          "parts_used": [
            {
              "bom_seq": "1",
              "bom_name": "毛刷固定板组",
              "quantity": 1,
              "drawing_number": "无（子组件）",
              "node_name": [
                "NAUO2"
              ],
              "bom_code": "01.03.0190"
            }
          ],
          "tools": [
            "漆膜测厚仪",
            "目视检查"
          ],
          "warnings": [
            "检验合格后，需轻拿轻放，避免损伤漆面。"
          ]
        }
      ],
      "quality_checks": [
        "检查漆面是否均匀、美观，无露白、划伤等不良现象（技术要求2）。",
        "检查漆膜厚度是否符合工艺标准。",
        "检查最终组件的尺寸是否符合图纸要求（如Ø250和131mm尺寸）。"
      ],
      "estimated_time_minutes": 120
    },
    "assembly_order": 2,
    "drawing_index": 3
  },
  {
    "success": true,
    "component_code": "01.09.0403",
    "component_name": "毛刷固定板组-漆后",
    "assembly_steps": [
      {
        "step_number": 1,
        "action": "准备基准件",
        "description": "将图纸上标注为④的无缝管（01.01.02.1869）放置在焊接工装夹具上，确保无缝管水平且稳定。焊接时需在无缝管下方垫起，以保证焊后尺寸Ø160。",
        "position_description": "无缝管水平放置在工装上。",
        "parts_used": [
          {
            "bom_seq": "4",
            "bom_name": "无缝管",
            "quantity": 1,
            "drawing_number": "4",
            "node_name": [
              "NAUO6"
            ],
            "bom_code": "01.01.02.1869"
          }
        ],
        "tools": [
          "焊接工装夹具",
          "水平仪",
          "垫块"
        ],
        "warnings": [
          "确保无缝管放置平稳，防止滚动。",
          "必须使用垫块，保证焊后尺寸要求。"
        ]
      },
      {
        "step_number": 2,
        "action": "安装圆板①",
        "description": "取图纸上标注为①的圆板（01.01.01.16586），将其一端套入④号无缝管的端部。调整圆板位置，使其与无缝管端面齐平，并确保圆板上的孔位方向正确。",
        "position_description": "圆板①套入无缝管④的一端，端面齐平。",
        "parts_used": [
          {
            "bom_seq": "1",
            "bom_name": "圆板",
            "quantity": 1,
            "drawing_number": "1",
            "node_name": [
              "NAUO1"
            ],
            "bom_code": "01.01.01.16586"
          }
        ],
        "tools": [
          "卷尺",
          "直角尺"
        ],
        "warnings": [
          "圆板上的孔位方向需根据总装要求定位，避免装反。",
          "确保圆板与无缝管的同轴度。"
        ]
      },
      {
        "step_number": 3,
        "action": "点焊圆板①",
        "description": "将①号圆板与④号无缝管进行定位点焊。点焊位置应均匀分布，点焊牢固即可。",
        "position_description": "圆板①与无缝管④的接触圆周。",
        "parts_used": [],
        "tools": [
          "焊机",
          "焊条/焊丝"
        ],
        "warnings": [
          "点焊时注意控制热输入，防止无缝管变形。",
          "点焊后检查圆板是否仍保持垂直和同轴。"
        ]
      },
      {
        "step_number": 4,
        "action": "安装圆板②",
        "description": "取图纸上标注为②的圆板（01.02.01.3847），将其套入④号无缝管的另一端。调整圆板位置，使其与无缝管端面齐平。",
        "position_description": "圆板②套入无缝管④的另一端，端面齐平。",
        "parts_used": [
          {
            "bom_seq": "2",
            "bom_name": "圆板",
            "quantity": 1,
            "drawing_number": "2",
            "node_name": [
              "NAUO2"
            ],
            "bom_code": "01.02.01.3847"
          }
        ],
        "tools": [
          "卷尺",
          "直角尺"
        ],
        "warnings": [
          "圆板②的孔位方向需与圆板①保持一致，确保两端对齐。",
          "检查端面齐平度。"
        ]
      },
      {
        "step_number": 5,
        "action": "点焊圆板②",
        "description": "将②号圆板与④号无缝管进行定位点焊。点焊位置均匀分布，点焊牢固。",
        "position_description": "圆板②与无缝管④的接触圆周。",
        "parts_used": [],
        "tools": [
          "焊机",
          "焊条/焊丝"
        ],
        "warnings": [
          "点焊后再次检查两端圆板的同轴度，确保轴线一致。"
        ]
      },
      {
        "step_number": 6,
        "action": "安装方管",
        "description": "取图纸上标注为③的方管（01.01.03.1453），共3根。将方管沿④号无缝管的外圆周均匀分布，并与无缝管接触。方管的长度（1730mm）应与两端圆板的外侧保持齐平。",
        "position_description": "3根方管均匀分布在无缝管外侧，间隔120度。",
        "parts_used": [
          {
            "bom_seq": "3",
            "bom_name": "方管",
            "quantity": 3,
            "drawing_number": "3",
            "node_name": [
              "NAUO5",
              "NAUO4",
              "NAUO3"
            ],
            "bom_code": "01.01.03.1453"
          }
        ],
        "tools": [
          "角度尺",
          "卷尺"
        ],
        "warnings": [
          "方管的轴线必须与无缝管的轴线平行。",
          "方管两端必须与圆板外侧齐平。"
        ]
      },
      {
        "step_number": 7,
        "action": "点焊方管",
        "description": "将3根③号方管与④号无缝管进行定位点焊。每根方管至少点焊3-4点，确保方管在后续焊接中不发生位移。",
        "position_description": "方管与无缝管的接触面。",
        "parts_used": [],
        "tools": [
          "焊机"
        ],
        "warnings": [
          "点焊后检查方管的分布角度和直线度。"
        ]
      },
      {
        "step_number": 8,
        "action": "满焊圆板",
        "description": "对①号和②号圆板与④号无缝管的连接处进行满焊。焊缝要求：焊缝高度不超过5mm，焊后需磨平（图纸要求：3处）。",
        "position_description": "圆板①和圆板②与无缝管④的连接圆周。",
        "parts_used": [],
        "tools": [
          "焊机",
          "角磨机"
        ],
        "warnings": [
          "焊接时注意焊接顺序，采用分段、对称焊接，减少变形。",
          "此平面（圆板外侧）不焊接，只焊内侧连接处。",
          "焊后必须将焊缝磨平，达到图纸要求。"
        ]
      },
      {
        "step_number": 9,
        "action": "满焊方管",
        "description": "对3根③号方管与④号无缝管的连接处进行满焊。焊缝要求：焊缝高度不超过5mm，焊后需磨平（图纸要求：2处）。",
        "position_description": "方管与无缝管的接触面。",
        "parts_used": [],
        "tools": [
          "焊机",
          "角磨机"
        ],
        "warnings": [
          "焊接时注意焊缝饱满、均匀，无虚焊、漏焊。",
          "焊后必须将焊缝磨平，达到图纸要求。"
        ]
      },
      {
        "step_number": 10,
        "action": "打磨与清理",
        "description": "对所有焊接区域进行打磨，去除焊渣、飞溅，并将焊缝磨平至图纸要求的平整度。对锐边/锐角/尖角进行倒钝处理。",
        "position_description": "所有焊缝区域及零件边缘。",
        "parts_used": [],
        "tools": [
          "角磨机",
          "钢丝刷",
          "砂纸"
        ],
        "warnings": [
          "打磨时注意保护未焊接区域，避免损伤。",
          "倒钝处理必须彻底，防止划伤。"
        ]
      },
      {
        "step_number": 11,
        "action": "校正",
        "description": "将组件从工装上取下，检查整体直线度、同轴度及关键尺寸（如Ø160）。如果超出公差范围，需进行校正。",
        "position_description": "组件整体。",
        "parts_used": [],
        "tools": [
          "千分尺",
          "塞尺",
          "校正设备"
        ],
        "warnings": [
          "校正过程需轻柔，避免产生新的变形或应力集中。"
        ]
      },
      {
        "step_number": 12,
        "action": "表面处理",
        "description": "对组件进行喷砂或磷化处理，去除表面油污和氧化层，为后续喷漆做准备。",
        "position_description": "组件所有表面。",
        "parts_used": [],
        "tools": [
          "喷砂设备",
          "清洗剂"
        ],
        "warnings": [
          "表面处理后需立即进行喷漆，防止二次生锈。"
        ]
      }
    ],
    "raw_result": {
      "component_code": "01.09.0403",
      "component_name": "毛刷固定板组-漆后",
      "visual_analysis": {
        "base_part_drawing_number": "4",
        "assembly_sequence_reasoning": "该组件为焊接件，装配顺序应遵循先主体后附件、先内后外的原则。以最长的无缝管（④）作为基准件，先将两端的圆板（①和②）定位焊接，然后将三根方管（③）沿轴向均匀分布焊接在无缝管外侧。"
      },
      "assembly_steps": [
        {
          "step_number": 1,
          "action": "准备基准件",
          "description": "将图纸上标注为④的无缝管（01.01.02.1869）放置在焊接工装夹具上，确保无缝管水平且稳定。焊接时需在无缝管下方垫起，以保证焊后尺寸Ø160。",
          "position_description": "无缝管水平放置在工装上。",
          "parts_used": [
            {
              "bom_seq": "4",
              "bom_name": "无缝管",
              "quantity": 1,
              "drawing_number": "4",
              "node_name": [
                "NAUO6"
              ],
              "bom_code": "01.01.02.1869"
            }
          ],
          "tools": [
            "焊接工装夹具",
            "水平仪",
            "垫块"
          ],
          "warnings": [
            "确保无缝管放置平稳，防止滚动。",
            "必须使用垫块，保证焊后尺寸要求。"
          ]
        },
        {
          "step_number": 2,
          "action": "安装圆板①",
          "description": "取图纸上标注为①的圆板（01.01.01.16586），将其一端套入④号无缝管的端部。调整圆板位置，使其与无缝管端面齐平，并确保圆板上的孔位方向正确。",
          "position_description": "圆板①套入无缝管④的一端，端面齐平。",
          "parts_used": [
            {
              "bom_seq": "1",
              "bom_name": "圆板",
              "quantity": 1,
              "drawing_number": "1",
              "node_name": [
                "NAUO1"
              ],
              "bom_code": "01.01.01.16586"
            }
          ],
          "tools": [
            "卷尺",
            "直角尺"
          ],
          "warnings": [
            "圆板上的孔位方向需根据总装要求定位，避免装反。",
            "确保圆板与无缝管的同轴度。"
          ]
        },
        {
          "step_number": 3,
          "action": "点焊圆板①",
          "description": "将①号圆板与④号无缝管进行定位点焊。点焊位置应均匀分布，点焊牢固即可。",
          "position_description": "圆板①与无缝管④的接触圆周。",
          "parts_used": [],
          "tools": [
            "焊机",
            "焊条/焊丝"
          ],
          "warnings": [
            "点焊时注意控制热输入，防止无缝管变形。",
            "点焊后检查圆板是否仍保持垂直和同轴。"
          ]
        },
        {
          "step_number": 4,
          "action": "安装圆板②",
          "description": "取图纸上标注为②的圆板（01.02.01.3847），将其套入④号无缝管的另一端。调整圆板位置，使其与无缝管端面齐平。",
          "position_description": "圆板②套入无缝管④的另一端，端面齐平。",
          "parts_used": [
            {
              "bom_seq": "2",
              "bom_name": "圆板",
              "quantity": 1,
              "drawing_number": "2",
              "node_name": [
                "NAUO2"
              ],
              "bom_code": "01.02.01.3847"
            }
          ],
          "tools": [
            "卷尺",
            "直角尺"
          ],
          "warnings": [
            "圆板②的孔位方向需与圆板①保持一致，确保两端对齐。",
            "检查端面齐平度。"
          ]
        },
        {
          "step_number": 5,
          "action": "点焊圆板②",
          "description": "将②号圆板与④号无缝管进行定位点焊。点焊位置均匀分布，点焊牢固。",
          "position_description": "圆板②与无缝管④的接触圆周。",
          "parts_used": [],
          "tools": [
            "焊机",
            "焊条/焊丝"
          ],
          "warnings": [
            "点焊后再次检查两端圆板的同轴度，确保轴线一致。"
          ]
        },
        {
          "step_number": 6,
          "action": "安装方管",
          "description": "取图纸上标注为③的方管（01.01.03.1453），共3根。将方管沿④号无缝管的外圆周均匀分布，并与无缝管接触。方管的长度（1730mm）应与两端圆板的外侧保持齐平。",
          "position_description": "3根方管均匀分布在无缝管外侧，间隔120度。",
          "parts_used": [
            {
              "bom_seq": "3",
              "bom_name": "方管",
              "quantity": 3,
              "drawing_number": "3",
              "node_name": [
                "NAUO5",
                "NAUO4",
                "NAUO3"
              ],
              "bom_code": "01.01.03.1453"
            }
          ],
          "tools": [
            "角度尺",
            "卷尺"
          ],
          "warnings": [
            "方管的轴线必须与无缝管的轴线平行。",
            "方管两端必须与圆板外侧齐平。"
          ]
        },
        {
          "step_number": 7,
          "action": "点焊方管",
          "description": "将3根③号方管与④号无缝管进行定位点焊。每根方管至少点焊3-4点，确保方管在后续焊接中不发生位移。",
          "position_description": "方管与无缝管的接触面。",
          "parts_used": [],
          "tools": [
            "焊机"
          ],
          "warnings": [
            "点焊后检查方管的分布角度和直线度。"
          ]
        },
        {
          "step_number": 8,
          "action": "满焊圆板",
          "description": "对①号和②号圆板与④号无缝管的连接处进行满焊。焊缝要求：焊缝高度不超过5mm，焊后需磨平（图纸要求：3处）。",
          "position_description": "圆板①和圆板②与无缝管④的连接圆周。",
          "parts_used": [],
          "tools": [
            "焊机",
            "角磨机"
          ],
          "warnings": [
            "焊接时注意焊接顺序，采用分段、对称焊接，减少变形。",
            "此平面（圆板外侧）不焊接，只焊内侧连接处。",
            "焊后必须将焊缝磨平，达到图纸要求。"
          ]
        },
        {
          "step_number": 9,
          "action": "满焊方管",
          "description": "对3根③号方管与④号无缝管的连接处进行满焊。焊缝要求：焊缝高度不超过5mm，焊后需磨平（图纸要求：2处）。",
          "position_description": "方管与无缝管的接触面。",
          "parts_used": [],
          "tools": [
            "焊机",
            "角磨机"
          ],
          "warnings": [
            "焊接时注意焊缝饱满、均匀，无虚焊、漏焊。",
            "焊后必须将焊缝磨平，达到图纸要求。"
          ]
        },
        {
          "step_number": 10,
          "action": "打磨与清理",
          "description": "对所有焊接区域进行打磨，去除焊渣、飞溅，并将焊缝磨平至图纸要求的平整度。对锐边/锐角/尖角进行倒钝处理。",
          "position_description": "所有焊缝区域及零件边缘。",
          "parts_used": [],
          "tools": [
            "角磨机",
            "钢丝刷",
            "砂纸"
          ],
          "warnings": [
            "打磨时注意保护未焊接区域，避免损伤。",
            "倒钝处理必须彻底，防止划伤。"
          ]
        },
        {
          "step_number": 11,
          "action": "校正",
          "description": "将组件从工装上取下，检查整体直线度、同轴度及关键尺寸（如Ø160）。如果超出公差范围，需进行校正。",
          "position_description": "组件整体。",
          "parts_used": [],
          "tools": [
            "千分尺",
            "塞尺",
            "校正设备"
          ],
          "warnings": [
            "校正过程需轻柔，避免产生新的变形或应力集中。"
          ]
        },
        {
          "step_number": 12,
          "action": "表面处理",
          "description": "对组件进行喷砂或磷化处理，去除表面油污和氧化层，为后续喷漆做准备。",
          "position_description": "组件所有表面。",
          "parts_used": [],
          "tools": [
            "喷砂设备",
            "清洗剂"
          ],
          "warnings": [
            "表面处理后需立即进行喷漆，防止二次生锈。"
          ]
        }
      ],
      "quality_checks": [
        "检查所有焊缝是否牢固、连续，无虚焊、漏焊等不良。",
        "检查焊后尺寸Ø160，公差范围为0/-0.5mm。",
        "检查焊缝高度是否符合要求（不超过5mm），并确认焊后已磨平。",
        "检查组件整体直线度、同轴度是否在公差范围内。",
        "检查锐边/锐角是否已倒钝处理。",
        "检查表面处理是否合格，无油污、锈蚀。"
      ],
      "estimated_time_minutes": 120
    },
    "assembly_order": 4,
    "drawing_index": 4
  }
]