{
  "success": true,
  "component_assembly_plan": [
    {
      "component_code": "01.09.2154",
      "component_name": "挂架组件-漆后",
      "drawing_number": "①",
      "assembly_order": 2,
      "reason": "①号组件重量最大，但位于产品顶部，应在基准组件②装配完成后安装。",
      "base_part_code": "01.01.03.0692",
      "base_part_name": "方管",
      "base_part_drawing_number": "①",
      "base_part_weight_kg": 26.16,
      "assembly_steps": [
        "步骤1：将①号方管（26.16kg）放置在工作台上作为基准件。",
        "步骤2：将④号中连接板（11.88kg）焊接到①号方管的中间位置。",
        "步骤3：将⑥号左连接器板和⑩号右连接器板焊接到①号方管的两侧。",
        "步骤4：将⑤号方形板-机加和⑦号上挂板焊接到①号方管的上方。",
        "步骤5：将②号方管和③号中侧板焊接到①号方管的下方，完成焊接和校正。"
      ]
    },
    {
      "component_code": "01.09.1144",
      "component_name": "主框架组件-漆后",
      "drawing_number": "②",
      "assembly_order": 1,
      "reason": "②号组件（56.67kg）位于产品底部，且是其他组件的支撑基座，作为装配基准。",
      "base_part_code": "01.02.03.0206",
      "base_part_name": "方管-机加",
      "base_part_drawing_number": "③",
      "base_part_weight_kg": 21.16,
      "assembly_steps": [
        "步骤1：将③号方管-机加（21.16kg）放置在工作台上作为基准件。",
        "步骤2：将⑥号旋转弧板（13.36kg）焊接到③号方管的中间位置。",
        "步骤3：将①号右悬挂臂板和②号左悬挂臂板焊接到③号方管的两端。",
        "步骤4：将④号角钢和⑤号方形板焊接到③号方管的上方。",
        "步骤5：将⑦号固定套和⑧号轴套装配到③号方管的相应位置。"
      ]
    },
    {
      "component_code": "01.09.0402",
      "component_name": "毛刷套组件-漆后",
      "drawing_number": "③",
      "assembly_order": 3,
      "reason": "③号组件（32.43kg）位于产品底部，但需要先装配基准组件②，再安装此组件。",
      "base_part_code": "01.01.02.1869",
      "base_part_name": "无缝管",
      "base_part_drawing_number": "④",
      "base_part_weight_kg": 16.46,
      "assembly_steps": [
        "步骤1：将④号无缝管（16.46kg）放置在工作台上作为基准件。",
        "步骤2：将①号圆板（4.2kg）和②号圆板（1.08kg）分别焊接到④号无缝管的两端。",
        "步骤3：将③号方管（10.69kg）焊接到④号无缝管的上方。",
        "步骤4：进行焊接、打磨和校正，确保尺寸精度。"
      ]
    },
    {
      "component_code": "01.09.0403",
      "component_name": "毛刷固定板组-漆后",
      "drawing_number": "④",
      "assembly_order": 4,
      "reason": "④号组件（6.02kg）是毛刷固定板组，重量较轻，且是独立组件，可预装配。",
      "base_part_code": "01.03.0190",
      "base_part_name": "毛刷固定板组",
      "base_part_drawing_number": "①",
      "base_part_weight_kg": 6.02,
      "assembly_steps": [
        "步骤1：将①号毛刷固定板组（6.02kg）放置在工作台上。",
        "步骤2：进行外观检查，确保无缺陷。",
        "步骤3：完成组件预装配。"
      ]
    }
  ],
  "product_assembly_plan": {
    "base_component_code": "01.09.1144",
    "base_component_name": "主框架组件-漆后",
    "base_component_drawing_number": "②",
    "reason": "图纸上②号组件（56.67kg）位于底部，是整个产品的支撑结构，作为装配基准。",
    "assembly_sequence": [
      {
        "step": 1,
        "component_code": "01.09.1144",
        "component_drawing_number": "②",
        "action": "将②号主框架组件放置在工作台上作为基准。"
      },
      {
        "step": 2,
        "component_code": "01.09.2154",
        "component_drawing_number": "①",
        "action": "将①号挂架组件安装到②号主框架组件的上方。"
      },
      {
        "step": 3,
        "component_code": "01.09.0402",
        "component_drawing_number": "③",
        "action": "将③号毛刷套组件安装到②号主框架组件的下方。"
      },
      {
        "step": 4,
        "component_code": "02.04.0103",
        "component_drawing_number": "④",
        "action": "将④号圆形毛刷盘（59.28kg）安装到③号毛刷套组件的下方。"
      },
      {
        "step": 5,
        "component_code": "01.09.0403",
        "component_drawing_number": "⑤",
        "action": "将⑤号毛刷固定板组安装到④号圆形毛刷盘上。"
      }
    ]
  },
  "raw_result": {
    "product_name": "滑移清扫器（斜角型）",
    "total_components": 4,
    "visual_analysis": {
      "product_drawing_observation": "产品总图显示，①号挂架组件（76.42kg）位于顶部，②号主框架组件（56.67kg）位于中间，③号毛刷套组件（32.43kg）位于底部，④号圆形毛刷盘（59.28kg）位于最下方，且重量较大。",
      "component_drawings_observation": "组件图1中，①号方管（26.16kg）是基准件；组件图2中，③号方管-机加（21.16kg）是基准件；组件图4中，④号无缝管（16.46kg）是基准件；组件图3只有一个零件，无需内部装配步骤。"
    },
    "component_assembly_plan": [
      {
        "component_code": "01.09.2154",
        "component_name": "挂架组件-漆后",
        "drawing_number": "①",
        "assembly_order": 2,
        "reason": "①号组件重量最大，但位于产品顶部，应在基准组件②装配完成后安装。",
        "base_part_code": "01.01.03.0692",
        "base_part_name": "方管",
        "base_part_drawing_number": "①",
        "base_part_weight_kg": 26.16,
        "assembly_steps": [
          "步骤1：将①号方管（26.16kg）放置在工作台上作为基准件。",
          "步骤2：将④号中连接板（11.88kg）焊接到①号方管的中间位置。",
          "步骤3：将⑥号左连接器板和⑩号右连接器板焊接到①号方管的两侧。",
          "步骤4：将⑤号方形板-机加和⑦号上挂板焊接到①号方管的上方。",
          "步骤5：将②号方管和③号中侧板焊接到①号方管的下方，完成焊接和校正。"
        ]
      },
      {
        "component_code": "01.09.1144",
        "component_name": "主框架组件-漆后",
        "drawing_number": "②",
        "assembly_order": 1,
        "reason": "②号组件（56.67kg）位于产品底部，且是其他组件的支撑基座，作为装配基准。",
        "base_part_code": "01.02.03.0206",
        "base_part_name": "方管-机加",
        "base_part_drawing_number": "③",
        "base_part_weight_kg": 21.16,
        "assembly_steps": [
          "步骤1：将③号方管-机加（21.16kg）放置在工作台上作为基准件。",
          "步骤2：将⑥号旋转弧板（13.36kg）焊接到③号方管的中间位置。",
          "步骤3：将①号右悬挂臂板和②号左悬挂臂板焊接到③号方管的两端。",
          "步骤4：将④号角钢和⑤号方形板焊接到③号方管的上方。",
          "步骤5：将⑦号固定套和⑧号轴套装配到③号方管的相应位置。"
        ]
      },
      {
        "component_code": "01.09.0402",
        "component_name": "毛刷套组件-漆后",
        "drawing_number": "③",
        "assembly_order": 3,
        "reason": "③号组件（32.43kg）位于产品底部，但需要先装配基准组件②，再安装此组件。",
        "base_part_code": "01.01.02.1869",
        "base_part_name": "无缝管",
        "base_part_drawing_number": "④",
        "base_part_weight_kg": 16.46,
        "assembly_steps": [
          "步骤1：将④号无缝管（16.46kg）放置在工作台上作为基准件。",
          "步骤2：将①号圆板（4.2kg）和②号圆板（1.08kg）分别焊接到④号无缝管的两端。",
          "步骤3：将③号方管（10.69kg）焊接到④号无缝管的上方。",
          "步骤4：进行焊接、打磨和校正，确保尺寸精度。"
        ]
      },
      {
        "component_code": "01.09.0403",
        "component_name": "毛刷固定板组-漆后",
        "drawing_number": "④",
        "assembly_order": 4,
        "reason": "④号组件（6.02kg）是毛刷固定板组，重量较轻，且是独立组件，可预装配。",
        "base_part_code": "01.03.0190",
        "base_part_name": "毛刷固定板组",
        "base_part_drawing_number": "①",
        "base_part_weight_kg": 6.02,
        "assembly_steps": [
          "步骤1：将①号毛刷固定板组（6.02kg）放置在工作台上。",
          "步骤2：进行外观检查，确保无缺陷。",
          "步骤3：完成组件预装配。"
        ]
      }
    ],
    "product_assembly_plan": {
      "base_component_code": "01.09.1144",
      "base_component_name": "主框架组件-漆后",
      "base_component_drawing_number": "②",
      "reason": "图纸上②号组件（56.67kg）位于底部，是整个产品的支撑结构，作为装配基准。",
      "assembly_sequence": [
        {
          "step": 1,
          "component_code": "01.09.1144",
          "component_drawing_number": "②",
          "action": "将②号主框架组件放置在工作台上作为基准。"
        },
        {
          "step": 2,
          "component_code": "01.09.2154",
          "component_drawing_number": "①",
          "action": "将①号挂架组件安装到②号主框架组件的上方。"
        },
        {
          "step": 3,
          "component_code": "01.09.0402",
          "component_drawing_number": "③",
          "action": "将③号毛刷套组件安装到②号主框架组件的下方。"
        },
        {
          "step": 4,
          "component_code": "02.04.0103",
          "component_drawing_number": "④",
          "action": "将④号圆形毛刷盘（59.28kg）安装到③号毛刷套组件的下方。"
        },
        {
          "step": 5,
          "component_code": "01.09.0403",
          "component_drawing_number": "⑤",
          "action": "将⑤号毛刷固定板组安装到④号圆形毛刷盘上。"
        }
      ]
    }
  }
}