[
  {
    "success": true,
    "component_code": "01.09.2154",
    "component_name": "挂架组件-漆后",
    "assembly_steps": [
      {
        "step_number": 1,
        "action": "放置基准件",
        "description": "将图纸上编号为3的方管（01.02.03.0206）平稳放置在装配工装或工作台上，作为整个组件的装配基准。",
        "position_description": "方管水平放置，确保后续焊接操作的可达性。",
        "parts_used": [
          {
            "bom_seq": "3",
            "bom_name": "方管-机加",
            "quantity": 1,
            "drawing_number": "3",
            "node_name": [
              "NAUO3"
            ],
            "bom_code": "01.02.03.0206"
          }
        ],
        "tools": [
          "行车/吊具",
          "水平仪",
          "装配工装"
        ],
        "warnings": [
          "方管较重，吊装时注意安全，确保吊装平稳。"
        ]
      },
      {
        "step_number": 2,
        "action": "安装悬挂臂板",
        "description": "将图纸上编号为1的右悬挂臂板（01.02.01.3870）和编号为2的左悬挂臂板（01.02.01.3871）分别焊接到③号方管的两端。注意臂板的方向和孔位朝向，确保与图纸所示一致。",
        "position_description": "①号臂板焊接到③号方管的一端，②号臂板焊接到另一端。臂板的平面应与方管的轴线垂直。",
        "parts_used": [
          {
            "bom_seq": "1",
            "bom_name": "右悬挂臂板",
            "quantity": 1,
            "drawing_number": "1",
            "node_name": [
              "NAUO1"
            ],
            "bom_code": "01.02.01.3870"
          },
          {
            "bom_seq": "2",
            "bom_name": "左悬挂臂板",
            "quantity": 1,
            "drawing_number": "2",
            "node_name": [
              "NAUO2"
            ],
            "bom_code": "01.02.01.3871"
          }
        ],
        "tools": [
          "焊机",
          "角尺",
          "卡具"
        ],
        "warnings": [
          "焊接前必须点焊定位，使用角尺检查臂板与方管的垂直度。"
        ]
      },
      {
        "step_number": 3,
        "action": "安装方形板",
        "description": "将图纸上编号为6的方形板（01.01.01.4776）焊接到③号方管的顶部，靠近②号左悬挂臂板的一侧。方形板的两个孔位应与方管上的预留孔位对齐。",
        "position_description": "方形板位于③号方管顶部，靠近左侧（②号臂板）端部。",
        "parts_used": [
          {
            "bom_seq": "6",
            "bom_name": "方形板",
            "quantity": 2,
            "drawing_number": "6",
            "node_name": [
              "NAUO7",
              "NAUO6"
            ],
            "bom_code": "01.01.01.4776"
          }
        ],
        "tools": [
          "焊机",
          "卷尺"
        ],
        "warnings": [
          "确保方形板的安装位置和方向正确，避免遮挡其他安装孔位。"
        ]
      },
      {
        "step_number": 4,
        "action": "安装角钢",
        "description": "将图纸上编号为4的角钢（01.02.04.0084）焊接到③号方管的侧面。角钢用于加强结构，需按照图纸上的尺寸和位置进行定位和焊接。",
        "position_description": "角钢沿③号方管的长度方向分布，注意其数量和间距。",
        "parts_used": [
          {
            "bom_seq": "4",
            "bom_name": "角钢",
            "quantity": 5,
            "drawing_number": "4",
            "node_name": [
              "NAUO16",
              "NAUO15",
              "NAUO13",
              "NAUO12",
              "NAUO4"
            ],
            "bom_code": "01.02.04.0084"
          }
        ],
        "tools": [
          "焊机",
          "定位尺"
        ],
        "warnings": [
          "角钢的焊接应牢固，焊缝应符合技术要求，焊后清理焊渣。"
        ]
      },
      {
        "step_number": 5,
        "action": "安装方管-机加",
        "description": "将图纸上编号为5的方管-机加（01.02.03.0207）焊接到③号方管的底部，靠近①号右悬挂臂板的一侧。注意方管的孔位朝向。",
        "position_description": "方管-机加位于③号方管的底部，作为加强筋。",
        "parts_used": [
          {
            "bom_seq": "5",
            "bom_name": "方管-机加",
            "quantity": 2,
            "drawing_number": "5",
            "node_name": [
              "NAUO8",
              "NAUO5"
            ],
            "bom_code": "01.02.03.0207"
          }
        ],
        "tools": [
          "焊机",
          "卡具"
        ],
        "warnings": [
          "确保方管-机加与主方管的相对位置精度，避免影响后续装配。"
        ]
      },
      {
        "step_number": 6,
        "action": "安装旋转弧板",
        "description": "将图纸上编号为7的旋转弧板（01.02.01.3872）焊接到③号方管的中间位置。弧板的中心孔应与方管上的预留孔位对齐，并确保弧板的旋转方向正确。",
        "position_description": "旋转弧板位于③号方管中部，用于连接旋转机构。",
        "parts_used": [
          {
            "bom_seq": "7",
            "bom_name": "旋转弧板",
            "quantity": 2,
            "drawing_number": "7",
            "node_name": [
              "NAUO10",
              "NAUO9"
            ],
            "bom_code": "01.02.01.3872"
          }
        ],
        "tools": [
          "焊机",
          "定位销"
        ],
        "warnings": [
          "旋转弧板是关键定位件，焊接时必须保证其中心孔的同轴度和位置精度。"
        ]
      },
      {
        "step_number": 7,
        "action": "安装固定套和轴套",
        "description": "将图纸上编号为8的固定套（01.02.05.0334）和编号为9的轴套（01.02.02.0447）分别焊接到⑦号旋转弧板的中心孔位置。固定套和轴套应同轴，并与弧板牢固焊接。",
        "position_description": "固定套和轴套安装在⑦号旋转弧板的中心孔上，形成旋转支撑点。",
        "parts_used": [
          {
            "bom_seq": "8",
            "bom_name": "固定套",
            "quantity": 1,
            "drawing_number": "8",
            "node_name": [
              "NAUO11"
            ],
            "bom_code": "01.02.05.0334"
          },
          {
            "bom_seq": "9",
            "bom_name": "轴套",
            "quantity": 1,
            "drawing_number": "9",
            "node_name": [
              "NAUO14"
            ],
            "bom_code": "01.02.02.0447"
          }
        ],
        "tools": [
          "焊机",
          "游标卡尺"
        ],
        "warnings": [
          "固定套和轴套的焊接必须保证同轴度，避免偏心。焊缝应饱满，无气孔。"
        ]
      }
    ],
    "raw_result": {
      "component_code": "01.09.2154",
      "component_name": "挂架组件-漆后",
      "visual_analysis": {
        "base_part_drawing_number": "3",
        "assembly_sequence_reasoning": "基准件是图纸上编号为3的方管，它是最长、最重的零件，所有其他零件都焊接到它上面。装配顺序应遵循先主体后附件、先内部后外部的原则，因此先将臂板（1和2）焊接到方管两端，再安装中间的旋转机构零件（7、8、9）。"
      },
      "assembly_steps": [
        {
          "step_number": 1,
          "action": "放置基准件",
          "description": "将图纸上编号为3的方管（01.02.03.0206）平稳放置在装配工装或工作台上，作为整个组件的装配基准。",
          "position_description": "方管水平放置，确保后续焊接操作的可达性。",
          "parts_used": [
            {
              "bom_seq": "3",
              "bom_name": "方管-机加",
              "quantity": 1,
              "drawing_number": "3",
              "node_name": [
                "NAUO3"
              ],
              "bom_code": "01.02.03.0206"
            }
          ],
          "tools": [
            "行车/吊具",
            "水平仪",
            "装配工装"
          ],
          "warnings": [
            "方管较重，吊装时注意安全，确保吊装平稳。"
          ]
        },
        {
          "step_number": 2,
          "action": "安装悬挂臂板",
          "description": "将图纸上编号为1的右悬挂臂板（01.02.01.3870）和编号为2的左悬挂臂板（01.02.01.3871）分别焊接到③号方管的两端。注意臂板的方向和孔位朝向，确保与图纸所示一致。",
          "position_description": "①号臂板焊接到③号方管的一端，②号臂板焊接到另一端。臂板的平面应与方管的轴线垂直。",
          "parts_used": [
            {
              "bom_seq": "1",
              "bom_name": "右悬挂臂板",
              "quantity": 1,
              "drawing_number": "1",
              "node_name": [
                "NAUO1"
              ],
              "bom_code": "01.02.01.3870"
            },
            {
              "bom_seq": "2",
              "bom_name": "左悬挂臂板",
              "quantity": 1,
              "drawing_number": "2",
              "node_name": [
                "NAUO2"
              ],
              "bom_code": "01.02.01.3871"
            }
          ],
          "tools": [
            "焊机",
            "角尺",
            "卡具"
          ],
          "warnings": [
            "焊接前必须点焊定位，使用角尺检查臂板与方管的垂直度。"
          ]
        },
        {
          "step_number": 3,
          "action": "安装方形板",
          "description": "将图纸上编号为6的方形板（01.01.01.4776）焊接到③号方管的顶部，靠近②号左悬挂臂板的一侧。方形板的两个孔位应与方管上的预留孔位对齐。",
          "position_description": "方形板位于③号方管顶部，靠近左侧（②号臂板）端部。",
          "parts_used": [
            {
              "bom_seq": "6",
              "bom_name": "方形板",
              "quantity": 2,
              "drawing_number": "6",
              "node_name": [
                "NAUO7",
                "NAUO6"
              ],
              "bom_code": "01.01.01.4776"
            }
          ],
          "tools": [
            "焊机",
            "卷尺"
          ],
          "warnings": [
            "确保方形板的安装位置和方向正确，避免遮挡其他安装孔位。"
          ]
        },
        {
          "step_number": 4,
          "action": "安装角钢",
          "description": "将图纸上编号为4的角钢（01.02.04.0084）焊接到③号方管的侧面。角钢用于加强结构，需按照图纸上的尺寸和位置进行定位和焊接。",
          "position_description": "角钢沿③号方管的长度方向分布，注意其数量和间距。",
          "parts_used": [
            {
              "bom_seq": "4",
              "bom_name": "角钢",
              "quantity": 5,
              "drawing_number": "4",
              "node_name": [
                "NAUO16",
                "NAUO15",
                "NAUO13",
                "NAUO12",
                "NAUO4"
              ],
              "bom_code": "01.02.04.0084"
            }
          ],
          "tools": [
            "焊机",
            "定位尺"
          ],
          "warnings": [
            "角钢的焊接应牢固，焊缝应符合技术要求，焊后清理焊渣。"
          ]
        },
        {
          "step_number": 5,
          "action": "安装方管-机加",
          "description": "将图纸上编号为5的方管-机加（01.02.03.0207）焊接到③号方管的底部，靠近①号右悬挂臂板的一侧。注意方管的孔位朝向。",
          "position_description": "方管-机加位于③号方管的底部，作为加强筋。",
          "parts_used": [
            {
              "bom_seq": "5",
              "bom_name": "方管-机加",
              "quantity": 2,
              "drawing_number": "5",
              "node_name": [
                "NAUO8",
                "NAUO5"
              ],
              "bom_code": "01.02.03.0207"
            }
          ],
          "tools": [
            "焊机",
            "卡具"
          ],
          "warnings": [
            "确保方管-机加与主方管的相对位置精度，避免影响后续装配。"
          ]
        },
        {
          "step_number": 6,
          "action": "安装旋转弧板",
          "description": "将图纸上编号为7的旋转弧板（01.02.01.3872）焊接到③号方管的中间位置。弧板的中心孔应与方管上的预留孔位对齐，并确保弧板的旋转方向正确。",
          "position_description": "旋转弧板位于③号方管中部，用于连接旋转机构。",
          "parts_used": [
            {
              "bom_seq": "7",
              "bom_name": "旋转弧板",
              "quantity": 2,
              "drawing_number": "7",
              "node_name": [
                "NAUO10",
                "NAUO9"
              ],
              "bom_code": "01.02.01.3872"
            }
          ],
          "tools": [
            "焊机",
            "定位销"
          ],
          "warnings": [
            "旋转弧板是关键定位件，焊接时必须保证其中心孔的同轴度和位置精度。"
          ]
        },
        {
          "step_number": 7,
          "action": "安装固定套和轴套",
          "description": "将图纸上编号为8的固定套（01.02.05.0334）和编号为9的轴套（01.02.02.0447）分别焊接到⑦号旋转弧板的中心孔位置。固定套和轴套应同轴，并与弧板牢固焊接。",
          "position_description": "固定套和轴套安装在⑦号旋转弧板的中心孔上，形成旋转支撑点。",
          "parts_used": [
            {
              "bom_seq": "8",
              "bom_name": "固定套",
              "quantity": 1,
              "drawing_number": "8",
              "node_name": [
                "NAUO11"
              ],
              "bom_code": "01.02.05.0334"
            },
            {
              "bom_seq": "9",
              "bom_name": "轴套",
              "quantity": 1,
              "drawing_number": "9",
              "node_name": [
                "NAUO14"
              ],
              "bom_code": "01.02.02.0447"
            }
          ],
          "tools": [
            "焊机",
            "游标卡尺"
          ],
          "warnings": [
            "固定套和轴套的焊接必须保证同轴度，避免偏心。焊缝应饱满，无气孔。"
          ]
        }
      ],
      "quality_checks": [
        "检查所有焊接部位的焊缝是否连续、饱满，无虚焊、漏焊等缺陷。",
        "使用角尺和水平仪检查①号和②号悬挂臂板与③号方管的垂直度，误差应在允许范围内。",
        "检查⑦号旋转弧板上的⑧号固定套和⑨号轴套的同轴度，确保旋转机构的精度。",
        "检查所有锐边、锐角是否已按技术要求进行倒钝处理。",
        "检查组件整体尺寸是否符合图纸要求，特别是总长1938mm和总高700mm的尺寸。"
      ],
      "estimated_time_minutes": 90
    },
    "assembly_order": 2,
    "drawing_index": 2
  },
  {
    "success": true,
    "component_code": "01.09.1144",
    "component_name": "主框架组件-漆后",
    "assembly_steps": [
      {
        "step_number": 1,
        "action": "放置基准件",
        "description": "将图纸上标注为3号的方管（FG-T5*80*80-318-Q345）平稳放置在装配平台上，作为装配基准。确保方管水平。",
        "position_description": "装配平台中央",
        "parts_used": [
          {
            "bom_seq": "2",
            "bom_name": "方管",
            "quantity": 2,
            "drawing_number": "3",
            "node_name": [
              "NAUO4",
              "NAUO3"
            ],
            "bom_code": "01.01.03.0693"
          }
        ],
        "tools": [
          "行车（吊装）",
          "水平仪"
        ],
        "warnings": [
          "方管较重，吊装时注意安全，确保吊装平稳。",
          "检查方管表面是否有磕碰或变形。"
        ]
      },
      {
        "step_number": 2,
        "action": "安装主框架方管",
        "description": "将图纸上标注为1号和2号的方管（FG-T5*80*80-1134-Q345）分别放置在3号方管的两侧，形成主框架的上下边。注意方管的长度方向对齐，并使用夹具临时固定。",
        "position_description": "1号方管位于3号方管上方，2号方管位于3号方管下方，两端对齐。",
        "parts_used": [
          {
            "bom_seq": "1",
            "bom_name": "方管",
            "quantity": 2,
            "drawing_number": "1, 2",
            "node_name": [
              "NAUO2",
              "NAUO1"
            ],
            "bom_code": "01.01.03.0692"
          }
        ],
        "tools": [
          "C型夹具",
          "卷尺"
        ],
        "warnings": [
          "确保方管之间的间隙均匀，为后续焊接做准备。",
          "使用卷尺检查方管两端是否对齐，总长尺寸应符合图纸要求。"
        ]
      },
      {
        "step_number": 3,
        "action": "安装中侧板",
        "description": "将图纸上标注为4号的中侧板（S-RB1830-03-02-Q345）安装在由1号、2号、3号方管组成的主框架内部，位于框架的中间位置。中侧板应垂直于方管，并与方管内壁贴合。",
        "position_description": "位于主框架内部，两侧对称安装。",
        "parts_used": [
          {
            "bom_seq": "3",
            "bom_name": "中侧板",
            "quantity": 2,
            "drawing_number": "4",
            "node_name": [
              "NAUO6",
              "NAUO5"
            ],
            "bom_code": "01.01.01.4792"
          }
        ],
        "tools": [
          "直角尺",
          "点焊机"
        ],
        "warnings": [
          "中侧板是后续零件的安装基准，必须保证其垂直度。",
          "先点焊固定，待所有零件定位完成后再进行满焊。"
        ]
      },
      {
        "step_number": 4,
        "action": "安装中连接板和方形板-机加",
        "description": "将图纸上标注为5号的中连接板（S-RB1830-03-03-Q345）和6号的方形板-机加（S-RB1830-03-04-Q345）安装在4号中侧板的中央位置。5号中连接板位于4号中侧板的上方，6号方形板-机加位于下方，两者通过预留孔位对齐。",
        "position_description": "位于4号中侧板的中央，上下对称。",
        "parts_used": [
          {
            "bom_seq": "4",
            "bom_name": "中连接板",
            "quantity": 2,
            "drawing_number": "5",
            "node_name": [
              "NAUO8",
              "NAUO7"
            ],
            "bom_code": "01.02.01.3875"
          },
          {
            "bom_seq": "5",
            "bom_name": "方形板-机加",
            "quantity": 1,
            "drawing_number": "6",
            "node_name": [
              "NAUO9"
            ],
            "bom_code": "01.02.01.3876"
          }
        ],
        "tools": [
          "夹具",
          "点焊机"
        ],
        "warnings": [
          "确保5号中连接板和6号方形板-机加的孔位对齐，这是后续装配的关键。",
          "先点焊固定，检查无误后再进行满焊。"
        ]
      },
      {
        "step_number": 5,
        "action": "安装轴套",
        "description": "将图纸上标注为7号的轴套（S-RB1830-03-07-Q235）安装在6号方形板-机加的中心孔位上。轴套应与方形板垂直，并点焊固定。",
        "position_description": "位于6号方形板-机加的中心。",
        "parts_used": [
          {
            "bom_seq": "6",
            "bom_name": "轴套",
            "quantity": 1,
            "drawing_number": "7",
            "node_name": [
              "NAUO10"
            ],
            "bom_code": "01.02.02.0446"
          }
        ],
        "tools": [
          "点焊机",
          "直角尺"
        ],
        "warnings": [
          "轴套的垂直度要求高，必须使用直角尺或专用工装辅助定位。",
          "轴套焊接时注意保护内孔，防止焊渣飞溅。"
        ]
      },
      {
        "step_number": 6,
        "action": "安装左右连接器板",
        "description": "将图纸上标注为8号的左连接器板（S-LP1730(68IN)-MP1140-LT-01-06-Q460）和11号的右连接器板（S-LP1730(68IN)-MP1140-LT-01-08-Q460）分别安装在主框架的两端，与1号、2号方管和4号中侧板对齐。",
        "position_description": "8号左连接器板安装在框架左侧，11号右连接器板安装在框架右侧。",
        "parts_used": [
          {
            "bom_seq": "7",
            "bom_name": "左连接器板",
            "quantity": 1,
            "drawing_number": "8",
            "node_name": [
              "NAUO11"
            ],
            "bom_code": "01.01.01.11589"
          },
          {
            "bom_seq": "10",
            "bom_name": "右连接器板",
            "quantity": 1,
            "drawing_number": "11",
            "node_name": [
              "NAUO14"
            ],
            "bom_code": "01.01.01.11591"
          }
        ],
        "tools": [
          "夹具",
          "点焊机"
        ],
        "warnings": [
          "连接器板的安装位置决定了组件的整体尺寸，必须精确对齐。",
          "检查连接器板上的孔位是否与方管上的预留孔位对齐。"
        ]
      },
      {
        "step_number": 7,
        "action": "安装上挂板",
        "description": "将图纸上标注为9号的上挂板（S-LP1730(68IN)-MP1140-LT-01-07-Q460）安装在主框架的上方，位于1号方管和4号中侧板之间。",
        "position_description": "位于主框架上部，中央偏左位置。",
        "parts_used": [
          {
            "bom_seq": "8",
            "bom_name": "上挂板",
            "quantity": 1,
            "drawing_number": "9",
            "node_name": [
              "NAUO12"
            ],
            "bom_code": "01.01.01.11590"
          }
        ],
        "tools": [
          "夹具",
          "点焊机"
        ],
        "warnings": [
          "上挂板是吊装受力点，焊接必须牢固，焊缝应连续饱满。"
        ]
      },
      {
        "step_number": 8,
        "action": "安装方形板-机加",
        "description": "将图纸上标注为10号的方形板-机加（S-LP1730(68IN)-MP1140-LT-01-10-Q460）安装在主框架的两侧，位于4号中侧板和连接器板之间。",
        "position_description": "位于主框架两侧，上下对称。",
        "parts_used": [
          {
            "bom_seq": "9",
            "bom_name": "方形板-机加",
            "quantity": 2,
            "drawing_number": "10",
            "node_name": [
              "NAUO15",
              "NAUO13"
            ],
            "bom_code": "01.01.01.11593"
          }
        ],
        "tools": [
          "夹具",
          "点焊机"
        ],
        "warnings": [
          "方形板-机加的安装位置应与图纸尺寸严格一致，确保孔位精度。"
        ]
      },
      {
        "step_number": 9,
        "action": "安装三角板",
        "description": "将图纸上标注为12号的三角板（SJB-T8*64*37-Q355B）安装在主框架的四个角部，用于加强结构强度。三角板应与相邻的方管和板件贴合紧密。",
        "position_description": "安装在主框架的四个角部，共4块。",
        "parts_used": [
          {
            "bom_seq": "11",
            "bom_name": "三角板",
            "quantity": 4,
            "drawing_number": "12",
            "node_name": [
              "NAUO19",
              "NAUO18",
              "NAUO17",
              "NAUO16"
            ],
            "bom_code": "01.01.01.11626"
          }
        ],
        "tools": [
          "夹具",
          "点焊机"
        ],
        "warnings": [
          "三角板是加强件，点焊时确保其位置准确，不影响后续满焊。"
        ]
      },
      {
        "step_number": 10,
        "action": "安装方形板",
        "description": "将图纸上标注为13号的方形板（FXB-T6*75*75-Q235）安装在主框架的底部，位于2号方管的下方，作为支撑和加强。",
        "position_description": "位于主框架底部，两侧对称安装。",
        "parts_used": [
          {
            "bom_seq": "12",
            "bom_name": "方形板",
            "quantity": 4,
            "drawing_number": "13",
            "node_name": [
              "NAUO23",
              "NAUO22",
              "NAUO21",
              "NAUO20"
            ],
            "bom_code": "01.01.01.3941"
          }
        ],
        "tools": [
          "夹具",
          "点焊机"
        ],
        "warnings": [
          "方形板的安装应保证与2号方管的接触面平整，避免翘曲。"
        ]
      },
      {
        "step_number": 11,
        "action": "安装防滑板",
        "description": "将图纸上标注为14号的防滑板（S-EDGP1630-DR-01-10-Q235）安装在主框架的顶部，位于1号方管的上方，用于防滑。",
        "position_description": "位于主框架顶部，两侧对称安装。",
        "parts_used": [
          {
            "bom_seq": "13",
            "bom_name": "防滑板",
            "quantity": 2,
            "drawing_number": "14",
            "node_name": [
              "NAUO25",
              "NAUO24"
            ],
            "bom_code": "01.01.01.0517"
          }
        ],
        "tools": [
          "夹具",
          "点焊机"
        ],
        "warnings": [
          "防滑板的安装方向应符合图纸要求，防滑纹路朝上。"
        ]
      },
      {
        "step_number": 12,
        "action": "满焊固定",
        "description": "对所有已点焊固定的零件连接处进行满焊。焊接顺序应遵循“选择合理焊接顺序，保证焊接平稳性”的原则，采用对称、分段、跳焊等方式，减少焊接变形。",
        "position_description": "所有零件的连接焊缝。",
        "parts_used": [],
        "tools": [
          "焊机（CO2或电弧焊）",
          "焊钳",
          "防护用品"
        ],
        "warnings": [
          "焊接前检查所有定位尺寸是否准确，一旦满焊将难以修正。",
          "注意焊接电流和速度，确保焊缝成型美观、无虚焊、漏焊等缺陷。"
        ]
      },
      {
        "step_number": 13,
        "action": "焊后清理与打磨",
        "description": "焊接完成后，去除所有焊渣、飞溅物。对所有焊缝进行打磨处理，特别是外观面和锐边/锐角/尖角，确保符合“锐边/锐角/尖角倒钝”的技术要求。",
        "position_description": "所有焊缝和锐利边缘。",
        "parts_used": [],
        "tools": [
          "角磨机",
          "钢丝刷",
          "防护眼镜"
        ],
        "warnings": [
          "打磨时注意保护已加工面，避免损伤。",
          "打磨后的表面应平整，为后续喷漆做准备。"
        ]
      }
    ],
    "raw_result": {
      "component_code": "01.09.1144",
      "component_name": "主框架组件-漆后",
      "visual_analysis": {
        "base_part_drawing_number": "3",
        "assembly_sequence_reasoning": "基准件是图纸上最长、最重的方管（3号），应首先放置。然后依次安装两侧的方管（1号和2号），形成主框架结构。接着安装内部的连接板（4号、5号、6号）和侧板（7号、10号），最后安装外部的加强板和防滑板。"
      },
      "assembly_steps": [
        {
          "step_number": 1,
          "action": "放置基准件",
          "description": "将图纸上标注为3号的方管（FG-T5*80*80-318-Q345）平稳放置在装配平台上，作为装配基准。确保方管水平。",
          "position_description": "装配平台中央",
          "parts_used": [
            {
              "bom_seq": "2",
              "bom_name": "方管",
              "quantity": 2,
              "drawing_number": "3",
              "node_name": [
                "NAUO4",
                "NAUO3"
              ],
              "bom_code": "01.01.03.0693"
            }
          ],
          "tools": [
            "行车（吊装）",
            "水平仪"
          ],
          "warnings": [
            "方管较重，吊装时注意安全，确保吊装平稳。",
            "检查方管表面是否有磕碰或变形。"
          ]
        },
        {
          "step_number": 2,
          "action": "安装主框架方管",
          "description": "将图纸上标注为1号和2号的方管（FG-T5*80*80-1134-Q345）分别放置在3号方管的两侧，形成主框架的上下边。注意方管的长度方向对齐，并使用夹具临时固定。",
          "position_description": "1号方管位于3号方管上方，2号方管位于3号方管下方，两端对齐。",
          "parts_used": [
            {
              "bom_seq": "1",
              "bom_name": "方管",
              "quantity": 2,
              "drawing_number": "1, 2",
              "node_name": [
                "NAUO2",
                "NAUO1"
              ],
              "bom_code": "01.01.03.0692"
            }
          ],
          "tools": [
            "C型夹具",
            "卷尺"
          ],
          "warnings": [
            "确保方管之间的间隙均匀，为后续焊接做准备。",
            "使用卷尺检查方管两端是否对齐，总长尺寸应符合图纸要求。"
          ]
        },
        {
          "step_number": 3,
          "action": "安装中侧板",
          "description": "将图纸上标注为4号的中侧板（S-RB1830-03-02-Q345）安装在由1号、2号、3号方管组成的主框架内部，位于框架的中间位置。中侧板应垂直于方管，并与方管内壁贴合。",
          "position_description": "位于主框架内部，两侧对称安装。",
          "parts_used": [
            {
              "bom_seq": "3",
              "bom_name": "中侧板",
              "quantity": 2,
              "drawing_number": "4",
              "node_name": [
                "NAUO6",
                "NAUO5"
              ],
              "bom_code": "01.01.01.4792"
            }
          ],
          "tools": [
            "直角尺",
            "点焊机"
          ],
          "warnings": [
            "中侧板是后续零件的安装基准，必须保证其垂直度。",
            "先点焊固定，待所有零件定位完成后再进行满焊。"
          ]
        },
        {
          "step_number": 4,
          "action": "安装中连接板和方形板-机加",
          "description": "将图纸上标注为5号的中连接板（S-RB1830-03-03-Q345）和6号的方形板-机加（S-RB1830-03-04-Q345）安装在4号中侧板的中央位置。5号中连接板位于4号中侧板的上方，6号方形板-机加位于下方，两者通过预留孔位对齐。",
          "position_description": "位于4号中侧板的中央，上下对称。",
          "parts_used": [
            {
              "bom_seq": "4",
              "bom_name": "中连接板",
              "quantity": 2,
              "drawing_number": "5",
              "node_name": [
                "NAUO8",
                "NAUO7"
              ],
              "bom_code": "01.02.01.3875"
            },
            {
              "bom_seq": "5",
              "bom_name": "方形板-机加",
              "quantity": 1,
              "drawing_number": "6",
              "node_name": [
                "NAUO9"
              ],
              "bom_code": "01.02.01.3876"
            }
          ],
          "tools": [
            "夹具",
            "点焊机"
          ],
          "warnings": [
            "确保5号中连接板和6号方形板-机加的孔位对齐，这是后续装配的关键。",
            "先点焊固定，检查无误后再进行满焊。"
          ]
        },
        {
          "step_number": 5,
          "action": "安装轴套",
          "description": "将图纸上标注为7号的轴套（S-RB1830-03-07-Q235）安装在6号方形板-机加的中心孔位上。轴套应与方形板垂直，并点焊固定。",
          "position_description": "位于6号方形板-机加的中心。",
          "parts_used": [
            {
              "bom_seq": "6",
              "bom_name": "轴套",
              "quantity": 1,
              "drawing_number": "7",
              "node_name": [
                "NAUO10"
              ],
              "bom_code": "01.02.02.0446"
            }
          ],
          "tools": [
            "点焊机",
            "直角尺"
          ],
          "warnings": [
            "轴套的垂直度要求高，必须使用直角尺或专用工装辅助定位。",
            "轴套焊接时注意保护内孔，防止焊渣飞溅。"
          ]
        },
        {
          "step_number": 6,
          "action": "安装左右连接器板",
          "description": "将图纸上标注为8号的左连接器板（S-LP1730(68IN)-MP1140-LT-01-06-Q460）和11号的右连接器板（S-LP1730(68IN)-MP1140-LT-01-08-Q460）分别安装在主框架的两端，与1号、2号方管和4号中侧板对齐。",
          "position_description": "8号左连接器板安装在框架左侧，11号右连接器板安装在框架右侧。",
          "parts_used": [
            {
              "bom_seq": "7",
              "bom_name": "左连接器板",
              "quantity": 1,
              "drawing_number": "8",
              "node_name": [
                "NAUO11"
              ],
              "bom_code": "01.01.01.11589"
            },
            {
              "bom_seq": "10",
              "bom_name": "右连接器板",
              "quantity": 1,
              "drawing_number": "11",
              "node_name": [
                "NAUO14"
              ],
              "bom_code": "01.01.01.11591"
            }
          ],
          "tools": [
            "夹具",
            "点焊机"
          ],
          "warnings": [
            "连接器板的安装位置决定了组件的整体尺寸，必须精确对齐。",
            "检查连接器板上的孔位是否与方管上的预留孔位对齐。"
          ]
        },
        {
          "step_number": 7,
          "action": "安装上挂板",
          "description": "将图纸上标注为9号的上挂板（S-LP1730(68IN)-MP1140-LT-01-07-Q460）安装在主框架的上方，位于1号方管和4号中侧板之间。",
          "position_description": "位于主框架上部，中央偏左位置。",
          "parts_used": [
            {
              "bom_seq": "8",
              "bom_name": "上挂板",
              "quantity": 1,
              "drawing_number": "9",
              "node_name": [
                "NAUO12"
              ],
              "bom_code": "01.01.01.11590"
            }
          ],
          "tools": [
            "夹具",
            "点焊机"
          ],
          "warnings": [
            "上挂板是吊装受力点，焊接必须牢固，焊缝应连续饱满。"
          ]
        },
        {
          "step_number": 8,
          "action": "安装方形板-机加",
          "description": "将图纸上标注为10号的方形板-机加（S-LP1730(68IN)-MP1140-LT-01-10-Q460）安装在主框架的两侧，位于4号中侧板和连接器板之间。",
          "position_description": "位于主框架两侧，上下对称。",
          "parts_used": [
            {
              "bom_seq": "9",
              "bom_name": "方形板-机加",
              "quantity": 2,
              "drawing_number": "10",
              "node_name": [
                "NAUO15",
                "NAUO13"
              ],
              "bom_code": "01.01.01.11593"
            }
          ],
          "tools": [
            "夹具",
            "点焊机"
          ],
          "warnings": [
            "方形板-机加的安装位置应与图纸尺寸严格一致，确保孔位精度。"
          ]
        },
        {
          "step_number": 9,
          "action": "安装三角板",
          "description": "将图纸上标注为12号的三角板（SJB-T8*64*37-Q355B）安装在主框架的四个角部，用于加强结构强度。三角板应与相邻的方管和板件贴合紧密。",
          "position_description": "安装在主框架的四个角部，共4块。",
          "parts_used": [
            {
              "bom_seq": "11",
              "bom_name": "三角板",
              "quantity": 4,
              "drawing_number": "12",
              "node_name": [
                "NAUO19",
                "NAUO18",
                "NAUO17",
                "NAUO16"
              ],
              "bom_code": "01.01.01.11626"
            }
          ],
          "tools": [
            "夹具",
            "点焊机"
          ],
          "warnings": [
            "三角板是加强件，点焊时确保其位置准确，不影响后续满焊。"
          ]
        },
        {
          "step_number": 10,
          "action": "安装方形板",
          "description": "将图纸上标注为13号的方形板（FXB-T6*75*75-Q235）安装在主框架的底部，位于2号方管的下方，作为支撑和加强。",
          "position_description": "位于主框架底部，两侧对称安装。",
          "parts_used": [
            {
              "bom_seq": "12",
              "bom_name": "方形板",
              "quantity": 4,
              "drawing_number": "13",
              "node_name": [
                "NAUO23",
                "NAUO22",
                "NAUO21",
                "NAUO20"
              ],
              "bom_code": "01.01.01.3941"
            }
          ],
          "tools": [
            "夹具",
            "点焊机"
          ],
          "warnings": [
            "方形板的安装应保证与2号方管的接触面平整，避免翘曲。"
          ]
        },
        {
          "step_number": 11,
          "action": "安装防滑板",
          "description": "将图纸上标注为14号的防滑板（S-EDGP1630-DR-01-10-Q235）安装在主框架的顶部，位于1号方管的上方，用于防滑。",
          "position_description": "位于主框架顶部，两侧对称安装。",
          "parts_used": [
            {
              "bom_seq": "13",
              "bom_name": "防滑板",
              "quantity": 2,
              "drawing_number": "14",
              "node_name": [
                "NAUO25",
                "NAUO24"
              ],
              "bom_code": "01.01.01.0517"
            }
          ],
          "tools": [
            "夹具",
            "点焊机"
          ],
          "warnings": [
            "防滑板的安装方向应符合图纸要求，防滑纹路朝上。"
          ]
        },
        {
          "step_number": 12,
          "action": "满焊固定",
          "description": "对所有已点焊固定的零件连接处进行满焊。焊接顺序应遵循“选择合理焊接顺序，保证焊接平稳性”的原则，采用对称、分段、跳焊等方式，减少焊接变形。",
          "position_description": "所有零件的连接焊缝。",
          "parts_used": [],
          "tools": [
            "焊机（CO2或电弧焊）",
            "焊钳",
            "防护用品"
          ],
          "warnings": [
            "焊接前检查所有定位尺寸是否准确，一旦满焊将难以修正。",
            "注意焊接电流和速度，确保焊缝成型美观、无虚焊、漏焊等缺陷。"
          ]
        },
        {
          "step_number": 13,
          "action": "焊后清理与打磨",
          "description": "焊接完成后，去除所有焊渣、飞溅物。对所有焊缝进行打磨处理，特别是外观面和锐边/锐角/尖角，确保符合“锐边/锐角/尖角倒钝”的技术要求。",
          "position_description": "所有焊缝和锐利边缘。",
          "parts_used": [],
          "tools": [
            "角磨机",
            "钢丝刷",
            "防护眼镜"
          ],
          "warnings": [
            "打磨时注意保护已加工面，避免损伤。",
            "打磨后的表面应平整，为后续喷漆做准备。"
          ]
        }
      ],
      "quality_checks": [
        "检查主框架的整体尺寸（长、宽、高）是否符合图纸要求（如1140mm、480mm）。",
        "检查所有焊缝是否连续、饱满，无气孔、夹渣、裂纹等缺陷。",
        "检查轴套（7号）的垂直度是否在公差范围内。",
        "检查所有锐边、锐角是否已进行倒钝处理。",
        "检查所有孔位是否对齐，无堵塞或变形。"
      ],
      "estimated_time_minutes": 180
    },
    "assembly_order": 1,
    "drawing_index": 1
  },
  {
    "success": true,
    "component_code": "01.09.0402",
    "component_name": "毛刷套组件-漆后",
    "assembly_steps": [
      {
        "step_number": 1,
        "action": "接收与检查",
        "description": "接收并核对已完成的子组件“毛刷固定板组-漆后”（01.03.0190）。检查组件外观是否符合技术要求，特别是漆面是否均匀、美观、无露白、无划伤等不良。",
        "position_description": "无",
        "parts_used": [
          {
            "bom_seq": "1",
            "bom_name": "毛刷固定板组",
            "quantity": 1,
            "drawing_number": "无（该零件为组焊件，图纸展示的是其结构）",
            "node_name": [
              "NAUO2"
            ],
            "bom_code": "01.03.0190"
          }
        ],
        "tools": [
          "游标卡尺（测量关键尺寸）",
          "外观检查灯"
        ],
        "warnings": [
          "搬运时注意保护漆面，避免磕碰。",
          "检查组件是否带有合格证或检验标记。"
        ]
      },
      {
        "step_number": 2,
        "action": "尺寸复核",
        "description": "使用测量工具复核组件的关键尺寸，包括圆板直径Ø250mm和总长度131mm，确保符合图纸要求。",
        "position_description": "无",
        "parts_used": [],
        "tools": [
          "卷尺",
          "游标卡尺"
        ],
        "warnings": [
          "尺寸公差应符合GB/T 1804-m级要求。"
        ]
      }
    ],
    "raw_result": {
      "component_code": "01.09.0402",
      "component_name": "毛刷套组件-漆后",
      "visual_analysis": {
        "base_part_drawing_number": "无",
        "assembly_sequence_reasoning": "根据图纸和BOM信息，该组件（01.09.0402）实际上是一个已完成的子组件（毛刷固定板组-漆后，01.03.0190）的包装或管理代号。图纸显示的是一个完整的组焊件，没有需要装配的散件。因此，装配步骤仅为接收和检查该子组件。"
      },
      "assembly_steps": [
        {
          "step_number": 1,
          "action": "接收与检查",
          "description": "接收并核对已完成的子组件“毛刷固定板组-漆后”（01.03.0190）。检查组件外观是否符合技术要求，特别是漆面是否均匀、美观、无露白、无划伤等不良。",
          "position_description": "无",
          "parts_used": [
            {
              "bom_seq": "1",
              "bom_name": "毛刷固定板组",
              "quantity": 1,
              "drawing_number": "无（该零件为组焊件，图纸展示的是其结构）",
              "node_name": [
                "NAUO2"
              ],
              "bom_code": "01.03.0190"
            }
          ],
          "tools": [
            "游标卡尺（测量关键尺寸）",
            "外观检查灯"
          ],
          "warnings": [
            "搬运时注意保护漆面，避免磕碰。",
            "检查组件是否带有合格证或检验标记。"
          ]
        },
        {
          "step_number": 2,
          "action": "尺寸复核",
          "description": "使用测量工具复核组件的关键尺寸，包括圆板直径Ø250mm和总长度131mm，确保符合图纸要求。",
          "position_description": "无",
          "parts_used": [],
          "tools": [
            "卷尺",
            "游标卡尺"
          ],
          "warnings": [
            "尺寸公差应符合GB/T 1804-m级要求。"
          ]
        }
      ],
      "quality_checks": [
        "检查组件外观：漆面是否均匀、美观，无露白、划伤等不良。",
        "复核圆板直径Ø250mm和总长度131mm是否在公差范围内。",
        "检查组件是否清洁，无油污、灰尘。"
      ],
      "estimated_time_minutes": 10
    },
    "assembly_order": 3,
    "drawing_index": 3
  },
  {
    "success": true,
    "component_code": "01.09.0403",
    "component_name": "毛刷固定板组-漆后",
    "assembly_steps": [
      {
        "step_number": 1,
        "action": "准备基准件",
        "description": "将图纸上标注为④的无缝管（01.01.02.1869）放置在焊接工装夹具上，确保无缝管水平且稳定。",
        "position_description": "无缝管水平放置在工装上，作为装配中心轴。",
        "parts_used": [
          {
            "bom_seq": "4",
            "bom_name": "无缝管",
            "quantity": 1,
            "drawing_number": "4",
            "node_name": [
              "NAUO6"
            ],
            "bom_code": "01.01.02.1869"
          }
        ],
        "tools": [
          "焊接工装夹具",
          "水平仪",
          "卷尺"
        ],
        "warnings": [
          "确保无缝管表面清洁，无油污、锈迹。"
        ]
      },
      {
        "step_number": 2,
        "action": "安装圆板1（基准端）",
        "description": "将图纸上标注为①的圆板（01.01.01.16586）套入无缝管（④）的一端。圆板的内孔与无缝管外径应紧密配合。根据图纸尺寸，圆板①应与无缝管端面齐平。",
        "position_description": "圆板①安装在无缝管④的左端（或基准端）。",
        "parts_used": [
          {
            "bom_seq": "1",
            "bom_name": "圆板",
            "quantity": 1,
            "drawing_number": "1",
            "node_name": [
              "NAUO1"
            ],
            "bom_code": "01.01.01.16586"
          }
        ],
        "tools": [
          "橡胶锤",
          "直角尺"
        ],
        "warnings": [
          "圆板①的平面（不焊接面）朝外，确保安装方向正确。"
        ]
      },
      {
        "step_number": 3,
        "action": "点焊圆板1",
        "description": "在圆板①与无缝管④的连接处，沿圆周均匀点焊4点进行初步固定。点焊位置应避开后续方管（③）的安装位置。",
        "position_description": "圆板①与无缝管④的连接圆周。",
        "parts_used": [],
        "tools": [
          "焊机",
          "焊钳"
        ],
        "warnings": [
          "点焊牢固即可，避免变形。"
        ]
      },
      {
        "step_number": 4,
        "action": "安装圆板2（非基准端）",
        "description": "将图纸上标注为②的圆板（01.02.01.3847）套入无缝管（④）的另一端。根据图纸尺寸，圆板②应与无缝管端面齐平。",
        "position_description": "圆板②安装在无缝管④的右端（或非基准端）。",
        "parts_used": [
          {
            "bom_seq": "2",
            "bom_name": "圆板",
            "quantity": 1,
            "drawing_number": "2",
            "node_name": [
              "NAUO2"
            ],
            "bom_code": "01.02.01.3847"
          }
        ],
        "tools": [
          "橡胶锤",
          "直角尺"
        ],
        "warnings": [
          "圆板②的平面（不焊接面）朝外，确保安装方向正确。"
        ]
      },
      {
        "step_number": 5,
        "action": "点焊圆板2",
        "description": "在圆板②与无缝管④的连接处，沿圆周均匀点焊4点进行初步固定。",
        "position_description": "圆板②与无缝管④的连接圆周。",
        "parts_used": [],
        "tools": [
          "焊机",
          "焊钳"
        ],
        "warnings": [
          "点焊牢固即可，避免变形。"
        ]
      },
      {
        "step_number": 6,
        "action": "安装方管（定位）",
        "description": "取图纸上标注为③的三个方管（01.01.03.1453）。将三个方管沿无缝管（④）外侧均匀分布，确保方管的长度方向与无缝管平行。方管的端面应与圆板①和圆板②的外侧平面齐平。",
        "position_description": "三个方管③沿无缝管④外侧，呈120度均匀分布。",
        "parts_used": [
          {
            "bom_seq": "3",
            "bom_name": "方管",
            "quantity": 3,
            "drawing_number": "3",
            "node_name": [
              "NAUO5",
              "NAUO4",
              "NAUO3"
            ],
            "bom_code": "01.01.03.1453"
          }
        ],
        "tools": [
          "角度尺",
          "卷尺",
          "夹具"
        ],
        "warnings": [
          "方管的分布角度必须均匀，使用夹具固定到位。"
        ]
      },
      {
        "step_number": 7,
        "action": "点焊方管",
        "description": "在每个方管（③）的两端与圆板（①和②）的连接处进行点焊固定。同时，在方管与无缝管（④）的接触面上，沿长度方向均匀点焊3处，每处点焊长度约10mm。",
        "position_description": "方管两端与圆板的连接处，以及方管与无缝管的接触面。",
        "parts_used": [],
        "tools": [
          "焊机",
          "焊钳"
        ],
        "warnings": [
          "点焊时注意控制热输入，防止无缝管变形。"
        ]
      },
      {
        "step_number": 8,
        "action": "满焊圆板与无缝管",
        "description": "对圆板①和圆板②与无缝管④的连接圆周进行满焊。根据图纸要求，焊缝高度不超过5mm，焊后需磨平。",
        "position_description": "圆板①和圆板②与无缝管④的连接圆周。",
        "parts_used": [],
        "tools": [
          "焊机",
          "角磨机"
        ],
        "warnings": [
          "焊接时采用分段、对称焊接，以减少热变形。圆板①和圆板②的外侧平面（此平面不焊接）必须保持平整。"
        ]
      },
      {
        "step_number": 9,
        "action": "满焊方管与圆板",
        "description": "对三个方管（③）的两端与圆板（①和②）的连接处进行满焊。焊缝要求饱满、连续。",
        "position_description": "方管③与圆板①和圆板②的连接处。",
        "parts_used": [],
        "tools": [
          "焊机"
        ],
        "warnings": [
          "确保焊缝无气孔、夹渣等缺陷。"
        ]
      },
      {
        "step_number": 10,
        "action": "满焊方管与无缝管",
        "description": "对三个方管（③）与无缝管（④）的接触面进行满焊。根据图纸要求，焊缝为5*8*100（100）3处，即每根方管与无缝管之间有3段长100mm的焊缝。",
        "position_description": "方管③与无缝管④的接触面，沿长度方向均匀分布3段焊缝。",
        "parts_used": [],
        "tools": [
          "焊机",
          "卷尺"
        ],
        "warnings": [
          "严格控制焊缝长度和位置，确保焊缝质量。"
        ]
      },
      {
        "step_number": 11,
        "action": "焊后清理与打磨",
        "description": "清除所有焊渣、飞溅物。对圆板①和圆板②与无缝管④连接处的焊缝进行打磨，确保焊缝高度不超过5mm，并磨平。",
        "position_description": "所有焊缝区域。",
        "parts_used": [],
        "tools": [
          "角磨机",
          "钢丝刷",
          "除渣锤"
        ],
        "warnings": [
          "打磨时注意保护圆板外侧平面，避免损伤。"
        ]
      },
      {
        "step_number": 12,
        "action": "校正与检验",
        "description": "检查组件整体的直线度和平面度，特别是无缝管（④）的轴线。如果变形超差，进行校正。",
        "position_description": "组件整体。",
        "parts_used": [],
        "tools": [
          "百分表",
          "V型块",
          "校正设备"
        ],
        "warnings": [
          "焊后尺寸Φ160的同轴度公差要求为0.01mm，必须严格校正。"
        ]
      }
    ],
    "raw_result": {
      "component_code": "01.09.0403",
      "component_name": "毛刷固定板组-漆后",
      "visual_analysis": {
        "base_part_drawing_number": "4",
        "assembly_sequence_reasoning": "以最长的无缝管（4）作为基准件，先将两个圆板（1和2）分别定位在无缝管两端，然后将三个方管（3）沿无缝管外侧均匀分布并焊接，最后进行整体焊接和精加工。"
      },
      "assembly_steps": [
        {
          "step_number": 1,
          "action": "准备基准件",
          "description": "将图纸上标注为④的无缝管（01.01.02.1869）放置在焊接工装夹具上，确保无缝管水平且稳定。",
          "position_description": "无缝管水平放置在工装上，作为装配中心轴。",
          "parts_used": [
            {
              "bom_seq": "4",
              "bom_name": "无缝管",
              "quantity": 1,
              "drawing_number": "4",
              "node_name": [
                "NAUO6"
              ],
              "bom_code": "01.01.02.1869"
            }
          ],
          "tools": [
            "焊接工装夹具",
            "水平仪",
            "卷尺"
          ],
          "warnings": [
            "确保无缝管表面清洁，无油污、锈迹。"
          ]
        },
        {
          "step_number": 2,
          "action": "安装圆板1（基准端）",
          "description": "将图纸上标注为①的圆板（01.01.01.16586）套入无缝管（④）的一端。圆板的内孔与无缝管外径应紧密配合。根据图纸尺寸，圆板①应与无缝管端面齐平。",
          "position_description": "圆板①安装在无缝管④的左端（或基准端）。",
          "parts_used": [
            {
              "bom_seq": "1",
              "bom_name": "圆板",
              "quantity": 1,
              "drawing_number": "1",
              "node_name": [
                "NAUO1"
              ],
              "bom_code": "01.01.01.16586"
            }
          ],
          "tools": [
            "橡胶锤",
            "直角尺"
          ],
          "warnings": [
            "圆板①的平面（不焊接面）朝外，确保安装方向正确。"
          ]
        },
        {
          "step_number": 3,
          "action": "点焊圆板1",
          "description": "在圆板①与无缝管④的连接处，沿圆周均匀点焊4点进行初步固定。点焊位置应避开后续方管（③）的安装位置。",
          "position_description": "圆板①与无缝管④的连接圆周。",
          "parts_used": [],
          "tools": [
            "焊机",
            "焊钳"
          ],
          "warnings": [
            "点焊牢固即可，避免变形。"
          ]
        },
        {
          "step_number": 4,
          "action": "安装圆板2（非基准端）",
          "description": "将图纸上标注为②的圆板（01.02.01.3847）套入无缝管（④）的另一端。根据图纸尺寸，圆板②应与无缝管端面齐平。",
          "position_description": "圆板②安装在无缝管④的右端（或非基准端）。",
          "parts_used": [
            {
              "bom_seq": "2",
              "bom_name": "圆板",
              "quantity": 1,
              "drawing_number": "2",
              "node_name": [
                "NAUO2"
              ],
              "bom_code": "01.02.01.3847"
            }
          ],
          "tools": [
            "橡胶锤",
            "直角尺"
          ],
          "warnings": [
            "圆板②的平面（不焊接面）朝外，确保安装方向正确。"
          ]
        },
        {
          "step_number": 5,
          "action": "点焊圆板2",
          "description": "在圆板②与无缝管④的连接处，沿圆周均匀点焊4点进行初步固定。",
          "position_description": "圆板②与无缝管④的连接圆周。",
          "parts_used": [],
          "tools": [
            "焊机",
            "焊钳"
          ],
          "warnings": [
            "点焊牢固即可，避免变形。"
          ]
        },
        {
          "step_number": 6,
          "action": "安装方管（定位）",
          "description": "取图纸上标注为③的三个方管（01.01.03.1453）。将三个方管沿无缝管（④）外侧均匀分布，确保方管的长度方向与无缝管平行。方管的端面应与圆板①和圆板②的外侧平面齐平。",
          "position_description": "三个方管③沿无缝管④外侧，呈120度均匀分布。",
          "parts_used": [
            {
              "bom_seq": "3",
              "bom_name": "方管",
              "quantity": 3,
              "drawing_number": "3",
              "node_name": [
                "NAUO5",
                "NAUO4",
                "NAUO3"
              ],
              "bom_code": "01.01.03.1453"
            }
          ],
          "tools": [
            "角度尺",
            "卷尺",
            "夹具"
          ],
          "warnings": [
            "方管的分布角度必须均匀，使用夹具固定到位。"
          ]
        },
        {
          "step_number": 7,
          "action": "点焊方管",
          "description": "在每个方管（③）的两端与圆板（①和②）的连接处进行点焊固定。同时，在方管与无缝管（④）的接触面上，沿长度方向均匀点焊3处，每处点焊长度约10mm。",
          "position_description": "方管两端与圆板的连接处，以及方管与无缝管的接触面。",
          "parts_used": [],
          "tools": [
            "焊机",
            "焊钳"
          ],
          "warnings": [
            "点焊时注意控制热输入，防止无缝管变形。"
          ]
        },
        {
          "step_number": 8,
          "action": "满焊圆板与无缝管",
          "description": "对圆板①和圆板②与无缝管④的连接圆周进行满焊。根据图纸要求，焊缝高度不超过5mm，焊后需磨平。",
          "position_description": "圆板①和圆板②与无缝管④的连接圆周。",
          "parts_used": [],
          "tools": [
            "焊机",
            "角磨机"
          ],
          "warnings": [
            "焊接时采用分段、对称焊接，以减少热变形。圆板①和圆板②的外侧平面（此平面不焊接）必须保持平整。"
          ]
        },
        {
          "step_number": 9,
          "action": "满焊方管与圆板",
          "description": "对三个方管（③）的两端与圆板（①和②）的连接处进行满焊。焊缝要求饱满、连续。",
          "position_description": "方管③与圆板①和圆板②的连接处。",
          "parts_used": [],
          "tools": [
            "焊机"
          ],
          "warnings": [
            "确保焊缝无气孔、夹渣等缺陷。"
          ]
        },
        {
          "step_number": 10,
          "action": "满焊方管与无缝管",
          "description": "对三个方管（③）与无缝管（④）的接触面进行满焊。根据图纸要求，焊缝为5*8*100（100）3处，即每根方管与无缝管之间有3段长100mm的焊缝。",
          "position_description": "方管③与无缝管④的接触面，沿长度方向均匀分布3段焊缝。",
          "parts_used": [],
          "tools": [
            "焊机",
            "卷尺"
          ],
          "warnings": [
            "严格控制焊缝长度和位置，确保焊缝质量。"
          ]
        },
        {
          "step_number": 11,
          "action": "焊后清理与打磨",
          "description": "清除所有焊渣、飞溅物。对圆板①和圆板②与无缝管④连接处的焊缝进行打磨，确保焊缝高度不超过5mm，并磨平。",
          "position_description": "所有焊缝区域。",
          "parts_used": [],
          "tools": [
            "角磨机",
            "钢丝刷",
            "除渣锤"
          ],
          "warnings": [
            "打磨时注意保护圆板外侧平面，避免损伤。"
          ]
        },
        {
          "step_number": 12,
          "action": "校正与检验",
          "description": "检查组件整体的直线度和平面度，特别是无缝管（④）的轴线。如果变形超差，进行校正。",
          "position_description": "组件整体。",
          "parts_used": [],
          "tools": [
            "百分表",
            "V型块",
            "校正设备"
          ],
          "warnings": [
            "焊后尺寸Φ160的同轴度公差要求为0.01mm，必须严格校正。"
          ]
        }
      ],
      "quality_checks": [
        "检查所有焊缝是否符合技术要求，无虚焊、漏焊、裂纹等缺陷。",
        "检查圆板①和圆板②与无缝管④连接处的焊缝是否打磨平整，高度不超过5mm。",
        "使用百分表检查无缝管（④）两端Φ160尺寸的同轴度，公差应在0.01mm以内。",
        "检查三个方管（③）是否沿无缝管均匀分布（120度）。",
        "检查组件整体长度尺寸是否符合图纸要求（1730mm）。"
      ],
      "estimated_time_minutes": 180
    },
    "assembly_order": 4,
    "drawing_index": 4
  }
]