{
  "product_images": [
    "output/087e1318-1aa5-4e46-a95d-c7b086b455ec/pdf_images/产品总图/page_001.png",
    "output/087e1318-1aa5-4e46-a95d-c7b086b455ec/pdf_images/产品总图/page_002.png"
  ],
  "component_images": {
    "1": [
      "output/087e1318-1aa5-4e46-a95d-c7b086b455ec/pdf_images/1/组件图1/page_001.png"
    ],
    "2": [
      "output/087e1318-1aa5-4e46-a95d-c7b086b455ec/pdf_images/2/组件图2/page_001.png"
    ],
    "3": [
      "output/087e1318-1aa5-4e46-a95d-c7b086b455ec/pdf_images/3/组件图3/page_001.png"
    ],
    "4": [
      "output/087e1318-1aa5-4e46-a95d-c7b086b455ec/pdf_images/4/组件图4/page_001.png"
    ]
  }
}