{
  "success": true,
  "component_level_mappings": {
    "01.09.1144": {
      "component_name": "主框架组件-漆后",
      "glb_file": "output/087e1318-1aa5-4e46-a95d-c7b086b455ec/glb_files/component_1.glb",
      "drawing_index": 1,
      "assembly_order": 1,
      "bom_to_mesh": {
        "01.01.01.0517": [
          "NAUO25",
          "NAUO24"
        ],
        "01.01.01.3941": [
          "NAUO23",
          "NAUO22",
          "NAUO21",
          "NAUO20"
        ],
        "01.01.01.11626": [
          "NAUO19",
          "NAUO18",
          "NAUO17",
          "NAUO16"
        ],
        "01.01.01.11593": [
          "NAUO15",
          "NAUO13"
        ],
        "01.01.01.11591": [
          "NAUO14"
        ],
        "01.01.01.11590": [
          "NAUO12"
        ],
        "01.01.01.11589": [
          "NAUO11"
        ],
        "01.02.02.0446": [
          "NAUO10"
        ],
        "01.02.01.3876": [
          "NAUO9"
        ],
        "01.02.01.3875": [
          "NAUO8",
          "NAUO7"
        ],
        "01.01.01.4792": [
          "NAUO6",
          "NAUO5"
        ],
        "01.01.03.0693": [
          "NAUO4",
          "NAUO3"
        ],
        "01.01.03.0692": [
          "NAUO2",
          "NAUO1"
        ]
      },
      "bom_mapping_table": [
        {
          "seq": "1",
          "code": "01.01.03.0692",
          "product_code": "FG-T5*80*80-1134-Q345",
          "name": "方管",
          "quantity": 2,
          "geometry_names": [
            "FG-T5x80x80-1134-Q345方筥1",
            "FG-T5x80x80-1134-Q345方"
          ],
          "node_names": [
            "NAUO2",
            "NAUO1"
          ],
          "matched": true
        },
        {
          "seq": "2",
          "code": "01.01.03.0693",
          "product_code": "FG-T5*80*80-318-Q345",
          "name": "方管",
          "quantity": 2,
          "geometry_names": [
            "FG-T5x80x80-318-Q345方筥1",
            "FG-T5x80x80-318-Q345方"
          ],
          "node_names": [
            "NAUO4",
            "NAUO3"
          ],
          "matched": true
        },
        {
          "seq": "3",
          "code": "01.01.01.4792",
          "product_code": "S-RB1830-03-02-Q345",
          "name": "中侧板",
          "quantity": 2,
          "geometry_names": [
            "S-RB1830-03-02-Q345א²౥T10_1",
            "S-RB1830-03-02-Q345א²౥T10"
          ],
          "node_names": [
            "NAUO6",
            "NAUO5"
          ],
          "matched": true
        },
        {
          "seq": "4",
          "code": "01.02.01.3875",
          "product_code": "S-RB1830-03-03-Q345",
          "name": "中连接板",
          "quantity": 2,
          "geometry_names": [
            "S-RB1830-03-03-Q345אl½Ӱ䒱2_1",
            "S-RB1830-03-03-Q345אl½Ӱ䒱2"
          ],
          "node_names": [
            "NAUO8",
            "NAUO7"
          ],
          "matched": true
        },
        {
          "seq": "5",
          "code": "01.02.01.3876",
          "product_code": "S-RB1830-03-04-Q345",
          "name": "方形板-机加",
          "quantity": 1,
          "geometry_names": [
            "S-RB1830-03-04-Q345方形板-机加T8"
          ],
          "node_names": [
            "NAUO9"
          ],
          "matched": true
        },
        {
          "seq": "6",
          "code": "01.02.02.0446",
          "product_code": "S-RB1830-03-07-Q235",
          "name": "轴套",
          "quantity": 1,
          "geometry_names": [
            "S-RB1830-03-07-Q235ס͗"
          ],
          "node_names": [
            "NAUO10"
          ],
          "matched": true
        },
        {
          "seq": "7",
          "code": "01.01.01.11589",
          "product_code": "S-LP1730(68IN)-MP1140-LT-01-06-Q460",
          "name": "左连接器板",
          "quantity": 1,
          "geometry_names": [
            "S-LP1730(68IN)-MP1140-LT-01-06-Q460左连接器板"
          ],
          "node_names": [
            "NAUO11"
          ],
          "matched": true
        },
        {
          "seq": "8",
          "code": "01.01.01.11590",
          "product_code": "S-LP1730(68IN)-MP1140-LT-01-07-Q460",
          "name": "上挂板",
          "quantity": 1,
          "geometry_names": [
            "S-LP1730(68IN)-MP1140-LT-01-07-Q460ʏ¹Ұ㥀"
          ],
          "node_names": [
            "NAUO12"
          ],
          "matched": true
        },
        {
          "seq": "9",
          "code": "01.01.01.11593",
          "product_code": "S-LP1730(68IN)-MP1140-LT-01-10-Q460",
          "name": "方形板-机加",
          "quantity": 2,
          "geometry_names": [
            "S-LP1730(68IN)-MP1140-LT-01-10-Q460方形板-机加_1",
            "S-LP1730(68IN)-MP1140-LT-01-10-Q460方形板-机加"
          ],
          "node_names": [
            "NAUO15",
            "NAUO13"
          ],
          "matched": true
        },
        {
          "seq": "10",
          "code": "01.01.01.11591",
          "product_code": "S-LP1730(68IN)-MP1140-LT-01-08-Q460",
          "name": "右连接器板",
          "quantity": 1,
          "geometry_names": [
            "S-LP1730(68IN)-MP1140-LT-01-08-Q460右连接器板"
          ],
          "node_names": [
            "NAUO14"
          ],
          "matched": true
        },
        {
          "seq": "11",
          "code": "01.01.01.11626",
          "product_code": "SJB-T8*64*37-Q355B",
          "name": "三角板",
          "quantity": 4,
          "geometry_names": [
            "SJB-T8×64×37-Q355B三角板_3",
            "SJB-T8×64×37-Q355B三角板_2",
            "SJB-T8×64×37-Q355B三角板_1",
            "SJB-T8×64×37-Q355B三角板"
          ],
          "node_names": [
            "NAUO19",
            "NAUO18",
            "NAUO17",
            "NAUO16"
          ],
          "matched": true
        },
        {
          "seq": "12",
          "code": "01.01.01.3941",
          "product_code": "FXB-T6*75*75-Q235",
          "name": "方形板",
          "quantity": 4,
          "geometry_names": [
            "FXB-T6×75×75-Q235方形板_3",
            "FXB-T6×75×75-Q235方形板_2",
            "FXB-T6×75×75-Q235方形板_1",
            "FXB-T6×75×75-Q235方形板"
          ],
          "node_names": [
            "NAUO23",
            "NAUO22",
            "NAUO21",
            "NAUO20"
          ],
          "matched": true
        },
        {
          "seq": "13",
          "code": "01.01.01.0517",
          "product_code": "S-EDGP1630-DR-01-10-Q235",
          "name": "防滑板",
          "quantity": 2,
          "geometry_names": [
            "S-EDGP1630-DR-01-10-Q235·;¬°㥀OvLw8Hr\u0001:_1",
            "S-EDGP1630-DR-01-10-Q235·;¬°㥀OvLw8Hr\u0001:"
          ],
          "node_names": [
            "NAUO25",
            "NAUO24"
          ],
          "matched": true
        }
      ],
      "total_bom_count": 13,
      "bom_matched_count": 13,
      "bom_matching_rate": 1.0,
      "total_3d_parts": 25,
      "matched_3d_count": 25,
      "parts_matching_rate": 1.0,
      "code_matched": 0,
      "ai_matched": 13,
      "matching_rate": 1.0
    },
    "01.09.2154": {
      "component_name": "挂架组件-漆后",
      "glb_file": "output/087e1318-1aa5-4e46-a95d-c7b086b455ec/glb_files/component_2.glb",
      "drawing_index": 2,
      "assembly_order": 2,
      "bom_to_mesh": {
        "01.02.04.0084": [
          "NAUO16",
          "NAUO15",
          "NAUO13",
          "NAUO12",
          "NAUO4"
        ],
        "01.02.02.0447": [
          "NAUO14"
        ],
        "01.02.05.0334": [
          "NAUO11"
        ],
        "01.02.01.3872": [
          "NAUO10",
          "NAUO9"
        ],
        "01.02.03.0207": [
          "NAUO8",
          "NAUO5"
        ],
        "01.01.01.4776": [
          "NAUO7",
          "NAUO6"
        ],
        "01.02.03.0206": [
          "NAUO3"
        ],
        "01.02.01.3871": [
          "NAUO2"
        ],
        "01.02.01.3870": [
          "NAUO1"
        ]
      },
      "bom_mapping_table": [
        {
          "seq": "1",
          "code": "01.02.01.3870",
          "product_code": "S-RB1830-02-01-Q345",
          "name": "右悬挂臂板",
          "quantity": 1,
          "geometry_names": [
            "S-RB1830-02-01-Q345ԒѼ±۰䒱0"
          ],
          "node_names": [
            "NAUO1"
          ],
          "matched": true
        },
        {
          "seq": "2",
          "code": "01.02.01.3871",
          "product_code": "S-RB1830-02-02-Q345",
          "name": "左悬挂臂板",
          "quantity": 1,
          "geometry_names": [
            "S-RB1830-02-02-Q345سѼ±۰䒱0"
          ],
          "node_names": [
            "NAUO2"
          ],
          "matched": true
        },
        {
          "seq": "3",
          "code": "01.02.03.0206",
          "product_code": "S-RB1830-02-03-Q345",
          "name": "方管-机加",
          "quantity": 1,
          "geometry_names": [
            "S-RB1830-02-03-Q345方管-机加T5x80x80-1865"
          ],
          "node_names": [
            "NAUO3"
          ],
          "matched": true
        },
        {
          "seq": "4",
          "code": "01.02.04.0084",
          "product_code": "S-RB1830-02-04-Q235",
          "name": "角钢",
          "quantity": 5,
          "geometry_names": [
            "S-RB1830-02-04-Q235½ǸՔ3x3#-40_4",
            "S-RB1830-02-04-Q235½ǸՔ3x3#-40_3",
            "S-RB1830-02-04-Q235½ǸՔ3x3#-40_2",
            "S-RB1830-02-04-Q235½ǸՔ3x3#-40_1",
            "S-RB1830-02-04-Q235½ǸՔ3x3#-40"
          ],
          "node_names": [
            "NAUO16",
            "NAUO15",
            "NAUO13",
            "NAUO12",
            "NAUO4"
          ],
          "matched": true
        },
        {
          "seq": "5",
          "code": "01.02.03.0207",
          "product_code": "S-RB1830-02-05-Q345",
          "name": "方管-机加",
          "quantity": 2,
          "geometry_names": [
            "S-RB1830-02-05-Q345方管-机加T5x65x65-60_1",
            "S-RB1830-02-05-Q345方管-机加T5x65x65-60"
          ],
          "node_names": [
            "NAUO8",
            "NAUO5"
          ],
          "matched": true
        },
        {
          "seq": "6",
          "code": "01.01.01.4776",
          "product_code": "FXB-T8*158*65-Q345",
          "name": "方形板",
          "quantity": 2,
          "geometry_names": [
            "FXB-T8x65x158-Q345·½ю°_1",
            "FXB-T8x65x158-Q345·½ю°"
          ],
          "node_names": [
            "NAUO7",
            "NAUO6"
          ],
          "matched": true
        },
        {
          "seq": "7",
          "code": "01.02.01.3872",
          "product_code": "S-RB1830-02-06-Q345",
          "name": "旋转弧板",
          "quantity": 2,
          "geometry_names": [
            "S-RB1830-02-06-Q345ѽת»¡°䒱0_1",
            "S-RB1830-02-06-Q345ѽת»¡°䒱0"
          ],
          "node_names": [
            "NAUO10",
            "NAUO9"
          ],
          "matched": true
        },
        {
          "seq": "8",
          "code": "01.02.05.0334",
          "product_code": "S-RB1830-02-07-Q345",
          "name": "固定套",
          "quantity": 1,
          "geometry_names": [
            "S-RB1830-02-07-Q345ס͗"
          ],
          "node_names": [
            "NAUO11"
          ],
          "matched": true
        },
        {
          "seq": "9",
          "code": "01.02.02.0447",
          "product_code": "S-RB1830-02-08-Q235",
          "name": "轴套",
          "quantity": 1,
          "geometry_names": [
            "S-RB1830-02-08-Q235ס͗"
          ],
          "node_names": [
            "NAUO14"
          ],
          "matched": true
        }
      ],
      "total_bom_count": 9,
      "bom_matched_count": 9,
      "bom_matching_rate": 1.0,
      "total_3d_parts": 16,
      "matched_3d_count": 16,
      "parts_matching_rate": 1.0,
      "code_matched": 0,
      "ai_matched": 9,
      "matching_rate": 1.0
    },
    "01.09.0402": {
      "component_name": "毛刷套组件-漆后",
      "glb_file": "output/087e1318-1aa5-4e46-a95d-c7b086b455ec/glb_files/component_3.glb",
      "drawing_index": 3,
      "assembly_order": 3,
      "bom_to_mesh": {
        "01.03.0190": [
          "NAUO2"
        ]
      },
      "bom_mapping_table": [
        {
          "seq": "1",
          "code": "01.03.0190",
          "product_code": "S-RB1830-05-02",
          "name": "毛刷固定板组",
          "quantity": 1,
          "geometry_names": [
            "S-RB1830-05-01-45#左连接轴"
          ],
          "node_names": [
            "NAUO2"
          ],
          "matched": true
        }
      ],
      "total_bom_count": 1,
      "bom_matched_count": 1,
      "bom_matching_rate": 1.0,
      "total_3d_parts": 2,
      "matched_3d_count": 1,
      "parts_matching_rate": 0.5,
      "code_matched": 0,
      "ai_matched": 1,
      "matching_rate": 1.0
    },
    "01.09.0403": {
      "component_name": "毛刷固定板组-漆后",
      "glb_file": "output/087e1318-1aa5-4e46-a95d-c7b086b455ec/glb_files/component_4.glb",
      "drawing_index": 4,
      "assembly_order": 4,
      "bom_to_mesh": {
        "01.01.02.1869": [
          "NAUO6"
        ],
        "01.01.03.1453": [
          "NAUO5",
          "NAUO4",
          "NAUO3"
        ],
        "01.02.01.3847": [
          "NAUO2"
        ],
        "01.01.01.16586": [
          "NAUO1"
        ]
      },
      "bom_mapping_table": [
        {
          "seq": "1",
          "code": "01.01.01.16586",
          "product_code": "T-AB1830(72IN)-EURO-02-01-Q355B",
          "name": "圆板",
          "quantity": 1,
          "geometry_names": [
            "T-AB1830(72IN)-EURO-02-01-Q355BԲ°"
          ],
          "node_names": [
            "NAUO1"
          ],
          "matched": true
        },
        {
          "seq": "2",
          "code": "01.02.01.3847",
          "product_code": "S-CB1830-07-03-Q345",
          "name": "圆板",
          "quantity": 1,
          "geometry_names": [
            "S-CB1830-07-03-Q345Բ°䒱2"
          ],
          "node_names": [
            "NAUO2"
          ],
          "matched": true
        },
        {
          "seq": "3",
          "code": "01.01.03.1453",
          "product_code": "FG-T3*25*25-1730-Q235",
          "name": "方管",
          "quantity": 3,
          "geometry_names": [
            "FG-T3×25×25-1730-Q235方管_2",
            "FG-T3×25×25-1730-Q235方管_1",
            "FG-T3×25×25-1730-Q235方管"
          ],
          "node_names": [
            "NAUO5",
            "NAUO4",
            "NAUO3"
          ],
          "matched": true
        },
        {
          "seq": "4",
          "code": "01.01.02.1869",
          "product_code": "WFG-T4*\\u03a6102-1703-20#",
          "name": "无缝管",
          "quantity": 1,
          "geometry_names": [
            "WFG-T4¡fӱ02-1703-20# Ϟ·캜"
          ],
          "node_names": [
            "NAUO6"
          ],
          "matched": true
        }
      ],
      "total_bom_count": 4,
      "bom_matched_count": 4,
      "bom_matching_rate": 1.0,
      "total_3d_parts": 6,
      "matched_3d_count": 6,
      "parts_matching_rate": 1.0,
      "code_matched": 0,
      "ai_matched": 4,
      "matching_rate": 1.0
    }
  },
  "product_level_mapping": {
    "glb_file": "output/087e1318-1aa5-4e46-a95d-c7b086b455ec/glb_files/product_total.glb",
    "bom_to_mesh": {
      "01.09.0410": [
        "NAUO195"
      ],
      "02.03.0008": [
        "NAUO151"
      ],
      "01.09.0409": [
        "NAUO148"
      ],
      "01.09.0408": [
        "NAUO199"
      ],
      "01.09.0407": [
        "NAUO209"
      ],
      "02.21.0109": [
        "NAUO136"
      ],
      "02.21.0112": [
        "NAUO134"
      ],
      "02.21.0114": [
        "NAUO133"
      ],
      "02.03.0241": [
        "NAUO95",
        "NAUO18"
      ],
      "02.03.0169": [
        "NAUO93",
        "NAUO16"
      ],
      "02.03.0073": [
        "NAUO91",
        "NAUO17"
      ],
      "02.08.05.0004": [
        "NAUO90"
      ],
      "02.03.0290": [
        "NAUO77"
      ],
      "02.03.0379": [
        "NAUO75"
      ],
      "02.03.0009": [
        "NAUO74"
      ],
      "02.03.0028": [
        "NAUO73"
      ],
      "02.03.0093": [
        "NAUO45"
      ],
      "02.03.0083": [
        "NAUO43"
      ],
      "02.03.0014": [
        "NAUO27"
      ],
      "02.03.0112": [
        "NAUO26"
      ],
      "02.03.0068": [
        "NAUO25"
      ],
      "02.03.0054": [
        "NAUO21"
      ],
      "02.03.0132": [
        "NAUO20"
      ],
      "02.03.0042": [
        "NAUO19"
      ],
      "02.19.0001": [
        "NAUO15"
      ],
      "02.19.0003": [
        "NAUO14"
      ],
      "01.09.0405": [
        "NAUO13",
        "NAUO7"
      ],
      "02.04.0103": [
        "NAUO10"
      ],
      "01.09.0061": [
        "NAUO9"
      ],
      "01.09.0406": [
        "NAUO8"
      ],
      "01.09.1145": [
        "NAUO217"
      ],
      "01.09.0404": [
        "NAUO220",
        "NAUO219"
      ],
      "01.09.0402": [
        "NAUO223"
      ]
    },
    "bom_mapping_table": [
      {
        "seq": "1",
        "code": "01.09.2154",
        "product_code": "S-AB1830(72IN)-MP1140-01",
        "name": "挂架组件-漆后",
        "quantity": 1,
        "geometry_names": [],
        "node_names": [],
        "matched": false
      },
      {
        "seq": "2",
        "code": "01.09.1144",
        "product_code": "H-AB1830(72IN)-Manitou-05",
        "name": "主框架组件-漆后",
        "quantity": 1,
        "geometry_names": [],
        "node_names": [],
        "matched": false
      },
      {
        "seq": "3",
        "code": "01.09.0402",
        "product_code": "T-AB1830(72IN)-EURO-02",
        "name": "毛刷套组件-漆后",
        "quantity": 1,
        "geometry_names": [
          "T-AB1830(72IN)-EURO-02-01-Q355BԲ°"
        ],
        "node_names": [
          "NAUO223"
        ],
        "matched": true
      },
      {
        "seq": "4",
        "code": "01.09.0403",
        "product_code": "S-RB1830-05-02",
        "name": "毛刷固定板组-漆后",
        "quantity": 1,
        "geometry_names": [],
        "node_names": [],
        "matched": false
      },
      {
        "seq": "5",
        "code": "01.09.0404",
        "product_code": "S-RB1830-06",
        "name": "支脚-镀锌",
        "quantity": 2,
        "geometry_names": [
          "S-RB1830-06-02-Q235方形板-机加T5",
          "S-RB1830-06-01-Q235方管-机加T4x50x50-425"
        ],
        "node_names": [
          "NAUO220",
          "NAUO219"
        ],
        "matched": true
      },
      {
        "seq": "6",
        "code": "01.09.1145",
        "product_code": "S-RB1830-07",
        "name": "旋转定位销组件-镀锌",
        "quantity": 1,
        "geometry_names": [
          "S-RB1830-07-01-Q235кס"
        ],
        "node_names": [
          "NAUO217"
        ],
        "matched": true
      },
      {
        "seq": "7",
        "code": "01.09.0405",
        "product_code": "S-RB1830-08-Q235",
        "name": "插销-镀锌",
        "quantity": 2,
        "geometry_names": [
          "S-RB1830-08-Q235²携_1",
          "S-RB1830-08-Q235²携"
        ],
        "node_names": [
          "NAUO13",
          "NAUO7"
        ],
        "matched": true
      },
      {
        "seq": "8",
        "code": "01.09.0406",
        "product_code": "S-RB1830-09-45#",
        "name": "销轴-镀锌",
        "quantity": 1,
        "geometry_names": [
          "S-RB1830-09-45#кס"
        ],
        "node_names": [
          "NAUO8"
        ],
        "matched": true
      },
      {
        "seq": "9",
        "code": "01.09.0061",
        "product_code": "S-CB1830-09-45#",
        "name": "马达固定套镀锌后",
        "quantity": 1,
        "geometry_names": [
          "S-CB1830-09-45#í´ﺌ¶¨͗"
        ],
        "node_names": [
          "NAUO9"
        ],
        "matched": true
      },
      {
        "seq": "10",
        "code": "02.04.0103",
        "product_code": "162*550-黄色PP+钢丝",
        "name": "圆形毛刷盘",
        "quantity": 38,
        "geometry_names": [
          "MS-¦ӱ62-¦ӵ50-»ǉ«PP+¸׋¿-Բюëˢƌ"
        ],
        "node_names": [
          "NAUO10"
        ],
        "matched": true
      },
      {
        "seq": "11",
        "code": "02.08.02.0263",
        "product_code": "026-3087-HMR-315",
        "name": "液压马达",
        "quantity": 1,
        "geometry_names": [],
        "node_names": [],
        "matched": false
      },
      {
        "seq": "12",
        "code": "02.19.0003",
        "product_code": "6009-RZ",
        "name": "深沟球轴承GB/T276-94",
        "quantity": 1,
        "geometry_names": [
          "GB£¯T276-94ʮ¹µȲס³ζ009-RZ"
        ],
        "node_names": [
          "NAUO14"
        ],
        "matched": true
      },
      {
        "seq": "13",
        "code": "02.19.0001",
        "product_code": "UCF206",
        "name": "带方形座轴承GB/T 7810-1995",
        "quantity": 1,
        "geometry_names": [
          "GB／T 7810-1995带方形座轴承UCFU206(成品)"
        ],
        "node_names": [
          "NAUO15"
        ],
        "matched": true
      },
      {
        "seq": "14",
        "code": "02.03.0169",
        "product_code": "14*2.5",
        "name": "平垫圈8.8级GB/T95-2002",
        "quantity": 6,
        "geometry_names": [
          "GB／T 97．2-1985平垫圈 倒角型 A级14×2．5(钢)_1",
          "GB／T 97．2-1985平垫圈 倒角型 A级14×2．5(钢)"
        ],
        "node_names": [
          "NAUO93",
          "NAUO16"
        ],
        "matched": true
      },
      {
        "seq": "15",
        "code": "02.03.0073",
        "product_code": "14#",
        "name": "标准型弹性垫圈8.8级GB/T93-1987",
        "quantity": 6,
        "geometry_names": [
          "GB／T 93-1987标准型弹性垫圈(装配)14×3．6(65Mn)_1",
          "GB／T 93-1987标准型弹性垫圈(装配)14×3．6(65Mn)"
        ],
        "node_names": [
          "NAUO91",
          "NAUO17"
        ],
        "matched": true
      },
      {
        "seq": "16",
        "code": "02.03.0241",
        "product_code": "M14*70",
        "name": "六角头螺栓全螺纹8.8级GB/T5783-2016",
        "quantity": 6,
        "geometry_names": [
          "GB／T 5783-2016六角头螺栓全螺纹 C级M14×70_1",
          "GB／T 5783-2016六角头螺栓全螺纹 C级M14×70"
        ],
        "node_names": [
          "NAUO95",
          "NAUO18"
        ],
        "matched": true
      },
      {
        "seq": "17",
        "code": "02.03.0042",
        "product_code": "M12*35",
        "name": "六角头螺栓全螺纹8.8级GB/T5783-2016",
        "quantity": 6,
        "geometry_names": [
          "GB／T5781-2000六角头螺栓全螺纹C级M12×35"
        ],
        "node_names": [
          "NAUO19"
        ],
        "matched": true
      },
      {
        "seq": "18",
        "code": "02.03.0132",
        "product_code": "12*2.5",
        "name": "平垫圈8.8级GB/T95-2002",
        "quantity": 6,
        "geometry_names": [
          "GB／T 95-2002平垫圈 C级12×2．5(钢)"
        ],
        "node_names": [
          "NAUO20"
        ],
        "matched": true
      },
      {
        "seq": "19",
        "code": "02.03.0054",
        "product_code": "M12",
        "name": "1型非金属嵌件六角锁紧螺母8.8级GB/T889.1-2015",
        "quantity": 6,
        "geometry_names": [
          "GB／T 889．1-20001型非金属嵌件六角锁紧螺母M12(钢)"
        ],
        "node_names": [
          "NAUO21"
        ],
        "matched": true
      },
      {
        "seq": "20",
        "code": "02.03.0068",
        "product_code": "M10*45",
        "name": "六角头螺栓全螺纹C级GB/T5781-2016",
        "quantity": 8,
        "geometry_names": [
          "GB／T 5781-2000六角头螺栓全螺纹 C级M10×45(4．8级)"
        ],
        "node_names": [
          "NAUO25"
        ],
        "matched": true
      },
      {
        "seq": "21",
        "code": "02.03.0112",
        "product_code": "10*2",
        "name": "平垫圈8.8级GB/T95-2002",
        "quantity": 12,
        "geometry_names": [
          "GBT95-2002平垫圈8.8级倒角型 A级10×2(钢)"
        ],
        "node_names": [
          "NAUO26"
        ],
        "matched": true
      },
      {
        "seq": "22",
        "code": "02.03.0014",
        "product_code": "M10",
        "name": "1型非金属嵌件六角锁紧螺母8.8级GB/T889.1-2015",
        "quantity": 8,
        "geometry_names": [
          "GB／T 889．1-20001型非金属嵌件六角锁紧螺母M10(钢)"
        ],
        "node_names": [
          "NAUO27"
        ],
        "matched": true
      },
      {
        "seq": "23",
        "code": "02.03.0083",
        "product_code": "M10*35",
        "name": "六角头螺栓全螺纹8.8级GB/T5783-2016",
        "quantity": 4,
        "geometry_names": [
          "GB／T 5781-2000六角头螺栓全螺纹 C级M10×35(4．8级)"
        ],
        "node_names": [
          "NAUO43"
        ],
        "matched": true
      },
      {
        "seq": "24",
        "code": "02.03.0093",
        "product_code": "10#",
        "name": "标准型弹性垫圈8.8级GB/T93-1987",
        "quantity": 4,
        "geometry_names": [
          "GB／T 93-1987标准型弹性垫圈(装配)10×2．6(65Mn)"
        ],
        "node_names": [
          "NAUO45"
        ],
        "matched": true
      },
      {
        "seq": "25",
        "code": "02.03.0028",
        "product_code": "M8",
        "name": "1型非金属嵌件六角锁紧螺母8.8级GB/T889.1-2015",
        "quantity": 6,
        "geometry_names": [
          "GB／T889．1-20001型非金属嵌件六角锁紧螺母M8"
        ],
        "node_names": [
          "NAUO73"
        ],
        "matched": true
      },
      {
        "seq": "26",
        "code": "02.03.0009",
        "product_code": "8*1.6",
        "name": "平垫圈8.8级GB/T95-2002",
        "quantity": 22,
        "geometry_names": [
          "GB／T 95-2002平垫圈 C级8×1．6(钢)"
        ],
        "node_names": [
          "NAUO74"
        ],
        "matched": true
      },
      {
        "seq": "27",
        "code": "02.03.0379",
        "product_code": "M8*20",
        "name": "六角头螺栓全螺纹8.8级GB/T5783-2016",
        "quantity": 17,
        "geometry_names": [
          "GB／T5781-2000六角头螺栓全螺纹8.8级M8×20"
        ],
        "node_names": [
          "NAUO75"
        ],
        "matched": true
      },
      {
        "seq": "28",
        "code": "02.03.0290",
        "product_code": "M8*60",
        "name": "六角头螺栓全螺纹C级GB/T5781-2016",
        "quantity": 1,
        "geometry_names": [
          "GB／T 5780-2000六角头螺栓 C级M8×60(3．6级)"
        ],
        "node_names": [
          "NAUO77"
        ],
        "matched": true
      },
      {
        "seq": "29",
        "code": "02.08.05.0004",
        "product_code": "M8",
        "name": "直通式压注油杯JB/T7940.1-1995",
        "quantity": 1,
        "geometry_names": [
          "JB£¯T 7940£®1-1995ֱͨʽѹעԍ±­8(³ʆ·)"
        ],
        "node_names": [
          "NAUO90"
        ],
        "matched": true
      },
      {
        "seq": "30",
        "code": "02.21.0114",
        "product_code": "",
        "name": "不干胶(120*60)",
        "quantity": 1,
        "geometry_names": [
          "HIGHT PRESSURE FLUID HAZARD"
        ],
        "node_names": [
          "NAUO133"
        ],
        "matched": true
      },
      {
        "seq": "31",
        "code": "02.21.0112",
        "product_code": "",
        "name": "不干胶(100*100)",
        "quantity": 2,
        "geometry_names": [
          "WARNING-FLYING OBJECTS AND ENTANGLEMENT HAZARD不干胶（100×100）"
        ],
        "node_names": [
          "NAUO134"
        ],
        "matched": true
      },
      {
        "seq": "32",
        "code": "02.21.0109",
        "product_code": "",
        "name": "不干胶(100*80)",
        "quantity": 1,
        "geometry_names": [
          "DANGER 请勿靠近不干胶（100×80）"
        ],
        "node_names": [
          "NAUO136"
        ],
        "matched": true
      },
      {
        "seq": "33",
        "code": "02.03.0012",
        "product_code": "Φ4.5*40",
        "name": "安全销DIN 11023",
        "quantity": 3,
        "geometry_names": [],
        "node_names": [],
        "matched": false
      },
      {
        "seq": "34",
        "code": "01.09.0409",
        "product_code": "H-AB1830(72IN)-Manitou-04-Q235",
        "name": "盖板-漆后",
        "quantity": 1,
        "geometry_names": [
          "H-AB1830(72IN)-Manitou-04-Q235¸ǰ㥀"
        ],
        "node_names": [
          "NAUO148"
        ],
        "matched": true
      },
      {
        "seq": "35",
        "code": "02.03.0008",
        "product_code": "8*2.1",
        "name": "标准型弹性垫圈8.8级GB/T93-1987",
        "quantity": 12,
        "geometry_names": [
          "GB／T93-1987标准型弹性垫圈(装配)8×2．1"
        ],
        "node_names": [
          "NAUO151"
        ],
        "matched": true
      },
      {
        "seq": "36",
        "code": "01.09.0407",
        "product_code": "H-AB1830(72IN)-Manitou-01",
        "name": "左侧板组件-漆后",
        "quantity": 1,
        "geometry_names": [
          "H-AB1830(72IN)-Manitou-01-01-Q235س²౥"
        ],
        "node_names": [
          "NAUO209"
        ],
        "matched": true
      },
      {
        "seq": "37",
        "code": "01.09.0408",
        "product_code": "H-AB1830(72IN)-Manitou-02",
        "name": "右侧板组件-漆后",
        "quantity": 1,
        "geometry_names": [
          "H-AB1830(72IN)-Manitou-02-01-Q235Ԓ²౥"
        ],
        "node_names": [
          "NAUO199"
        ],
        "matched": true
      },
      {
        "seq": "38",
        "code": "01.09.0410",
        "product_code": "T-AB1830(72IN)-EURO-01",
        "name": "固定板组件-漆后",
        "quantity": 1,
        "geometry_names": [
          "T-AB1830(72IN)-EURO-01-01-Q355BԲ°"
        ],
        "node_names": [
          "NAUO195"
        ],
        "matched": true
      }
    ],
    "total_bom_count": 38,
    "bom_matched_count": 33,
    "bom_matching_rate": 0.868421052631579,
    "total_3d_parts": 261,
    "matched_3d_count": 38,
    "parts_matching_rate": 0.14559386973180077,
    "code_matched": 0,
    "ai_matched": 33,
    "matching_rate": 0.868421052631579
  },
  "glb_files": {
    "component_1": "output/087e1318-1aa5-4e46-a95d-c7b086b455ec/glb_files/component_1.glb",
    "component_2": "output/087e1318-1aa5-4e46-a95d-c7b086b455ec/glb_files/component_2.glb",
    "component_3": "output/087e1318-1aa5-4e46-a95d-c7b086b455ec/glb_files/component_3.glb",
    "component_4": "output/087e1318-1aa5-4e46-a95d-c7b086b455ec/glb_files/component_4.glb",
    "product_total": "output/087e1318-1aa5-4e46-a95d-c7b086b455ec/glb_files/product_total.glb"
  }
}