{
  "success": true,
  "product_name": "",
  "assembly_steps": [
    {
      "step_number": 1,
      "title": "安装挂架组件",
      "component_code": "01.09.2154",
      "component_name": "挂架组件-漆后",
      "drawing_number": "①",
      "connection_type": "螺栓连接",
      "position_description": "将①挂架组件安装在②主框架组件的顶部连接座上。",
      "components": [
        {
          "bom_seq": "1",
          "bom_name": "挂架组件-漆后",
          "quantity": 1
        }
      ],
      "fasteners": [
        {
          "bom_seq": "16",
          "bom_name": "六角头螺栓全螺纹8.8级",
          "spec": "M14*70",
          "quantity": 6,
          "torque": "120N·m",
          "node_name": [
            "NAUO95",
            "NAUO18"
          ],
          "bom_code": "02.03.0241"
        },
        {
          "bom_seq": "14",
          "bom_name": "平垫圈8.8级",
          "spec": "14*2.5",
          "quantity": 6,
          "torque": "",
          "node_name": [
            "NAUO93",
            "NAUO16"
          ],
          "bom_code": "02.03.0169"
        },
        {
          "bom_seq": "15",
          "bom_name": "标准型弹性垫圈8.8级",
          "spec": "14#",
          "quantity": 6,
          "torque": "",
          "node_name": [
            "NAUO91",
            "NAUO17"
          ],
          "bom_code": "02.03.0073"
        }
      ],
      "operation": "将图纸上标注为①的挂架组件（BOM序号1）对准②主框架组件（BOM序号2）顶部的安装孔。使用6套M14*70螺栓（BOM序号16）、平垫圈（BOM序号14）和弹性垫圈（BOM序号15）进行固定。将螺栓拧紧至120N·m。",
      "quality_check": "检查挂架组件与主框架连接紧密，无晃动，螺栓扭矩符合要求。",
      "estimated_time_minutes": 15,
      "safety_warnings": [
        "确认挂架组件重量，必要时使用吊装工具辅助安装，防止扭伤或砸伤。",
        "吊装时，确保吊索具捆绑牢固，下方无人员停留，防止吊物坠落。",
        "使用扭力扳手时，站稳马步，防止用力过猛导致身体失衡或工具反弹伤人。"
      ]
    },
    {
      "step_number": 2,
      "title": "安装毛刷套组件",
      "component_code": "01.09.0402",
      "component_name": "毛刷套组件-漆后",
      "drawing_number": "③",
      "connection_type": "销轴连接",
      "position_description": "将③毛刷套组件安装在②主框架组件的前端下部。",
      "components": [
        {
          "bom_seq": "3",
          "bom_name": "毛刷套组件-漆后",
          "quantity": 1,
          "node_name": [
            "NAUO223"
          ],
          "bom_code": "01.09.0402"
        }
      ],
      "fasteners": [
        {
          "bom_seq": "8",
          "bom_name": "销轴-镀锌",
          "spec": "S-RB1830-09-45#",
          "quantity": 1,
          "torque": "",
          "node_name": [
            "NAUO8"
          ],
          "bom_code": "01.09.0406"
        },
        {
          "bom_seq": "7",
          "bom_name": "插销-镀锌",
          "spec": "S-RB1830-08-Q235",
          "quantity": 1,
          "torque": "",
          "node_name": [
            "NAUO13",
            "NAUO7"
          ],
          "bom_code": "01.09.0405"
        }
      ],
      "operation": "将图纸上标注为③的毛刷套组件（BOM序号3）对准②主框架组件（BOM序号2）前端的连接孔。使用销轴（BOM序号8）穿过连接孔，然后使用插销（BOM序号7）锁定销轴，确保毛刷套组件可以自由转动。",
      "quality_check": "检查销轴和插销安装到位，毛刷套组件转动灵活，无卡滞。",
      "estimated_time_minutes": 10,
      "safety_warnings": [
        "佩戴防护手套，防止在搬运和对孔时被毛刷套组件的边缘夹伤或割伤。",
        "安装销轴时，注意手指位置，避免被销轴和连接孔挤伤。"
      ]
    },
    {
      "step_number": 3,
      "title": "安装毛刷固定板组",
      "component_code": "01.09.0403",
      "component_name": "毛刷固定板组-漆后",
      "drawing_number": "④",
      "connection_type": "螺栓连接",
      "position_description": "将④毛刷固定板组安装在③毛刷套组件的内侧。",
      "components": [
        {
          "bom_seq": "4",
          "bom_name": "毛刷固定板组-漆后",
          "quantity": 1
        }
      ],
      "fasteners": [
        {
          "bom_seq": "17",
          "bom_name": "六角头螺栓全螺纹8.8级",
          "spec": "M12*35",
          "quantity": 6,
          "torque": "75N·m",
          "node_name": [
            "NAUO19"
          ],
          "bom_code": "02.03.0042"
        },
        {
          "bom_seq": "18",
          "bom_name": "平垫圈8.8级",
          "spec": "12*2.5",
          "quantity": 6,
          "torque": "",
          "node_name": [
            "NAUO20"
          ],
          "bom_code": "02.03.0132"
        },
        {
          "bom_seq": "19",
          "bom_name": "1型非金属嵌件六角锁紧螺母8.8级",
          "spec": "M12",
          "quantity": 6,
          "torque": "75N·m",
          "node_name": [
            "NAUO21"
          ],
          "bom_code": "02.03.0054"
        }
      ],
      "operation": "将图纸上标注为④的毛刷固定板组（BOM序号4）安装到③毛刷套组件（BOM序号3）的内侧安装位。使用6套M12*35螺栓（BOM序号17）、平垫圈（BOM序号18）和M12锁紧螺母（BOM序号19）固定。将螺栓拧紧至75N·m。",
      "quality_check": "检查固定板组安装牢固，与毛刷套组件配合良好。",
      "estimated_time_minutes": 15
    },
    {
      "step_number": 4,
      "title": "安装圆形毛刷盘",
      "component_code": "02.04.0103",
      "component_name": "圆形毛刷盘",
      "drawing_number": "无（内部件）",
      "connection_type": "过盈配合/键连接",
      "position_description": "将圆形毛刷盘安装到毛刷固定板组的轴上。",
      "components": [
        {
          "bom_seq": "10",
          "bom_name": "圆形毛刷盘",
          "quantity": 38,
          "node_name": [
            "NAUO10"
          ],
          "bom_code": "02.04.0103"
        }
      ],
      "fasteners": [],
      "operation": "将38个圆形毛刷盘（BOM序号10）依次安装到④毛刷固定板组（BOM序号4）的中心轴上，确保毛刷盘方向一致，排列紧密。",
      "quality_check": "检查所有毛刷盘安装到位，无松动或间隙过大。",
      "estimated_time_minutes": 20,
      "safety_warnings": [
        "佩戴防护手套，防止毛刷盘边缘或轴上的毛刺划伤手指。",
        "安装数量较多，注意保持正确的搬运姿势，避免长时间弯腰造成腰部劳损。"
      ]
    },
    {
      "step_number": 5,
      "title": "安装轴承座和轴承",
      "component_code": "02.19.0001/02.19.0003",
      "component_name": "带方形座轴承/深沟球轴承",
      "drawing_number": "13, 12",
      "connection_type": "螺栓连接/压装",
      "position_description": "将轴承座和轴承安装在毛刷固定板组的两端。",
      "components": [
        {
          "bom_seq": "13",
          "bom_name": "带方形座轴承",
          "quantity": 1,
          "node_name": [
            "NAUO15"
          ],
          "bom_code": "02.19.0001"
        },
        {
          "bom_seq": "12",
          "bom_name": "深沟球轴承",
          "quantity": 1,
          "node_name": [
            "NAUO14"
          ],
          "bom_code": "02.19.0003"
        }
      ],
      "fasteners": [
        {
          "bom_seq": "20",
          "bom_name": "六角头螺栓全螺纹C级",
          "spec": "M10*45",
          "quantity": 4,
          "torque": "45N·m",
          "node_name": [
            "NAUO25"
          ],
          "bom_code": "02.03.0068"
        },
        {
          "bom_seq": "21",
          "bom_name": "平垫圈8.8级",
          "spec": "10*2",
          "quantity": 4,
          "torque": "",
          "node_name": [
            "NAUO26"
          ],
          "bom_code": "02.03.0112"
        },
        {
          "bom_seq": "22",
          "bom_name": "1型非金属嵌件六角锁紧螺母8.8级",
          "spec": "M10",
          "quantity": 4,
          "torque": "45N·m",
          "node_name": [
            "NAUO27"
          ],
          "bom_code": "02.03.0014"
        }
      ],
      "operation": "1. 将深沟球轴承（BOM序号12）压装到毛刷固定板组的一端。2. 将带方形座轴承（BOM序号13）安装到毛刷固定板组的另一端，对准安装孔。使用4套M10*45螺栓（BOM序号20）、平垫圈（BOM序号21）和M10锁紧螺母（BOM序号22）固定方形座轴承。拧紧至45N·m。",
      "quality_check": "检查轴承安装平稳，转动灵活，方形座轴承螺栓紧固到位。",
      "estimated_time_minutes": 20,
      "safety_warnings": [
        "进行轴承压装时，必须使用专用工具，严禁使用铁锤直接敲击，防止轴承破裂飞溅伤人。",
        "佩戴防护眼镜，防止压装过程中金属碎屑或润滑油溅入眼睛。"
      ]
    },
    {
      "step_number": 6,
      "title": "安装液压马达和固定套",
      "component_code": "02.08.02.0263",
      "component_name": "液压马达",
      "drawing_number": "11",
      "connection_type": "螺栓连接",
      "position_description": "将液压马达安装在毛刷固定板组的驱动端。",
      "components": [
        {
          "bom_seq": "11",
          "bom_name": "液压马达",
          "quantity": 1
        },
        {
          "bom_seq": "9",
          "bom_name": "马达固定套镀锌后",
          "quantity": 1,
          "node_name": [
            "NAUO9"
          ],
          "bom_code": "01.09.0061"
        }
      ],
      "fasteners": [
        {
          "bom_seq": "23",
          "bom_name": "六角头螺栓全螺纹8.8级",
          "spec": "M10*35",
          "quantity": 4,
          "torque": "45N·m",
          "node_name": [
            "NAUO43"
          ],
          "bom_code": "02.03.0083"
        },
        {
          "bom_seq": "21",
          "bom_name": "平垫圈8.8级",
          "spec": "10*2",
          "quantity": 4,
          "torque": "",
          "node_name": [
            "NAUO26"
          ],
          "bom_code": "02.03.0112"
        },
        {
          "bom_seq": "24",
          "bom_name": "标准型弹性垫圈8.8级",
          "spec": "10#",
          "quantity": 4,
          "torque": "",
          "node_name": [
            "NAUO45"
          ],
          "bom_code": "02.03.0093"
        }
      ],
      "operation": "1. 将马达固定套（BOM序号9）安装到液压马达（BOM序号11）上。2. 将马达组件安装到毛刷固定板组的驱动端，确保马达轴与毛刷轴连接正确。使用4套M10*35螺栓（BOM序号23）、平垫圈（BOM序号21）和弹性垫圈（BOM序号24）固定马达。拧紧至45N·m。",
      "quality_check": "检查马达安装方向正确，连接牢固，轴线对中。",
      "estimated_time_minutes": 15,
      "safety_warnings": [
        "液压马达可能较重，搬运时注意使用正确的姿势，防止扭伤。",
        "安装时，确保马达轴端没有尖锐毛刺，佩戴手套操作，防止割伤。"
      ]
    },
    {
      "step_number": 7,
      "title": "安装左右侧板组件",
      "component_code": "01.09.0407/01.09.0408",
      "component_name": "左侧板组件/右侧板组件",
      "drawing_number": "36, 37",
      "connection_type": "螺栓连接",
      "position_description": "将左侧板组件和右侧板组件安装在②主框架组件的两侧。",
      "components": [
        {
          "bom_seq": "36",
          "bom_name": "左侧板组件-漆后",
          "quantity": 1,
          "node_name": [
            "NAUO209"
          ],
          "bom_code": "01.09.0407"
        },
        {
          "bom_seq": "37",
          "bom_name": "右侧板组件-漆后",
          "quantity": 1,
          "node_name": [
            "NAUO199"
          ],
          "bom_code": "01.09.0408"
        }
      ],
      "fasteners": [
        {
          "bom_seq": "28",
          "bom_name": "六角头螺栓全螺纹C级",
          "spec": "M8*60",
          "quantity": 8,
          "torque": "25N·m",
          "node_name": [
            "NAUO77"
          ],
          "bom_code": "02.03.0290"
        },
        {
          "bom_seq": "26",
          "bom_name": "平垫圈8.8级",
          "spec": "8*1.6",
          "quantity": 8,
          "torque": "",
          "node_name": [
            "NAUO74"
          ],
          "bom_code": "02.03.0009"
        },
        {
          "bom_seq": "25",
          "bom_name": "1型非金属嵌件六角锁紧螺母8.8级",
          "spec": "M8",
          "quantity": 8,
          "torque": "25N·m",
          "node_name": [
            "NAUO73"
          ],
          "bom_code": "02.03.0028"
        }
      ],
      "operation": "将左侧板组件（BOM序号36）和右侧板组件（BOM序号37）分别安装到②主框架组件（BOM序号2）的两侧。每侧使用4套M8*60螺栓（BOM序号28）、平垫圈（BOM序号26）和M8锁紧螺母（BOM序号25）固定。拧紧至25N·m。",
      "quality_check": "检查两侧板安装对称，与主框架连接平整，螺栓紧固到位。",
      "estimated_time_minutes": 15,
      "safety_warnings": [
        "侧板边缘可能锋利，搬运和安装时务必佩戴防割手套，防止割伤。"
      ]
    },
    {
      "step_number": 8,
      "title": "安装盖板和固定板组件",
      "component_code": "01.09.0409/01.09.0410",
      "component_name": "盖板/固定板组件",
      "drawing_number": "34, 38",
      "connection_type": "螺栓连接",
      "position_description": "将盖板和固定板组件安装在②主框架组件的顶部和侧面。",
      "components": [
        {
          "bom_seq": "34",
          "bom_name": "盖板-漆后",
          "quantity": 1,
          "node_name": [
            "NAUO148"
          ],
          "bom_code": "01.09.0409"
        },
        {
          "bom_seq": "38",
          "bom_name": "固定板组件-漆后",
          "quantity": 1,
          "node_name": [
            "NAUO195"
          ],
          "bom_code": "01.09.0410"
        }
      ],
      "fasteners": [
        {
          "bom_seq": "27",
          "bom_name": "六角头螺栓全螺纹8.8级",
          "spec": "M8*20",
          "quantity": 12,
          "torque": "25N·m",
          "node_name": [
            "NAUO75"
          ],
          "bom_code": "02.03.0379"
        },
        {
          "bom_seq": "35",
          "bom_name": "标准型弹性垫圈8.8级",
          "spec": "8*2.1",
          "quantity": 12,
          "torque": "",
          "node_name": [
            "NAUO151"
          ],
          "bom_code": "02.03.0008"
        },
        {
          "bom_seq": "26",
          "bom_name": "平垫圈8.8级",
          "spec": "8*1.6",
          "quantity": 12,
          "torque": "",
          "node_name": [
            "NAUO74"
          ],
          "bom_code": "02.03.0009"
        }
      ],
      "operation": "1. 将盖板（BOM序号34）安装到主框架顶部，使用M8*20螺栓（BOM序号27）、平垫圈（BOM序号26）和弹性垫圈（BOM序号35）固定。2. 将固定板组件（BOM序号38）安装到指定位置，同样使用M8*20螺栓、平垫圈和弹性垫圈固定。共使用12套M8紧固件。",
      "quality_check": "检查盖板和固定板安装平整，覆盖到位，螺栓紧固。",
      "estimated_time_minutes": 15,
      "safety_warnings": [
        "佩戴防护手套，防止盖板和固定板的边缘割伤手指。"
      ]
    },
    {
      "step_number": 9,
      "title": "安装支脚和旋转定位销",
      "component_code": "01.09.0405/01.09.1145",
      "component_name": "支脚/旋转定位销组件",
      "drawing_number": "无（附件）",
      "connection_type": "螺栓连接/销轴连接",
      "position_description": "将支脚和旋转定位销安装在主框架的底部和侧面。",
      "components": [
        {
          "bom_seq": "5",
          "bom_name": "支脚-镀锌",
          "quantity": 2,
          "node_name": [
            "NAUO220",
            "NAUO219"
          ],
          "bom_code": "01.09.0404"
        },
        {
          "bom_seq": "6",
          "bom_name": "旋转定位销组件-镀锌",
          "quantity": 2,
          "node_name": [
            "NAUO217"
          ],
          "bom_code": "01.09.1145"
        }
      ],
      "fasteners": [
        {
          "bom_seq": "17",
          "bom_name": "六角头螺栓全螺纹8.8级",
          "spec": "M12*35",
          "quantity": 4,
          "torque": "75N·m",
          "node_name": [
            "NAUO19"
          ],
          "bom_code": "02.03.0042"
        },
        {
          "bom_seq": "18",
          "bom_name": "平垫圈8.8级",
          "spec": "12*2.5",
          "quantity": 4,
          "torque": "",
          "node_name": [
            "NAUO20"
          ],
          "bom_code": "02.03.0132"
        },
        {
          "bom_seq": "19",
          "bom_name": "1型非金属嵌件六角锁紧螺母8.8级",
          "spec": "M12",
          "quantity": 4,
          "torque": "75N·m",
          "node_name": [
            "NAUO21"
          ],
          "bom_code": "02.03.0054"
        },
        {
          "bom_seq": "33",
          "bom_name": "安全销",
          "spec": "Φ4.5*40",
          "quantity": 2,
          "torque": ""
        }
      ],
      "operation": "1. 将2个支脚（BOM序号5）安装到主框架底部的安装孔上，使用4套M12*35螺栓（BOM序号17）、平垫圈（BOM序号18）和M12锁紧螺母（BOM序号19）固定。拧紧至75N·m。2. 将2个旋转定位销组件（BOM序号6）插入主框架侧面的定位孔中，并使用安全销（BOM序号33）锁定。",
      "quality_check": "检查支脚安装牢固，定位销插拔顺畅，安全销锁定可靠。",
      "estimated_time_minutes": 10,
      "safety_warnings": [
        "安装支脚时，如果设备需要倾斜或抬高，必须使用稳固的支撑物，防止设备倾倒砸伤。",
        "佩戴安全鞋，防止支脚或工具坠落砸伤脚部。"
      ]
    },
    {
      "step_number": 10,
      "title": "安装油杯和贴标",
      "component_code": "02.08.05.0004",
      "component_name": "直通式压注油杯",
      "drawing_number": "30",
      "connection_type": "螺纹连接",
      "position_description": "将油杯安装在轴承座和销轴的注油孔上，并粘贴所有标签。",
      "components": [],
      "fasteners": [
        {
          "bom_seq": "29",
          "bom_name": "直通式压注油杯",
          "spec": "M8",
          "quantity": 1,
          "torque": "",
          "node_name": [
            "NAUO90"
          ],
          "bom_code": "02.08.05.0004"
        },
        {
          "bom_seq": "30",
          "bom_name": "不干胶(120*60)",
          "spec": "",
          "quantity": 1,
          "torque": "",
          "node_name": [
            "NAUO133"
          ],
          "bom_code": "02.21.0114"
        },
        {
          "bom_seq": "31",
          "bom_name": "不干胶(100*100)",
          "spec": "",
          "quantity": 2,
          "torque": "",
          "node_name": [
            "NAUO134"
          ],
          "bom_code": "02.21.0112"
        },
        {
          "bom_seq": "32",
          "bom_name": "不干胶(100*80)",
          "spec": "",
          "quantity": 2,
          "torque": "",
          "node_name": [
            "NAUO136"
          ],
          "bom_code": "02.21.0109"
        }
      ],
      "operation": "1. 将直通式压注油杯（BOM序号29）拧入轴承座的注油孔中。2. 按照图纸和技术要求，将所有不干胶标签（BOM序号30, 31, 32）粘贴到指定位置，确保平整无气泡。",
      "quality_check": "检查油杯安装到位，标签粘贴位置和方向正确。",
      "estimated_time_minutes": 5
    }
  ],
  "raw_result": {
    "product_name": "滑移清扫器（斜角型）",
    "total_steps": 10,
    "visual_analysis": {
      "base_component_drawing_number": "②",
      "assembly_sequence_reasoning": "基准组件是②主框架组件，所有其他组件都安装在它上面。首先应安装①挂架组件以确定连接方向，然后安装两侧的毛刷组件（③、④），最后安装液压马达、盖板和支脚等附件。"
    },
    "assembly_steps": [
      {
        "step_number": 1,
        "title": "安装挂架组件",
        "component_code": "01.09.2154",
        "component_name": "挂架组件-漆后",
        "drawing_number": "①",
        "connection_type": "螺栓连接",
        "position_description": "将①挂架组件安装在②主框架组件的顶部连接座上。",
        "components": [
          {
            "bom_seq": "1",
            "bom_name": "挂架组件-漆后",
            "quantity": 1
          }
        ],
        "fasteners": [
          {
            "bom_seq": "16",
            "bom_name": "六角头螺栓全螺纹8.8级",
            "spec": "M14*70",
            "quantity": 6,
            "torque": "120N·m",
            "node_name": [
              "NAUO95",
              "NAUO18"
            ],
            "bom_code": "02.03.0241"
          },
          {
            "bom_seq": "14",
            "bom_name": "平垫圈8.8级",
            "spec": "14*2.5",
            "quantity": 6,
            "torque": "",
            "node_name": [
              "NAUO93",
              "NAUO16"
            ],
            "bom_code": "02.03.0169"
          },
          {
            "bom_seq": "15",
            "bom_name": "标准型弹性垫圈8.8级",
            "spec": "14#",
            "quantity": 6,
            "torque": "",
            "node_name": [
              "NAUO91",
              "NAUO17"
            ],
            "bom_code": "02.03.0073"
          }
        ],
        "operation": "将图纸上标注为①的挂架组件（BOM序号1）对准②主框架组件（BOM序号2）顶部的安装孔。使用6套M14*70螺栓（BOM序号16）、平垫圈（BOM序号14）和弹性垫圈（BOM序号15）进行固定。将螺栓拧紧至120N·m。",
        "quality_check": "检查挂架组件与主框架连接紧密，无晃动，螺栓扭矩符合要求。",
        "estimated_time_minutes": 15
      },
      {
        "step_number": 2,
        "title": "安装毛刷套组件",
        "component_code": "01.09.0402",
        "component_name": "毛刷套组件-漆后",
        "drawing_number": "③",
        "connection_type": "销轴连接",
        "position_description": "将③毛刷套组件安装在②主框架组件的前端下部。",
        "components": [
          {
            "bom_seq": "3",
            "bom_name": "毛刷套组件-漆后",
            "quantity": 1,
            "node_name": [
              "NAUO223"
            ],
            "bom_code": "01.09.0402"
          }
        ],
        "fasteners": [
          {
            "bom_seq": "8",
            "bom_name": "销轴-镀锌",
            "spec": "S-RB1830-09-45#",
            "quantity": 1,
            "torque": "",
            "node_name": [
              "NAUO8"
            ],
            "bom_code": "01.09.0406"
          },
          {
            "bom_seq": "7",
            "bom_name": "插销-镀锌",
            "spec": "S-RB1830-08-Q235",
            "quantity": 1,
            "torque": "",
            "node_name": [
              "NAUO13",
              "NAUO7"
            ],
            "bom_code": "01.09.0405"
          }
        ],
        "operation": "将图纸上标注为③的毛刷套组件（BOM序号3）对准②主框架组件（BOM序号2）前端的连接孔。使用销轴（BOM序号8）穿过连接孔，然后使用插销（BOM序号7）锁定销轴，确保毛刷套组件可以自由转动。",
        "quality_check": "检查销轴和插销安装到位，毛刷套组件转动灵活，无卡滞。",
        "estimated_time_minutes": 10
      },
      {
        "step_number": 3,
        "title": "安装毛刷固定板组",
        "component_code": "01.09.0403",
        "component_name": "毛刷固定板组-漆后",
        "drawing_number": "④",
        "connection_type": "螺栓连接",
        "position_description": "将④毛刷固定板组安装在③毛刷套组件的内侧。",
        "components": [
          {
            "bom_seq": "4",
            "bom_name": "毛刷固定板组-漆后",
            "quantity": 1
          }
        ],
        "fasteners": [
          {
            "bom_seq": "17",
            "bom_name": "六角头螺栓全螺纹8.8级",
            "spec": "M12*35",
            "quantity": 6,
            "torque": "75N·m",
            "node_name": [
              "NAUO19"
            ],
            "bom_code": "02.03.0042"
          },
          {
            "bom_seq": "18",
            "bom_name": "平垫圈8.8级",
            "spec": "12*2.5",
            "quantity": 6,
            "torque": "",
            "node_name": [
              "NAUO20"
            ],
            "bom_code": "02.03.0132"
          },
          {
            "bom_seq": "19",
            "bom_name": "1型非金属嵌件六角锁紧螺母8.8级",
            "spec": "M12",
            "quantity": 6,
            "torque": "75N·m",
            "node_name": [
              "NAUO21"
            ],
            "bom_code": "02.03.0054"
          }
        ],
        "operation": "将图纸上标注为④的毛刷固定板组（BOM序号4）安装到③毛刷套组件（BOM序号3）的内侧安装位。使用6套M12*35螺栓（BOM序号17）、平垫圈（BOM序号18）和M12锁紧螺母（BOM序号19）固定。将螺栓拧紧至75N·m。",
        "quality_check": "检查固定板组安装牢固，与毛刷套组件配合良好。",
        "estimated_time_minutes": 15
      },
      {
        "step_number": 4,
        "title": "安装圆形毛刷盘",
        "component_code": "02.04.0103",
        "component_name": "圆形毛刷盘",
        "drawing_number": "无（内部件）",
        "connection_type": "过盈配合/键连接",
        "position_description": "将圆形毛刷盘安装到毛刷固定板组的轴上。",
        "components": [
          {
            "bom_seq": "10",
            "bom_name": "圆形毛刷盘",
            "quantity": 38,
            "node_name": [
              "NAUO10"
            ],
            "bom_code": "02.04.0103"
          }
        ],
        "fasteners": [],
        "operation": "将38个圆形毛刷盘（BOM序号10）依次安装到④毛刷固定板组（BOM序号4）的中心轴上，确保毛刷盘方向一致，排列紧密。",
        "quality_check": "检查所有毛刷盘安装到位，无松动或间隙过大。",
        "estimated_time_minutes": 20
      },
      {
        "step_number": 5,
        "title": "安装轴承座和轴承",
        "component_code": "02.19.0001/02.19.0003",
        "component_name": "带方形座轴承/深沟球轴承",
        "drawing_number": "13, 12",
        "connection_type": "螺栓连接/压装",
        "position_description": "将轴承座和轴承安装在毛刷固定板组的两端。",
        "components": [
          {
            "bom_seq": "13",
            "bom_name": "带方形座轴承",
            "quantity": 1,
            "node_name": [
              "NAUO15"
            ],
            "bom_code": "02.19.0001"
          },
          {
            "bom_seq": "12",
            "bom_name": "深沟球轴承",
            "quantity": 1,
            "node_name": [
              "NAUO14"
            ],
            "bom_code": "02.19.0003"
          }
        ],
        "fasteners": [
          {
            "bom_seq": "20",
            "bom_name": "六角头螺栓全螺纹C级",
            "spec": "M10*45",
            "quantity": 4,
            "torque": "45N·m",
            "node_name": [
              "NAUO25"
            ],
            "bom_code": "02.03.0068"
          },
          {
            "bom_seq": "21",
            "bom_name": "平垫圈8.8级",
            "spec": "10*2",
            "quantity": 4,
            "torque": "",
            "node_name": [
              "NAUO26"
            ],
            "bom_code": "02.03.0112"
          },
          {
            "bom_seq": "22",
            "bom_name": "1型非金属嵌件六角锁紧螺母8.8级",
            "spec": "M10",
            "quantity": 4,
            "torque": "45N·m",
            "node_name": [
              "NAUO27"
            ],
            "bom_code": "02.03.0014"
          }
        ],
        "operation": "1. 将深沟球轴承（BOM序号12）压装到毛刷固定板组的一端。2. 将带方形座轴承（BOM序号13）安装到毛刷固定板组的另一端，对准安装孔。使用4套M10*45螺栓（BOM序号20）、平垫圈（BOM序号21）和M10锁紧螺母（BOM序号22）固定方形座轴承。拧紧至45N·m。",
        "quality_check": "检查轴承安装平稳，转动灵活，方形座轴承螺栓紧固到位。",
        "estimated_time_minutes": 20
      },
      {
        "step_number": 6,
        "title": "安装液压马达和固定套",
        "component_code": "02.08.02.0263",
        "component_name": "液压马达",
        "drawing_number": "11",
        "connection_type": "螺栓连接",
        "position_description": "将液压马达安装在毛刷固定板组的驱动端。",
        "components": [
          {
            "bom_seq": "11",
            "bom_name": "液压马达",
            "quantity": 1
          },
          {
            "bom_seq": "9",
            "bom_name": "马达固定套镀锌后",
            "quantity": 1,
            "node_name": [
              "NAUO9"
            ],
            "bom_code": "01.09.0061"
          }
        ],
        "fasteners": [
          {
            "bom_seq": "23",
            "bom_name": "六角头螺栓全螺纹8.8级",
            "spec": "M10*35",
            "quantity": 4,
            "torque": "45N·m",
            "node_name": [
              "NAUO43"
            ],
            "bom_code": "02.03.0083"
          },
          {
            "bom_seq": "21",
            "bom_name": "平垫圈8.8级",
            "spec": "10*2",
            "quantity": 4,
            "torque": "",
            "node_name": [
              "NAUO26"
            ],
            "bom_code": "02.03.0112"
          },
          {
            "bom_seq": "24",
            "bom_name": "标准型弹性垫圈8.8级",
            "spec": "10#",
            "quantity": 4,
            "torque": "",
            "node_name": [
              "NAUO45"
            ],
            "bom_code": "02.03.0093"
          }
        ],
        "operation": "1. 将马达固定套（BOM序号9）安装到液压马达（BOM序号11）上。2. 将马达组件安装到毛刷固定板组的驱动端，确保马达轴与毛刷轴连接正确。使用4套M10*35螺栓（BOM序号23）、平垫圈（BOM序号21）和弹性垫圈（BOM序号24）固定马达。拧紧至45N·m。",
        "quality_check": "检查马达安装方向正确，连接牢固，轴线对中。",
        "estimated_time_minutes": 15
      },
      {
        "step_number": 7,
        "title": "安装左右侧板组件",
        "component_code": "01.09.0407/01.09.0408",
        "component_name": "左侧板组件/右侧板组件",
        "drawing_number": "36, 37",
        "connection_type": "螺栓连接",
        "position_description": "将左侧板组件和右侧板组件安装在②主框架组件的两侧。",
        "components": [
          {
            "bom_seq": "36",
            "bom_name": "左侧板组件-漆后",
            "quantity": 1,
            "node_name": [
              "NAUO209"
            ],
            "bom_code": "01.09.0407"
          },
          {
            "bom_seq": "37",
            "bom_name": "右侧板组件-漆后",
            "quantity": 1,
            "node_name": [
              "NAUO199"
            ],
            "bom_code": "01.09.0408"
          }
        ],
        "fasteners": [
          {
            "bom_seq": "28",
            "bom_name": "六角头螺栓全螺纹C级",
            "spec": "M8*60",
            "quantity": 8,
            "torque": "25N·m",
            "node_name": [
              "NAUO77"
            ],
            "bom_code": "02.03.0290"
          },
          {
            "bom_seq": "26",
            "bom_name": "平垫圈8.8级",
            "spec": "8*1.6",
            "quantity": 8,
            "torque": "",
            "node_name": [
              "NAUO74"
            ],
            "bom_code": "02.03.0009"
          },
          {
            "bom_seq": "25",
            "bom_name": "1型非金属嵌件六角锁紧螺母8.8级",
            "spec": "M8",
            "quantity": 8,
            "torque": "25N·m",
            "node_name": [
              "NAUO73"
            ],
            "bom_code": "02.03.0028"
          }
        ],
        "operation": "将左侧板组件（BOM序号36）和右侧板组件（BOM序号37）分别安装到②主框架组件（BOM序号2）的两侧。每侧使用4套M8*60螺栓（BOM序号28）、平垫圈（BOM序号26）和M8锁紧螺母（BOM序号25）固定。拧紧至25N·m。",
        "quality_check": "检查两侧板安装对称，与主框架连接平整，螺栓紧固到位。",
        "estimated_time_minutes": 15
      },
      {
        "step_number": 8,
        "title": "安装盖板和固定板组件",
        "component_code": "01.09.0409/01.09.0410",
        "component_name": "盖板/固定板组件",
        "drawing_number": "34, 38",
        "connection_type": "螺栓连接",
        "position_description": "将盖板和固定板组件安装在②主框架组件的顶部和侧面。",
        "components": [
          {
            "bom_seq": "34",
            "bom_name": "盖板-漆后",
            "quantity": 1,
            "node_name": [
              "NAUO148"
            ],
            "bom_code": "01.09.0409"
          },
          {
            "bom_seq": "38",
            "bom_name": "固定板组件-漆后",
            "quantity": 1,
            "node_name": [
              "NAUO195"
            ],
            "bom_code": "01.09.0410"
          }
        ],
        "fasteners": [
          {
            "bom_seq": "27",
            "bom_name": "六角头螺栓全螺纹8.8级",
            "spec": "M8*20",
            "quantity": 12,
            "torque": "25N·m",
            "node_name": [
              "NAUO75"
            ],
            "bom_code": "02.03.0379"
          },
          {
            "bom_seq": "35",
            "bom_name": "标准型弹性垫圈8.8级",
            "spec": "8*2.1",
            "quantity": 12,
            "torque": "",
            "node_name": [
              "NAUO151"
            ],
            "bom_code": "02.03.0008"
          },
          {
            "bom_seq": "26",
            "bom_name": "平垫圈8.8级",
            "spec": "8*1.6",
            "quantity": 12,
            "torque": "",
            "node_name": [
              "NAUO74"
            ],
            "bom_code": "02.03.0009"
          }
        ],
        "operation": "1. 将盖板（BOM序号34）安装到主框架顶部，使用M8*20螺栓（BOM序号27）、平垫圈（BOM序号26）和弹性垫圈（BOM序号35）固定。2. 将固定板组件（BOM序号38）安装到指定位置，同样使用M8*20螺栓、平垫圈和弹性垫圈固定。共使用12套M8紧固件。",
        "quality_check": "检查盖板和固定板安装平整，覆盖到位，螺栓紧固。",
        "estimated_time_minutes": 15
      },
      {
        "step_number": 9,
        "title": "安装支脚和旋转定位销",
        "component_code": "01.09.0405/01.09.1145",
        "component_name": "支脚/旋转定位销组件",
        "drawing_number": "无（附件）",
        "connection_type": "螺栓连接/销轴连接",
        "position_description": "将支脚和旋转定位销安装在主框架的底部和侧面。",
        "components": [
          {
            "bom_seq": "5",
            "bom_name": "支脚-镀锌",
            "quantity": 2,
            "node_name": [
              "NAUO220",
              "NAUO219"
            ],
            "bom_code": "01.09.0404"
          },
          {
            "bom_seq": "6",
            "bom_name": "旋转定位销组件-镀锌",
            "quantity": 2,
            "node_name": [
              "NAUO217"
            ],
            "bom_code": "01.09.1145"
          }
        ],
        "fasteners": [
          {
            "bom_seq": "17",
            "bom_name": "六角头螺栓全螺纹8.8级",
            "spec": "M12*35",
            "quantity": 4,
            "torque": "75N·m",
            "node_name": [
              "NAUO19"
            ],
            "bom_code": "02.03.0042"
          },
          {
            "bom_seq": "18",
            "bom_name": "平垫圈8.8级",
            "spec": "12*2.5",
            "quantity": 4,
            "torque": "",
            "node_name": [
              "NAUO20"
            ],
            "bom_code": "02.03.0132"
          },
          {
            "bom_seq": "19",
            "bom_name": "1型非金属嵌件六角锁紧螺母8.8级",
            "spec": "M12",
            "quantity": 4,
            "torque": "75N·m",
            "node_name": [
              "NAUO21"
            ],
            "bom_code": "02.03.0054"
          },
          {
            "bom_seq": "33",
            "bom_name": "安全销",
            "spec": "Φ4.5*40",
            "quantity": 2,
            "torque": ""
          }
        ],
        "operation": "1. 将2个支脚（BOM序号5）安装到主框架底部的安装孔上，使用4套M12*35螺栓（BOM序号17）、平垫圈（BOM序号18）和M12锁紧螺母（BOM序号19）固定。拧紧至75N·m。2. 将2个旋转定位销组件（BOM序号6）插入主框架侧面的定位孔中，并使用安全销（BOM序号33）锁定。",
        "quality_check": "检查支脚安装牢固，定位销插拔顺畅，安全销锁定可靠。",
        "estimated_time_minutes": 10
      },
      {
        "step_number": 10,
        "title": "安装油杯和贴标",
        "component_code": "02.08.05.0004",
        "component_name": "直通式压注油杯",
        "drawing_number": "30",
        "connection_type": "螺纹连接",
        "position_description": "将油杯安装在轴承座和销轴的注油孔上，并粘贴所有标签。",
        "components": [],
        "fasteners": [
          {
            "bom_seq": "29",
            "bom_name": "直通式压注油杯",
            "spec": "M8",
            "quantity": 1,
            "torque": "",
            "node_name": [
              "NAUO90"
            ],
            "bom_code": "02.08.05.0004"
          },
          {
            "bom_seq": "30",
            "bom_name": "不干胶(120*60)",
            "spec": "",
            "quantity": 1,
            "torque": "",
            "node_name": [
              "NAUO133"
            ],
            "bom_code": "02.21.0114"
          },
          {
            "bom_seq": "31",
            "bom_name": "不干胶(100*100)",
            "spec": "",
            "quantity": 2,
            "torque": "",
            "node_name": [
              "NAUO134"
            ],
            "bom_code": "02.21.0112"
          },
          {
            "bom_seq": "32",
            "bom_name": "不干胶(100*80)",
            "spec": "",
            "quantity": 2,
            "torque": "",
            "node_name": [
              "NAUO136"
            ],
            "bom_code": "02.21.0109"
          }
        ],
        "operation": "1. 将直通式压注油杯（BOM序号29）拧入轴承座的注油孔中。2. 按照图纸和技术要求，将所有不干胶标签（BOM序号30, 31, 32）粘贴到指定位置，确保平整无气泡。",
        "quality_check": "检查油杯安装到位，标签粘贴位置和方向正确。",
        "estimated_time_minutes": 5
      }
    ]
  }
}