{
  "version": "1.0",
  "model": "product_total.glb",
  "node_map": {
    "part_000": "NAUO242",
    "part_001": "NAUO16",
    "part_002": "NAUO207",
    "part_003": "NAUO65",
    "part_004": "NAUO9",
    "part_005": "NAUO150",
    "part_006": "NAUO182",
    "part_007": "NAUO69",
    "part_008": "NAUO39",
    "part_009": "NAUO73",
    "part_010": "NAUO158",
    "part_011": "NAUO28",
    "part_012": "NAUO193",
    "part_013": "NAUO265",
    "part_014": "NAUO245",
    "part_015": "NAUO25",
    "part_016": "NAUO41",
    "part_017": "NAUO261",
    "part_018": "NAUO95",
    "part_019": "NAUO122",
    "part_020": "NAUO251",
    "part_021": "NAUO264",
    "part_022": "NAUO62",
    "part_023": "NAUO117",
    "part_024": "NAUO151",
    "part_025": "NAUO132",
    "part_026": "NAUO253",
    "part_027": "NAUO54",
    "part_028": "NAUO155",
    "part_029": "NAUO213",
    "part_030": "NAUO57",
    "part_031": "NAUO206",
    "part_032": "NAUO49",
    "part_033": "NAUO169",
    "part_034": "NAUO130",
    "part_035": "NAUO67",
    "part_036": "NAUO31",
    "part_037": "NAUO258",
    "part_038": "NAUO36",
    "part_039": "NAUO235",
    "part_040": "NAUO15",
    "part_041": "NAUO71",
    "part_042": "NAUO159",
    "part_043": "NAUO166",
    "part_044": "NAUO43",
    "part_045": "NAUO93",
    "part_046": "NAUO90",
    "part_047": "NAUO101",
    "part_048": "NAUO178",
    "part_049": "NAUO105",
    "part_050": "NAUO110",
    "part_051": "NAUO184",
    "part_052": "NAUO192",
    "part_053": "NAUO18",
    "part_054": "NAUO61",
    "part_055": "NAUO168",
    "part_056": "NAUO173",
    "part_057": "NAUO145",
    "part_058": "NAUO195",
    "part_059": "NAUO164",
    "part_060": "NAUO267",
    "part_061": "NAUO248",
    "part_062": "NAUO211",
    "part_063": "NAUO34",
    "part_064": "NAUO120",
    "part_065": "NAUO240",
    "part_066": "NAUO124",
    "part_067": "NAUO37",
    "part_068": "NAUO189",
    "part_069": "NAUO148",
    "part_070": "NAUO226",
    "part_071": "NAUO196",
    "part_072": "NAUO114",
    "part_073": "NAUO7",
    "part_074": "NAUO170",
    "part_075": "NAUO194",
    "part_076": "NAUO20",
    "part_077": "NAUO259",
    "part_078": "NAUO181",
    "part_079": "NAUO219",
    "part_080": "NAUO220",
    "part_081": "NAUO102",
    "part_082": "NAUO171",
    "part_083": "NAUO47",
    "part_084": "NAUO48",
    "part_085": "NAUO50",
    "part_086": "NAUO112",
    "part_087": "NAUO113",
    "part_088": "NAUO246",
    "part_089": "NAUO19",
    "part_090": "NAUO109",
    "part_091": "NAUO183",
    "part_092": "NAUO45",
    "part_093": "NAUO70",
    "part_094": "NAUO141",
    "part_095": "NAUO249",
    "part_096": "NAUO149",
    "part_097": "NAUO52",
    "part_098": "NAUO46",
    "part_099": "NAUO137",
    "part_100": "NAUO191",
    "part_101": "NAUO99",
    "part_102": "NAUO239",
    "part_103": "NAUO175",
    "part_104": "NAUO232",
    "part_105": "NAUO221",
    "part_106": "NAUO89",
    "part_107": "NAUO128",
    "part_108": "NAUO214",
    "part_109": "NAUO167",
    "part_110": "NAUO201",
    "part_111": "NAUO100",
    "part_112": "NAUO179",
    "part_113": "NAUO76",
    "part_114": "NAUO228",
    "part_115": "NAUO233",
    "part_116": "NAUO269",
    "part_117": "NAUO98",
    "part_118": "NAUO252",
    "part_119": "NAUO107",
    "part_120": "NAUO80",
    "part_121": "NAUO119",
    "part_122": "NAUO163",
    "part_123": "NAUO241",
    "part_124": "NAUO72",
    "part_125": "NAUO153",
    "part_126": "NAUO210",
    "part_127": "NAUO223",
    "part_128": "NAUO216",
    "part_129": "NAUO138",
    "part_130": "NAUO217",
    "part_131": "NAUO125",
    "part_132": "NAUO53",
    "part_133": "NAUO75",
    "part_134": "NAUO209",
    "part_135": "NAUO244",
    "part_136": "NAUO234",
    "part_137": "NAUO224",
    "part_138": "NAUO24",
    "part_139": "NAUO174",
    "part_140": "NAUO111",
    "part_141": "NAUO204",
    "part_142": "NAUO59",
    "part_143": "NAUO260",
    "part_144": "NAUO225",
    "part_145": "NAUO243",
    "part_146": "NAUO236",
    "part_147": "NAUO64",
    "part_148": "NAUO86",
    "part_149": "NAUO198",
    "part_150": "NAUO165",
    "part_151": "NAUO30",
    "part_152": "NAUO63",
    "part_153": "NAUO262",
    "part_154": "NAUO230",
    "part_155": "NAUO44",
    "part_156": "NAUO266",
    "part_157": "NAUO254",
    "part_158": "NAUO203",
    "part_159": "NAUO118",
    "part_160": "NAUO21",
    "part_161": "NAUO200",
    "part_162": "NAUO133",
    "part_163": "NAUO35",
    "part_164": "NAUO66",
    "part_165": "NAUO229",
    "part_166": "NAUO268",
    "part_167": "NAUO79",
    "part_168": "NAUO136",
    "part_169": "NAUO263",
    "part_170": "NAUO157",
    "part_171": "NAUO161",
    "part_172": "NAUO88",
    "part_173": "NAUO115",
    "part_174": "NAUO162",
    "part_175": "NAUO17",
    "part_176": "NAUO172",
    "part_177": "NAUO78",
    "part_178": "NAUO156",
    "part_179": "NAUO237",
    "part_180": "NAUO142",
    "part_181": "NAUO58",
    "part_182": "NAUO87",
    "part_183": "NAUO227",
    "part_184": "NAUO104",
    "part_185": "NAUO23",
    "part_186": "NAUO91",
    "part_187": "NAUO152",
    "part_188": "NAUO222",
    "part_189": "NAUO82",
    "part_190": "NAUO139",
    "part_191": "NAUO116",
    "part_192": "NAUO26",
    "part_193": "NAUO220_1",
    "part_194": "NAUO94",
    "part_195": "NAUO215",
    "part_196": "NAUO8",
    "part_197": "NAUO238",
    "part_198": "NAUO29",
    "part_199": "NAUO22",
    "part_200": "NAUO11",
    "part_201": "NAUO84",
    "part_202": "NAUO96",
    "part_203": "NAUO129",
    "part_204": "NAUO160",
    "part_205": "NAUO10",
    "part_206": "NAUO27",
    "part_207": "NAUO85",
    "part_208": "NAUO247",
    "part_209": "NAUO103",
    "part_210": "NAUO140",
    "part_211": "NAUO33",
    "part_212": "NAUO92",
    "part_213": "NAUO108",
    "part_214": "NAUO144",
    "part_215": "NAUO127",
    "part_216": "NAUO255",
    "part_217": "NAUO212",
    "part_218": "NAUO197",
    "part_219": "NAUO154",
    "part_220": "NAUO38",
    "part_221": "NAUO68",
    "part_222": "NAUO188",
    "part_223": "NAUO51",
    "part_224": "NAUO134",
    "part_225": "NAUO219_1",
    "part_226": "NAUO177",
    "part_227": "NAUO121",
    "part_228": "NAUO231",
    "part_229": "NAUO32",
    "part_230": "NAUO74",
    "part_231": "NAUO135",
    "part_232": "NAUO176",
    "part_233": "NAUO180",
    "part_234": "NAUO13",
    "part_235": "NAUO40",
    "part_236": "NAUO106",
    "part_237": "NAUO126",
    "part_238": "NAUO187",
    "part_239": "NAUO205",
    "part_240": "NAUO14",
    "part_241": "NAUO143",
    "part_242": "NAUO97",
    "part_243": "NAUO60",
    "part_244": "NAUO199",
    "part_245": "NAUO208",
    "part_246": "NAUO123",
    "part_247": "NAUO190",
    "part_248": "NAUO202",
    "part_249": "NAUO83",
    "part_250": "NAUO257",
    "part_251": "NAUO131",
    "part_252": "NAUO42",
    "part_253": "NAUO55",
    "part_254": "NAUO77",
    "part_255": "NAUO250",
    "part_256": "NAUO256",
    "part_257": "NAUO56",
    "part_258": "NAUO218",
    "part_259": "NAUO186",
    "part_260": "NAUO81"
  },
  "explosion_vectors": {
    "NAUO242": {
      "direction": [
        0.8944271909999159,
        0.0,
        0.4472135954999579
      ],
      "distance": 0.0007558865431880221,
      "original_position": [
        0.0009687867997097306,
        -2.935904751670093e-06,
        -0.0005102991640291988
      ]
    },
    "NAUO16": {
      "direction": [
        0.8941680281507917,
        0.021529919482547677,
        0.4472135954999579
      ],
      "distance": 0.0007558865431880221,
      "original_position": [
        0.00015349477529525758,
        5.091032758355141e-05,
        -0.0009494271802072081
      ]
    },
    "NAUO207": {
      "direction": [
        0.8933906897897799,
        0.043047362253003735,
        0.4472135954999579
      ],
      "distance": 0.0007558865431880221,
      "original_position": [
        0.00012364307691689163,
        0.00029115345917892415,
        0.0008295403192012397
      ]
    },
    "NAUO65": {
      "direction": [
        0.8920956263889286,
        0.06453985882960292,
        0.4472135954999579
      ],
      "distance": 0.0007558865431880221,
      "original_position": [
        0.00020423953235161268,
        -5.486426129846607e-05,
        -0.000984429337337879
      ]
    },
    "NAUO9": {
      "direction": [
        0.8902835884449226,
        0.08599495418704273,
        0.4472135954999579
      ],
      "distance": 0.0007558865431880221,
      "original_position": [
        0.00016325868504458267,
        -1.2352966990110577e-05,
        0.0008553381522306506
      ]
    },
    "NAUO150": {
      "direction": [
        0.8879556260441659,
        0.10740021497424208,
        0.4472135954999579
      ],
      "distance": 0.0007558865431880221,
      "original_position": [
        2.3706813147449873e-05,
        0.000301503354023997,
        0.0008214825973253265
      ]
    },
    "NAUO182": {
      "direction": [
        -0.3982464619180444,
        0.28112904004406214,
        -0.8731358533548281
      ],
      "distance": 0.0032314566256818823,
      "original_position": [
        2.3736579035017933e-05,
        0.000306189404650218,
        -0.0009685176443121951
      ]
    },
    "NAUO69": {
      "direction": [
        0.881757622342164,
        0.15001165101915748,
        0.4472135954999579
      ],
      "distance": 0.0007558865431880221,
      "original_position": [
        0.00038378365321606594,
        6.960602567092507e-05,
        0.0008771826039609661
      ]
    },
    "NAUO39": {
      "direction": [
        0.8778911728196898,
        0.17119313270475991,
        0.4472135954999579
      ],
      "distance": 0.0007558865431880221,
      "original_position": [
        0.00010575985163371136,
        -1.1987950653294465e-05,
        0.0008373945134433782
      ]
    },
    "NAUO73": {
      "direction": [
        0.8735159803165496,
        0.19227540698596163,
        0.4472135954999579
      ],
      "distance": 0.0007558865431880221,
      "original_position": [
        0.0004634009129026408,
        -7.0260514379856e-05,
        0.0007764825820919394
      ]
    },
    "NAUO158": {
      "direction": [
        0.8686345802819474,
        0.2132462565636382,
        0.4472135954999579
      ],
      "distance": 0.0007558865431880221,
      "original_position": [
        0.00031060551710615633,
        0.0002828637270451994,
        0.0008214824047155733
      ]
    },
    "NAUO28": {
      "direction": [
        0.8632498015152608,
        0.23409352870992128,
        0.4472135954999579
      ],
      "distance": 0.0007558865431880221,
      "original_position": [
        0.0001636238693976061,
        4.514570583378169e-05,
        0.0008588408563729415
      ]
    },
    "NAUO193": {
      "direction": [
        0.8573647645267363,
        0.2548051423107746,
        0.4472135954999579
      ],
      "distance": 0.0007558865431880221,
      "original_position": [
        0.00015349477529525758,
        5.091032758355141e-05,
        0.0008073423432473693
      ]
    },
    "NAUO265": {
      "direction": [
        0.850982879729135,
        0.2753690948670683,
        0.4472135954999579
      ],
      "distance": 0.0007558865431880221,
      "original_position": [
        0.0004816375032234546,
        -6.403548473799424e-05,
        0.00035148256269639357
      ]
    },
    "NAUO245": {
      "direction": [
        0.8441078454613797,
        0.29577346945009686,
        0.4472135954999579
      ],
      "distance": 0.0007558865431880221,
      "original_position": [
        0.0009782720626654142,
        -0.0002105302025414587,
        0.00024894318357110033
      ]
    },
    "NAUO25": {
      "direction": [
        -0.3206366360840271,
        0.024051759312018032,
        -0.946896858414218
      ],
      "distance": 0.0030917566350849896,
      "original_position": [
        0.00012226515268678786,
        2.8158033755693746e-05,
        -0.001003875646412004
      ]
    },
    "NAUO41": {
      "direction": [
        0.8288945484770383,
        0.33605628621563816,
        0.4472135954999579
      ],
      "distance": 0.0007558865431880221,
      "original_position": [
        0.00016289350390434265,
        -6.985197216272354e-05,
        0.0008724479089170531
      ]
    },
    "NAUO261": {
      "direction": [
        0.8205651019534986,
        0.35591138427429414,
        0.4472135954999579
      ],
      "distance": 0.0007558865431880221,
      "original_position": [
        0.00044024358446380504,
        -1.56123390496447e-05,
        0.0009279826283454895
      ]
    },
    "NAUO95": {
      "direction": [
        0.8117601332368638,
        0.37556022964002583,
        0.4472135954999579
      ],
      "distance": 0.0007558865431880221,
      "original_position": [
        0.00022377910350469284,
        -3.704570611362722e-05,
        -0.0009234170030782656
      ]
    },
    "NAUO122": {
      "direction": [
        0.8024847448571151,
        0.39499143569400436,
        0.4472135954999579
      ],
      "distance": 0.0007558865431880221,
      "original_position": [
        0.00016325744275453354,
        -1.3057823480844296e-05,
        0.0002598825867240318
      ]
    },
    "NAUO251": {
      "direction": [
        0.7927443119551323,
        0.41419374194063324,
        0.4472135954999579
      ],
      "distance": 0.0007558865431880221,
      "original_position": [
        0.0009182200825226447,
        0.00021535668128984644,
        -0.0006430174098350108
      ]
    },
    "NAUO264": {
      "direction": [
        0.7825444791677688,
        0.4331560205330699,
        0.4472135954999579
      ],
      "distance": 0.0007558865431880221,
      "original_position": [
        0.0006627432764894833,
        -1.6525458398207964e-05,
        -7.361280469112451e-05
      ]
    },
    "NAUO62": {
      "direction": [
        0.7718911573567528,
        0.4518672827218768,
        0.4472135954999579
      ],
      "distance": 0.0007558865431880221,
      "original_position": [
        0.00019803570210933687,
        -4.7575128027152354e-05,
        0.0008887825835263357
      ]
    },
    "NAUO117": {
      "direction": [
        0.7607905201833074,
        0.47031668522306586,
        0.4472135954999579
      ],
      "distance": 0.0007558865431880221,
      "original_position": [
        0.00016325744275453354,
        -1.3057823480844296e-05,
        3.488256288217389e-05
      ]
    },
    "NAUO151": {
      "direction": [
        0.74924900053048,
        0.4884935365018421,
        0.4472135954999579
      ],
      "distance": 0.0007558865431880221,
      "original_position": [
        2.3736579035017933e-05,
        0.000306189404650218,
        0.0008214823771454771
      ]
    },
    "NAUO132": {
      "direction": [
        0.7372732867752488,
        0.5063873029684114,
        0.4472135954999579
      ],
      "distance": 0.0007558865431880221,
      "original_position": [
        0.00016325744275453354,
        -1.3057823480844296e-05,
        0.000709882515198458
      ]
    },
    "NAUO253": {
      "direction": [
        0.7248703189125698,
        0.5239876150822548,
        0.4472135954999579
      ],
      "distance": 0.0007558865431880221,
      "original_position": [
        0.0009154502242502067,
        0.00025998841754688433,
        0.00019848258674965552
      ]
    },
    "NAUO54": {
      "direction": [
        0.7120472845336103,
        0.5412842733613379,
        0.4472135954999579
      ],
      "distance": 0.0007558865431880221,
      "original_position": [
        0.00024385407775633588,
        8.113688599506807e-05,
        0.0008771826028823853
      ]
    },
    "NAUO155": {
      "direction": [
        0.6988116146604983,
        0.5582672542927688,
        0.4472135954999579
      ],
      "distance": 0.0007558865431880221,
      "original_position": [
        0.0004349164004302266,
        0.0001799368943194148,
        0.0008214825987815857
      ]
    },
    "NAUO213": {
      "direction": [
        0.6851709794400023,
        0.5749267161414816,
        0.4472135954999579
      ],
      "distance": 0.0007558865431880221,
      "original_position": [
        0.00038934485109059044,
        0.0002199932109018144,
        0.000821482564285196
      ]
    },
    "NAUO57": {
      "direction": [
        -0.06899360781643833,
        0.05458318331346456,
        -0.9961227626050115
      ],
      "distance": 0.00300023242035787,
      "original_position": [
        0.0003837096820520504,
        5.795805033735846e-05,
        -0.0010242173671722412
      ]
    },
    "NAUO206": {
      "direction": [
        -0.2267964962468416,
        0.28534973185209517,
        -0.9312029208620931
      ],
      "distance": 0.0030299518693351936,
      "original_position": [
        0.00022364781245423192,
        0.00029156928942274476,
        -0.000968517441763071
      ]
    },
    "NAUO49": {
      "direction": [
        0.6418994757393955,
        0.6228684155144562,
        0.4472135954999579
      ],
      "distance": 0.0007558865431880221,
      "original_position": [
        0.00012803710997104644,
        -4.713014140725136e-05,
        0.0008910478959470824
      ]
    },
    "NAUO169": {
      "direction": [
        0.6267203046812635,
        0.6381392165509218,
        0.4472135954999579
      ],
      "distance": 0.0007558865431880221,
      "original_position": [
        0.0003933564453376652,
        0.0002265231425882118,
        -0.000968517421291886
      ]
    },
    "NAUO130": {
      "direction": [
        0.611177945604253,
        0.6530402122434459,
        0.4472135954999579
      ],
      "distance": 0.0007558865431880221,
      "original_position": [
        0.00016325744275453354,
        -1.3057823480844296e-05,
        0.0006198826010291465
      ]
    },
    "NAUO67": {
      "direction": [
        -0.06888238908695712,
        0.0651890911472648,
        -0.9954926412932777
      ],
      "distance": 0.0030021314872724068,
      "original_position": [
        0.0003837773053093275,
        6.860604599618562e-05,
        -0.001024217366089082
      ]
    },
    "NAUO31": {
      "direction": [
        -0.2463319049186973,
        -0.05773399377440705,
        -0.9674644068811951
      ],
      "distance": 0.0030260282692785383,
      "original_position": [
        0.00020423953240509152,
        -5.4864260810341526e-05,
        -0.001003875646412004
      ]
    },
    "NAUO258": {
      "direction": [
        -0.011902692949318195,
        -0.01812656506810639,
        -0.9997648491217253
      ],
      "distance": 0.003141738755447936,
      "original_position": [
        0.00044024358446380525,
        -1.561233904964543e-05,
        -0.001075017422437668
      ]
    },
    "NAUO36": {
      "direction": [
        0.5455598134391066,
        0.7087767560807049,
        0.4472135954999579
      ],
      "distance": 0.0007558865431880221,
      "original_position": [
        0.0001636238694186412,
        4.5145705343083835e-05,
        0.0008373945134433782
      ]
    },
    "NAUO235": {
      "direction": [
        0.5283406417948282,
        0.7217036554070022,
        0.4472135954999579
      ],
      "distance": 0.0007558865431880221,
      "original_position": [
        0.0007954917002387868,
        -8.086984653338278e-05,
        -7.351713435069414e-05
      ]
    },
    "NAUO15": {
      "direction": [
        -0.28122118821252023,
        -0.016151416865869822,
        -0.9595070479332413
      ],
      "distance": 0.0030878435016490928,
      "original_position": [
        0.0001632529621921396,
        -1.3253710927673125e-05,
        -0.0010156199657466284
      ]
    },
    "NAUO71": {
      "direction": [
        0.4929939252299362,
        0.7462955109649126,
        0.4472135954999579
      ],
      "distance": 0.0007558865431880221,
      "original_position": [
        0.00016289350392583447,
        -6.985197265421243e-05,
        0.0008588408563729415
      ]
    },
    "NAUO159": {
      "direction": [
        0.4748868639347407,
        0.7579462160748788,
        0.4472135954999579
      ],
      "distance": 0.0007558865431880221,
      "original_position": [
        0.00039580942146493707,
        0.00023051600293395687,
        0.0008214824408520982
      ]
    },
    "NAUO166": {
      "direction": [
        0.4565046029723006,
        0.7691576869960425,
        0.4472135954999579
      ],
      "distance": 0.0007558865431880221,
      "original_position": [
        0.00044551149434916604,
        0.00010059088548335846,
        0.0008214826022303773
      ]
    },
    "NAUO43": {
      "direction": [
        0.43785779496850247,
        0.7799234266165627,
        0.4472135954999579
      ],
      "distance": 0.0007558865431880221,
      "original_position": [
        0.00012848168613140026,
        2.2868445718146407e-05,
        0.000882029725792132
      ]
    },
    "NAUO93": {
      "direction": [
        0.41895724585576394,
        0.7902371961284491,
        0.4472135954999579
      ],
      "distance": 0.0007558865431880221,
      "original_position": [
        0.00022378489375114442,
        -3.70345413684845e-05,
        -0.0009494271802072081
      ]
    },
    "NAUO90": {
      "direction": [
        0.39981390861093447,
        0.800093018642987,
        0.4472135954999579
      ],
      "distance": 0.0007558865431880221,
      "original_position": [
        0.0006630377200801908,
        -1.65273296179036e-05,
        -0.00010204518916471234
      ]
    },
    "NAUO101": {
      "direction": [
        0.3804388769079808,
        0.8094851826543795,
        0.4472135954999579
      ],
      "distance": 0.0007558865431880221,
      "original_position": [
        0.00016325744275453354,
        -1.3057823480844296e-05,
        -0.0006851174396510235
      ]
    },
    "NAUO178": {
      "direction": [
        0.36084337868914046,
        0.8184082453495966,
        0.4472135954999579
      ],
      "distance": 0.0007558865431880221,
      "original_position": [
        0.0004349164004302266,
        0.0001799368943194148,
        -0.0009685174226760864
      ]
    },
    "NAUO105": {
      "direction": [
        0.34103876965826385,
        0.8268570357625178,
        0.4472135954999579
      ],
      "distance": 0.0007558865431880221,
      "original_position": [
        0.00016325744275453354,
        -1.3057823480844296e-05,
        -0.0005051174436743371
      ]
    },
    "NAUO110": {
      "direction": [
        0.32103652670011873,
        0.8348266577705361,
        0.4472135954999579
      ],
      "distance": 0.0007558865431880221,
      "original_position": [
        0.00016325744275453354,
        -1.3057823480844296e-05,
        -0.0002801174347336404
      ]
    },
    "NAUO184": {
      "direction": [
        -0.39844755097505297,
        0.279544999618707,
        -0.8735525984794273
      ],
      "distance": 0.0032299142357848365,
      "original_position": [
        2.3724829338852623e-05,
        0.0003043394295465369,
        -0.0009685174226760864
      ]
    },
    "NAUO192": {
      "direction": [
        0.28048561247378834,
        0.8493102031620742,
        0.4472135954999579
      ],
      "distance": 0.0007558865431880221,
      "original_position": [
        0.00022378541695735842,
        -3.7034239295230595e-05,
        0.0008104326121974737
      ]
    },
    "NAUO18": {
      "direction": [
        0.2599604406934792,
        0.8558157332477897,
        0.4472135954999579
      ],
      "distance": 0.0007558865431880221,
      "original_position": [
        0.00015350733937170624,
        5.091089545555538e-05,
        -0.0009234170030782656
      ]
    },
    "NAUO61": {
      "direction": [
        0.23928462034356568,
        0.8618253131969584,
        0.4472135954999579
      ],
      "distance": 0.0007558865431880221,
      "original_position": [
        0.0001984802633523941,
        2.2423458523202607e-05,
        0.0008887825835263357
      ]
    },
    "NAUO168": {
      "direction": [
        0.2184701331807826,
        0.8673354604234574,
        0.4472135954999579
      ],
      "distance": 0.0007558865431880221,
      "original_position": [
        0.00043212026770414333,
        0.00017946215121412374,
        -0.0009685174196081051
      ]
    },
    "NAUO173": {
      "direction": [
        0.1975290413200804,
        0.8723429817652973,
        0.4472135954999579
      ],
      "distance": 0.0007558865431880221,
      "original_position": [
        0.0004367402711532776,
        0.0001802467749360198,
        -0.0009685174693325419
      ]
    },
    "NAUO145": {
      "direction": [
        0.17647348024455917,
        0.8768449753350778,
        0.4472135954999579
      ],
      "distance": 0.0007558865431880221,
      "original_position": [
        0.0004688468484174628,
        -7.029510059243845e-05,
        -0.0009235174059867859
      ]
    },
    "NAUO195": {
      "direction": [
        0.1553156517728869,
        0.8808388322016482,
        0.4472135954999579
      ],
      "distance": 0.0007558865431880221,
      "original_position": [
        0.00016325233879758882,
        -1.3353115148818793e-05,
        0.0008002966134228064
      ]
    },
    "NAUO164": {
      "direction": [
        0.13406781698827605,
        0.884322237901998,
        0.4472135954999579
      ],
      "distance": 0.0007558865431880221,
      "original_position": [
        0.0003933564453376652,
        0.0002265231425882118,
        0.0008214826001657861
      ]
    },
    "NAUO267": {
      "direction": [
        0.11274228913311422,
        0.8872931737825019,
        0.4472135954999579
      ],
      "distance": 0.0007558865431880221,
      "original_position": [
        0.0007427406603260363,
        -1.7033536404829623e-05,
        -7.351744174957275e-05
      ]
    },
    "NAUO248": {
      "direction": [
        0.09135142647336993,
        0.8897499181687405,
        0.4472135954999579
      ],
      "distance": 0.0007558865431880221,
      "original_position": [
        0.0009156796715686472,
        -0.0001846352735729548,
        -0.0006430174098350107
      ]
    },
    "NAUO211": {
      "direction": [
        0.0699076251369071,
        0.8916910473632207,
        0.4472135954999579
      ],
      "distance": 0.0007558865431880221,
      "original_position": [
        0.00022365398385390257,
        0.00029256932570660346,
        0.000821482559548126
      ]
    },
    "NAUO34": {
      "direction": [
        -0.24315702481063248,
        -0.0569898823139207,
        -0.9683113211147988
      ],
      "distance": 0.003065538857660056,
      "original_position": [
        0.00020423953235149383,
        -5.486426129937173e-05,
        -0.0010174827585607603
      ]
    },
    "NAUO120": {
      "direction": [
        0.026910937135210557,
        0.8940222600486549,
        0.4472135954999579
      ],
      "distance": 0.0007558865431880221,
      "original_position": [
        0.00016325744275453354,
        -1.3057823480844296e-05,
        0.00016988255334543067
      ]
    },
    "NAUO240": {
      "direction": [
        0.005382967297814207,
        0.8944109925884579,
        0.4472135954999579
      ],
      "distance": 0.0007558865431880221,
      "original_position": [
        0.0009805444832339484,
        0.00021569415729451124,
        -7.351741567254152e-05
      ]
    },
    "NAUO124": {
      "direction": [
        -0.016148122000072096,
        0.8942814088170853,
        0.4472135954999579
      ],
      "distance": 0.0007558865431880221,
      "original_position": [
        0.00016325744275453354,
        -1.3057823480844296e-05,
        0.0003498825604979881
      ]
    },
    "NAUO37": {
      "direction": [
        -0.03766985336844162,
        0.893633583829077,
        0.4472135954999579
      ],
      "distance": 0.0007558865431880221,
      "original_position": [
        0.00022075752914030978,
        -1.2718318961104019e-05,
        0.0008373945134433782
      ]
    },
    "NAUO189": {
      "direction": [
        -0.05916975484026238,
        0.8924678930427375,
        0.4472135954999579
      ],
      "distance": 0.0007558865431880221,
      "original_position": [
        0.00015350322689699748,
        5.090101367357392e-05,
        0.0007849321674535707
      ]
    },
    "NAUO148": {
      "direction": [
        -0.08063536709905211,
        0.8907850119825776,
        0.4472135954999579
      ],
      "distance": 0.0007558865431880221,
      "original_position": [
        0.00028801665853968956,
        0.00019973696668368538,
        -7.376741617917959e-05
      ]
    },
    "NAUO226": {
      "direction": [
        -0.10205425069912519,
        0.8885859158878449,
        0.4472135954999579
      ],
      "distance": 0.0007558865431880221,
      "original_position": [
        0.000102254150364991,
        1.0510474433115355e-05,
        -6.761741638183594e-05
      ]
    },
    "NAUO196": {
      "direction": [
        -0.12341399327432231,
        0.885871879147366,
        0.4472135954999579
      ],
      "distance": 0.0007558865431880221,
      "original_position": [
        0.00016332226542602874,
        -1.3790932306540319e-05,
        0.0008161658342803609
      ]
    },
    "NAUO114": {
      "direction": [
        -0.14470221673104744,
        0.8826444745610323,
        0.4472135954999579
      ],
      "distance": 0.0007558865431880221,
      "original_position": [
        0.00016325744275453354,
        -1.3057823480844296e-05,
        -0.000100117427581083
      ]
    },
    "NAUO7": {
      "direction": [
        -0.1659065844214453,
        0.8789055724283524,
        0.4472135954999579
      ],
      "distance": 0.0007558865431880221,
      "original_position": [
        0.00044615065831102774,
        -1.841716428964853e-05,
        0.0009279825701243946
      ]
    },
    "NAUO170": {
      "direction": [
        -0.18701480829255931,
        0.8746573394646027,
        0.4472135954999579
      ],
      "distance": 0.0007558865431880221,
      "original_position": [
        0.0003081524994925954,
        0.00027887087728670315,
        -0.0009685174222838477
      ]
    },
    "NAUO194": {
      "direction": [
        -0.20801465600732816,
        0.8699022375452042,
        0.4472135954999579
      ],
      "distance": 0.0007558865431880221,
      "original_position": [
        0.00022378489375114442,
        -3.703454136848449e-05,
        0.0008073423432473693
      ]
    },
    "NAUO20": {
      "direction": [
        -0.3296183320879742,
        0.07337266483231986,
        -0.9412588417682705
      ],
      "distance": 0.0031751094113597377,
      "original_position": [
        0.0001038505455850865,
        8.102605115810823e-05,
        -0.0010242173671722412
      ]
    },
    "NAUO259": {
      "direction": [
        -0.01233241367707331,
        -0.018780985102793846,
        -0.9997475612230651
      ],
      "distance": 0.003032265435807564,
      "original_position": [
        0.00044024358446380525,
        -1.5612339049645417e-05,
        -0.0010385174229741096
      ]
    },
    "NAUO181": {
      "direction": [
        -0.22598029396293373,
        0.2957623181983681,
        -0.92814737939314
      ],
      "distance": 0.0030399266713227674,
      "original_position": [
        0.00022372079410440133,
        0.0003030692247640509,
        -0.0009685174226760864
      ]
    },
    "NAUO219": {
      "direction": [
        -0.29068798453408223,
        0.8458726237723462,
        0.4472135954999579
      ],
      "distance": 0.0007558865431880221,
      "original_position": [
        0.00044228199666962616,
        -8.829498479052863e-05,
        0.0009279825590201654
      ]
    },
    "NAUO220": {
      "direction": [
        -0.011736562935231929,
        -0.30281844499399496,
        0.952975992594717
      ],
      "distance": 0.003009519645656934,
      "original_position": [
        0.0004409348294661387,
        -0.0003004087148160097,
        0.0009279825590201654
      ]
    },
    "NAUO102": {
      "direction": [
        -0.33106163056257,
        0.8309020380100487,
        0.4472135954999579
      ],
      "distance": 0.0007558865431880221,
      "original_position": [
        0.00016325744275453354,
        -1.3057823480844296e-05,
        -0.000640117440656852
      ]
    },
    "NAUO171": {
      "direction": [
        -0.22618359034600086,
        0.2932039741545095,
        -0.9289092598301484
      ],
      "distance": 0.0030374333617681592,
      "original_position": [
        0.0002237027739743467,
        0.0003002331492428662,
        -0.0009685174234520605
      ]
    },
    "NAUO47": {
      "direction": [
        -0.3706679792992035,
        0.8140056812591945,
        0.4472135954999579
      ],
      "distance": 0.0007558865431880221,
      "original_position": [
        0.00019848026336852947,
        2.242387329921826e-05,
        0.000882029725792132
      ]
    },
    "NAUO48": {
      "direction": [
        -0.39015465589136683,
        0.804847404472605,
        0.4472135954999579
      ],
      "distance": 0.0007558865431880221,
      "original_position": [
        0.00019803570212547223,
        -4.7574713251136696e-05,
        0.000882029725792132
      ]
    },
    "NAUO50": {
      "direction": [
        -0.40941523561787735,
        0.7952227139889542,
        0.4472135954999579
      ],
      "distance": 0.0007558865431880221,
      "original_position": [
        0.0001984802633523941,
        2.242387272417545e-05,
        0.0008910478959470824
      ]
    },
    "NAUO112": {
      "direction": [
        -0.4284385568620759,
        0.7851371873716986,
        0.4472135954999579
      ],
      "distance": 0.0007558865431880221,
      "original_position": [
        0.00016325744275453354,
        -1.3057823480844296e-05,
        -0.00019011743115736167
      ]
    },
    "NAUO113": {
      "direction": [
        -0.4472135954999577,
        0.7745966692414834,
        0.4472135954999579
      ],
      "distance": 0.0007558865431880221,
      "original_position": [
        0.00016325744275453354,
        -1.3057823480844296e-05,
        -0.00014511744427038356
      ]
    },
    "NAUO246": {
      "direction": [
        -0.4657294712887154,
        0.7636072678891509,
        0.4472135954999579
      ],
      "distance": 0.0007558865431880221,
      "original_position": [
        0.0009782720626654144,
        -0.00021053020254145892,
        -0.00039597802981734267
      ]
    },
    "NAUO19": {
      "direction": [
        -0.329902028247847,
        0.06336006839298104,
        -0.9418864865211696
      ],
      "distance": 0.003172993610740537,
      "original_position": [
        0.00010378295910790767,
        7.03843356718982e-05,
        -0.001024217366089082
      ]
    },
    "NAUO109": {
      "direction": [
        -0.5019409704975617,
        0.7403075456430022,
        0.4472135954999579
      ],
      "distance": 0.0007558865431880221,
      "original_position": [
        0.00016325744275453354,
        -1.3057823480844296e-05,
        -0.0003251174514229409
      ]
    },
    "NAUO183": {
      "direction": [
        -0.39875398022214326,
        0.27711212627022663,
        -0.8741876987987149
      ],
      "distance": 0.0032275676971679473,
      "original_position": [
        2.3706813147449873e-05,
        0.000301503354023997,
        -0.0009685174241323457
      ]
    },
    "NAUO45": {
      "direction": [
        -0.5369891275616863,
        0.7152920221004417,
        0.4472135954999579
      ],
      "distance": 0.0007558865431880221,
      "original_position": [
        0.0001284816861152649,
        2.2868030942130753e-05,
        0.0008887825835263357
      ]
    },
    "NAUO70": {
      "direction": [
        -0.5540514576916801,
        0.7021588012905089,
        0.4472135954999579
      ],
      "distance": 0.0007558865431880221,
      "original_position": [
        0.00022075752963100764,
        -1.2718318940068912e-05,
        0.0008588408563729415
      ]
    },
    "NAUO141": {
      "direction": [
        -0.5707927118173183,
        0.6886186754193004,
        0.4472135954999579
      ],
      "distance": 0.0007558865431880221,
      "original_position": [
        0.0004688468484174628,
        -7.029510059243845e-05,
        0.0007764825820922852
      ]
    },
    "NAUO249": {
      "direction": [
        -0.5872031882856076,
        0.6746794910675864,
        0.4472135954999579
      ],
      "distance": 0.0007558865431880221,
      "original_position": [
        0.0009156796715686471,
        -0.00018463527357295446,
        0.0004959825887344779
      ]
    },
    "NAUO149": {
      "direction": [
        -0.6032733771311094,
        0.660349326072819,
        0.4472135954999579
      ],
      "distance": 0.0007558865431880221,
      "original_position": [
        2.3724829338852623e-05,
        0.0003043394295465369,
        0.0008214825987815857
      ]
    },
    "NAUO52": {
      "direction": [
        -0.6189939655870184,
        0.6456364848479811,
        0.447213595499958
      ],
      "distance": 0.0007558865431880221,
      "original_position": [
        0.0002437188605712994,
        5.984717485003088e-05,
        0.0008771826028823853
      ]
    },
    "NAUO46": {
      "direction": [
        -0.6343558434819638,
        0.6305494935691298,
        0.4472135954999579
      ],
      "distance": 0.0007558865431880221,
      "original_position": [
        0.0001280371099871818,
        -4.713014083220855e-05,
        0.000882029725792132
      ]
    },
    "NAUO137": {
      "direction": [
        -0.649350108519408,
        0.6150970952344296,
        0.4472135954999579
      ],
      "distance": 0.0007558865431880221,
      "original_position": [
        0.00016325744275453354,
        -1.3057823480844296e-05,
        0.0007548825914924032
      ]
    },
    "NAUO191": {
      "direction": [
        -0.6639680714365757,
        0.5992882445975344,
        0.4472135954999579
      ],
      "distance": 0.0007558865431880221,
      "original_position": [
        0.00015349425208904357,
        5.091062965680533e-05,
        0.0008104326121974737
      ]
    },
    "NAUO99": {
      "direction": [
        -0.6782012610399343,
        0.5831321029782556,
        0.4472135954999579
      ],
      "distance": 0.0007558865431880221,
      "original_position": [
        0.00016325744275453354,
        -1.3057823480844296e-05,
        -0.0007751174395020119
      ]
    },
    "NAUO239": {
      "direction": [
        -0.6920414291142979,
        0.5666380329535251,
        0.4472135954999579
      ],
      "distance": 0.0007558865431880221,
      "original_position": [
        0.0009687766662671341,
        -2.8283312203512432e-06,
        0.0003633747276821184
      ]
    },
    "NAUO175": {
      "direction": [
        -0.7054805552027158,
        0.5498155929317282,
        0.4472135954999579
      ],
      "distance": 0.0007558865431880221,
      "original_position": [
        0.00031060551710615633,
        0.0002828637270451994,
        -0.0009685176167420988
      ]
    },
    "NAUO232": {
      "direction": [
        -0.7185108512543735,
        0.5326745316135506,
        0.4472135954999579
      ],
      "distance": 0.0007558865431880221,
      "original_position": [
        0.0009169498771166241,
        1.536071503409181e-05,
        9.148258343338972e-05
      ]
    },
    "NAUO221": {
      "direction": [
        -0.7311247661378117,
        0.5152247823425519,
        0.4472135954999579
      ],
      "distance": 0.0007558865431880221,
      "original_position": [
        0.00016325233876732728,
        -1.335311494745642e-05,
        -0.0009386174082756043
      ]
    },
    "NAUO89": {
      "direction": [
        -0.7433149900168528,
        0.49747645734873325,
        0.4472135954999579
      ],
      "distance": 0.0007558865431880221,
      "original_position": [
        0.0004634009129026408,
        -7.0260514379856e-05,
        -0.0009235174059871316
      ]
    },
    "NAUO128": {
      "direction": [
        -0.7550744585866905,
        0.47943984188844396,
        0.4472135954999579
      ],
      "distance": 0.0007558865431880221,
      "original_position": [
        0.00016325744275453354,
        -1.3057823480844296e-05,
        0.0005298825676505453
      ]
    },
    "NAUO214": {
      "direction": [
        -0.7663963571676967,
        0.46112538828401567,
        0.4472135954999579
      ],
      "distance": 0.0007558865431880221,
      "original_position": [
        0.0004245645777715942,
        0.00017817919596509736,
        0.0008214825668459091
      ]
    },
    "NAUO167": {
      "direction": [
        -0.7772741246545667,
        0.44254370986658137,
        0.4472135954999579
      ],
      "distance": 0.0007558865431880221,
      "original_position": [
        0.00044551149434916604,
        0.00010059088548335846,
        -0.0009685174192272948
      ]
    },
    "NAUO201": {
      "direction": [
        -0.39967668019189745,
        0.26964729235670803,
        -0.8760986753987704
      ],
      "distance": 0.0032205276697472376,
      "original_position": [
        2.3652032537920742e-05,
        0.00029283949364529443,
        -0.000968517440014455
      ]
    },
    "NAUO100": {
      "direction": [
        -0.7976723124603362,
        0.4046218999685751,
        0.4472135954999579
      ],
      "distance": 0.0007558865431880221,
      "original_position": [
        0.00016325744275453354,
        -1.3057823480844296e-05,
        -0.0007301174377138726
      ]
    },
    "NAUO179": {
      "direction": [
        -0.8071809119121557,
        0.3853037443948096,
        0.4472135954999579
      ],
      "distance": 0.0007558865431880221,
      "original_position": [
        0.0003948411243400229,
        0.00022893964199348504,
        -0.0009685174226760864
      ]
    },
    "NAUO76": {
      "direction": [
        -0.8162217453859395,
        0.365762303086486,
        0.4472135954999579
      ],
      "distance": 0.0007558865431880221,
      "original_position": [
        0.0006908828192731857,
        -9.62057813393785e-05,
        -7.351741939751548e-05
      ]
    },
    "NAUO228": {
      "direction": [
        -0.8247895736667242,
        0.3460089004211644,
        0.4472135954999579
      ],
      "distance": 0.0007558865431880221,
      "original_position": [
        0.0001632523383963393,
        -1.3353112918874776e-05,
        -6.911742687225342e-05
      ]
    },
    "NAUO233": {
      "direction": [
        -0.8328794316487742,
        0.32605498360922924,
        0.4472135954999579
      ],
      "distance": 0.0007558865431880221,
      "original_position": [
        0.0008240076055743237,
        -3.4050015602305215e-05,
        -0.00020351741835474962
      ]
    },
    "NAUO269": {
      "direction": [
        -0.8404866312128891,
        0.3059121160601666,
        0.4472135954999579
      ],
      "distance": 0.0007558865431880221,
      "original_position": [
        0.00048163750322345475,
        -6.403548473799472e-05,
        -0.0009235174320882001
      ]
    },
    "NAUO98": {
      "direction": [
        -0.8476067639431963,
        0.2855919706814998,
        0.4472135954999579
      ],
      "distance": 0.0007558865431880221,
      "original_position": [
        0.00016325744275453354,
        -1.3057823480844296e-05,
        -0.0008201174412901513
      ]
    },
    "NAUO252": {
      "direction": [
        -0.854235703681853,
        0.2651063231142734,
        0.4472135954999579
      ],
      "distance": 0.0007558865431880221,
      "original_position": [
        0.0009154502242502067,
        0.00025998841754688417,
        -0.00034551738507224866
      ]
    },
    "NAUO107": {
      "direction": [
        -0.860369608920178,
        0.2444670449090018,
        0.4472135954999579
      ],
      "distance": 0.0007558865431880221,
      "original_position": [
        0.00016325744275453354,
        -1.3057823480844296e-05,
        -0.00041511744009805837
      ]
    },
    "NAUO80": {
      "direction": [
        -0.866004925024829,
        0.22368609664603725,
        0.4472135954999579
      ],
      "distance": 0.0007558865431880221,
      "original_position": [
        0.0004712606605787754,
        -7.031043278048004e-05,
        -0.0004985174201245247
      ]
    },
    "NAUO119": {
      "direction": [
        -0.8711383862977321,
        0.20277552100434415,
        0.4472135954999579
      ],
      "distance": 0.0007558865431880221,
      "original_position": [
        0.00016325744275453354,
        -1.3057823480844296e-05,
        0.0001248825366561301
      ]
    },
    "NAUO163": {
      "direction": [
        -0.875767017868573,
        0.1817474357826992,
        0.4472135954999579
      ],
      "distance": 0.0007558865431880221,
      "original_position": [
        0.0003081524994925954,
        0.00027887087728670315,
        0.0008214825991738245
      ]
    },
    "NAUO241": {
      "direction": [
        -0.8798881374187517,
        0.16061402687735496,
        0.4472135954999579
      ],
      "distance": 0.0007558865431880221,
      "original_position": [
        0.0009829636337930286,
        0.00022712107435637752,
        0.0003667325712740421
      ]
    },
    "NAUO72": {
      "direction": [
        -0.8834993567358013,
        0.13938754122024447,
        0.4472135954999579
      ],
      "distance": 0.0007558865431880221,
      "original_position": [
        0.00010575985114301352,
        -1.1987950674329556e-05,
        0.0008588408563729415
      ]
    },
    "NAUO153": {
      "direction": [
        -0.8865985830973703,
        0.11808027968181338,
        0.4472135954999579
      ],
      "distance": 0.0007558865431880221,
      "original_position": [
        0.00030963717870327367,
        0.0002812873914651495,
        0.0008214825987815857
      ]
    },
    "NAUO210": {
      "direction": [
        -0.8891840204839685,
        0.09670458994259452,
        0.4472135954999579
      ],
      "distance": 0.0007558865431880221,
      "original_position": [
        0.0004291982669609244,
        0.00013839351835175554,
        0.0008296035366190699
      ]
    },
    "NAUO223": {
      "direction": [
        -0.8912541706197694,
        0.07527285933765755,
        0.4472135954999579
      ],
      "distance": 0.0007558865431880221,
      "original_position": [
        0.00016325233840074323,
        -1.3353112947879633e-05,
        0.0007883825898170471
      ]
    },
    "NAUO216": {
      "direction": [
        -0.8928078338408706,
        0.05379750767807433,
        0.4472135954999579
      ],
      "distance": 0.0007558865431880221,
      "original_position": [
        2.365820369281152e-05,
        0.00029383952993070745,
        0.0008214825578056396
      ]
    },
    "NAUO138": {
      "direction": [
        -0.05234876877018134,
        -0.006025834964856266,
        -0.9986106827594138
      ],
      "distance": 0.003145373028032898,
      "original_position": [
        0.00039782316659467545,
        -2.9471946470513866e-06,
        -0.0010750184671832327
      ]
    },
    "NAUO217": {
      "direction": [
        -0.8943623979408029,
        0.010765739620520253,
        0.4472135954999579
      ],
      "distance": 0.0007558865431880221,
      "original_position": [
        0.0007427332906889991,
        -1.8194024099847195e-05,
        -7.351741557420574e-05
      ]
    },
    "NAUO125": {
      "direction": [
        -0.8943623979408029,
        -0.01076573962052043,
        0.4472135954999579
      ],
      "distance": 0.0007558865431880221,
      "original_position": [
        0.00016325744275453354,
        -1.3057823480844296e-05,
        0.00039488257718728857
      ]
    },
    "NAUO53": {
      "direction": [
        -0.8938441097905047,
        -0.0322909800535704,
        0.4472135954999579
      ],
      "distance": 0.0007558865431880221,
      "original_position": [
        0.00038371602994671897,
        5.895803001217459e-05,
        0.0008771826028823853
      ]
    },
    "NAUO75": {
      "direction": [
        -0.8928078338408705,
        -0.05379750767807451,
        0.4472135954999579
      ],
      "distance": 0.0007558865431880221,
      "original_position": [
        0.0004712606605787754,
        -7.031043278048004e-05,
        0.0007764825858359399
      ]
    },
    "NAUO209": {
      "direction": [
        -0.8912541706197695,
        -0.07527285933765733,
        0.4472135954999579
      ],
      "distance": 0.0007558865431880221,
      "original_position": [
        0.0002149035446968187,
        0.0001686819885923993,
        0.0008449607254957811
      ]
    },
    "NAUO244": {
      "direction": [
        -0.8891840204839685,
        -0.0967045899425943,
        0.4472135954999579
      ],
      "distance": 0.0007558865431880221,
      "original_position": [
        0.0009782720626654142,
        -0.00021053020254145882,
        0.00043669319525361074
      ]
    },
    "NAUO234": {
      "direction": [
        -0.8865985830973704,
        -0.11808027968181314,
        0.4472135954999579
      ],
      "distance": 0.0007558865431880221,
      "original_position": [
        0.0008240076055743237,
        -3.4050015602305134e-05,
        5.64825870096684e-05
      ]
    },
    "NAUO224": {
      "direction": [
        -0.8834993567358013,
        -0.13938754122024424,
        0.4472135954999579
      ],
      "distance": 0.0007558865431880221,
      "original_position": [
        0.00016325238882961362,
        -1.33531107484443e-05,
        -0.0009266086159530524
      ]
    },
    "NAUO24": {
      "direction": [
        -0.8798881374187518,
        -0.16061402687735474,
        0.4472135954999579
      ],
      "distance": 0.0007558865431880221,
      "original_position": [
        0.00010372168374529918,
        6.0736319687887175e-05,
        0.0008771826028823853
      ]
    },
    "NAUO174": {
      "direction": [
        -0.875767017868573,
        -0.18174743578269897,
        0.4472135954999579
      ],
      "distance": 0.0007558865431880221,
      "original_position": [
        0.00039580942146493707,
        0.00023051600293395687,
        -0.0009685175806055739
      ]
    },
    "NAUO111": {
      "direction": [
        -0.8711383862977322,
        -0.20277552100434393,
        0.4472135954999579
      ],
      "distance": 0.0007558865431880221,
      "original_position": [
        0.00016325744275453354,
        -1.3057823480844296e-05,
        -0.00023511744784666223
      ]
    },
    "NAUO204": {
      "direction": [
        -0.8660049250248291,
        -0.22368609664603667,
        0.4472135954999579
      ],
      "distance": 0.0007558865431880221,
      "original_position": [
        0.0004379494597196202,
        9.830781657956597e-05,
        -0.0009685174323633512
      ]
    },
    "NAUO59": {
      "direction": [
        -0.0687636247612931,
        0.0757668164116846,
        -0.9947517044169998
      ],
      "distance": 0.003004367616314413,
      "original_position": [
        0.0003838448992370869,
        7.924776148239565e-05,
        -0.0010242173671722412
      ]
    },
    "NAUO260": {
      "direction": [
        -0.854235703681853,
        -0.2651063231142732,
        0.4472135954999579
      ],
      "distance": 0.0007558865431880221,
      "original_position": [
        0.00044024358446380504,
        -1.5612339049644712e-05,
        0.0008914825320243836
      ]
    },
    "NAUO225": {
      "direction": [
        -0.8476067639431963,
        -0.2855919706814995,
        0.4472135954999579
      ],
      "distance": 0.0007558865431880221,
      "original_position": [
        0.00017308495479189978,
        -7.81108885329286e-05,
        -6.761741638183594e-05
      ]
    },
    "NAUO243": {
      "direction": [
        -0.8404866312128892,
        -0.30591211606016644,
        0.4472135954999579
      ],
      "distance": 0.0007558865431880221,
      "original_position": [
        0.0009829636337930288,
        0.00022712107435637723,
        -0.0005137674175202848
      ]
    },
    "NAUO236": {
      "direction": [
        -0.8328794316487743,
        -0.326054983609229,
        0.4472135954999579
      ],
      "distance": 0.0007558865431880221,
      "original_position": [
        0.0007962982806680617,
        4.612759148024082e-05,
        -7.351713435069414e-05
      ]
    },
    "NAUO64": {
      "direction": [
        -0.8247895736667243,
        -0.34600890042116417,
        0.4472135954999579
      ],
      "distance": 0.0007558865431880221,
      "original_position": [
        0.00020476348698151076,
        2.7634073049735684e-05,
        -0.000984429337337879
      ]
    },
    "NAUO86": {
      "direction": [
        -0.8162217453859396,
        -0.3657623030864858,
        0.4472135954999579
      ],
      "distance": 0.0007558865431880221,
      "original_position": [
        0.0004634009129026408,
        -7.0260514379856e-05,
        0.00035148257017101047
      ]
    },
    "NAUO198": {
      "direction": [
        -0.8071809119121558,
        -0.3853037443948094,
        0.4472135954999579
      ],
      "distance": 0.0007558865431880221,
      "original_position": [
        0.0003456524070086046,
        0.00024340274685597822,
        -0.0009766058326302401
      ]
    },
    "NAUO165": {
      "direction": [
        -0.7976723124603363,
        -0.40462189996857495,
        0.4472135954999579
      ],
      "distance": 0.0007558865431880221,
      "original_position": [
        0.00043212026770414333,
        0.00017946215121412374,
        0.000821482601849567
      ]
    },
    "NAUO30": {
      "direction": [
        -0.2461832701126328,
        0.024091021279909048,
        -0.9689238464452928
      ],
      "distance": 0.0030214703203804228,
      "original_position": [
        0.0002047634870349896,
        2.7634073537860226e-05,
        -0.001003875646412004
      ]
    },
    "NAUO63": {
      "direction": [
        -0.3264935098062782,
        -0.056930819229337716,
        -0.9434833702171195
      ],
      "distance": 0.0030411089459484925,
      "original_position": [
        0.00012174119055283036,
        -5.4340302943277694e-05,
        -0.000984429337337879
      ]
    },
    "NAUO262": {
      "direction": [
        -0.7663963571676968,
        -0.46112538828401545,
        0.4472135954999579
      ],
      "distance": 0.0007558865431880221,
      "original_position": [
        0.0005936181701881706,
        -6.108734313381737e-05,
        -7.401763050956644e-05
      ]
    },
    "NAUO230": {
      "direction": [
        -0.7550744585866905,
        -0.47943984188844374,
        0.4472135954999579
      ],
      "distance": 0.0007558865431880221,
      "original_position": [
        0.0009156796715686471,
        -0.00018463527357295462,
        -7.351741567254056e-05
      ]
    },
    "NAUO44": {
      "direction": [
        -0.7433149900168529,
        -0.4974764573487331,
        0.4472135954999579
      ],
      "distance": 0.0007558865431880221,
      "original_position": [
        0.0001284816861152649,
        2.2868445143103597e-05,
        0.0008910478959470824
      ]
    },
    "NAUO266": {
      "direction": [
        -0.7311247661378119,
        -0.5152247823425518,
        0.4472135954999579
      ],
      "distance": 0.0007558865431880221,
      "original_position": [
        0.0004816375032234546,
        -6.40354847379941e-05,
        0.0007764825150126777
      ]
    },
    "NAUO254": {
      "direction": [
        -0.7185108512543735,
        -0.5326745316135505,
        0.4472135954999579
      ],
      "distance": 0.0007558865431880221,
      "original_position": [
        0.00032656950530513787,
        -1.4259051033455553e-05,
        -0.0010060958442979317
      ]
    },
    "NAUO203": {
      "direction": [
        -0.7054805552027159,
        -0.549815592931728,
        0.4472135954999579
      ],
      "distance": 0.0007558865431880221,
      "original_position": [
        0.0003041343712198807,
        0.0002713408628839959,
        -0.0009685174355096374
      ]
    },
    "NAUO118": {
      "direction": [
        -0.692041429114298,
        -0.5666380329535249,
        0.4472135954999579
      ],
      "distance": 0.0007558865431880221,
      "original_position": [
        0.00016325744275453354,
        -1.3057823480844296e-05,
        7.988257957147434e-05
      ]
    },
    "NAUO21": {
      "direction": [
        -0.33015292419301373,
        0.05332280275429264,
        -0.9424201426928591
      ],
      "distance": 0.0031711968703092602,
      "original_position": [
        0.00010371532840005,
        5.973634001307104e-05,
        -0.0010242173671722412
      ]
    },
    "NAUO200": {
      "direction": [
        -0.6639680714365758,
        -0.5992882445975343,
        0.4472135954999579
      ],
      "distance": 0.0007558865431880221,
      "original_position": [
        0.00042919161888832524,
        0.00013739348509532034,
        -0.0009766384201182077
      ]
    },
    "NAUO133": {
      "direction": [
        -0.6493501085194082,
        -0.6150970952344295,
        0.4472135954999579
      ],
      "distance": 0.0007558865431880221,
      "original_position": [
        0.0001299410164356232,
        0.00016328804194927214,
        0.000842232597875409
      ]
    },
    "NAUO35": {
      "direction": [
        -0.6343558434819644,
        -0.6305494935691294,
        0.4472135954999579
      ],
      "distance": 0.0007558865431880221,
      "original_position": [
        0.00016362386941909792,
        4.514570534229279e-05,
        0.0008724479089170531
      ]
    },
    "NAUO66": {
      "direction": [
        -0.204828132721872,
        0.06482681245181339,
        -0.9766488214465876
      ],
      "distance": 0.0030600557110670398,
      "original_position": [
        0.00024378013593390787,
        6.949519083404191e-05,
        -0.001024217366089082
      ]
    },
    "NAUO229": {
      "direction": [
        -0.6032733771311098,
        -0.6603493260728185,
        0.4472135954999579
      ],
      "distance": 0.0007558865431880221,
      "original_position": [
        0.0009182200825226446,
        0.00021535668128984666,
        -7.35174156725407e-05
      ]
    },
    "NAUO268": {
      "direction": [
        -0.5872031882856075,
        -0.6746794910675864,
        0.4472135954999579
      ],
      "distance": 0.0007558865431880221,
      "original_position": [
        0.0004816375032234547,
        -6.403548473799456e-05,
        -0.0004985174313431421
      ]
    },
    "NAUO79": {
      "direction": [
        -0.5707927118173182,
        -0.6886186754193004,
        0.4472135954999579
      ],
      "distance": 0.0007558865431880221,
      "original_position": [
        0.0004712606605787754,
        -7.031043278048004e-05,
        -7.35174156541763e-05
      ]
    },
    "NAUO136": {
      "direction": [
        -0.3514527078933294,
        0.2182076156656631,
        -0.9104210183096348
      ],
      "distance": 0.003167490463520513,
      "original_position": [
        8.163426816463472e-05,
        0.00023376081883907316,
        -0.000989267395925708
      ]
    },
    "NAUO263": {
      "direction": [
        -0.5369891275616864,
        -0.7152920221004416,
        0.4472135954999579
      ],
      "distance": 0.0007558865431880221,
      "original_position": [
        0.0005941897626327089,
        2.8910843543893684e-05,
        -7.401763050956644e-05
      ]
    },
    "NAUO157": {
      "direction": [
        -0.5196156091457194,
        -0.7280107270721516,
        0.4472135954999579
      ],
      "distance": 0.0007558865431880221,
      "original_position": [
        0.00022373249622733066,
        0.0003049192001343872,
        0.000821482381158681
      ]
    },
    "NAUO161": {
      "direction": [
        -0.5019409704975619,
        -0.740307545643002,
        0.4472135954999579
      ],
      "distance": 0.0007558865431880221,
      "original_position": [
        0.00045013149685209917,
        0.00010137551477816347,
        0.0008214825983115544
      ]
    },
    "NAUO88": {
      "direction": [
        -0.4839754541719027,
        -0.7521753517359502,
        0.4472135954999579
      ],
      "distance": 0.0007558865431880221,
      "original_position": [
        0.0004634009129026408,
        -7.0260514379856e-05,
        -0.0004985174238685251
      ]
    },
    "NAUO115": {
      "direction": [
        -0.4657294712887159,
        -0.7636072678891507,
        0.4472135954999579
      ],
      "distance": 0.0007558865431880221,
      "original_position": [
        0.00016325744275453354,
        -1.3057823480844296e-05,
        -5.511741089178244e-05
      ]
    },
    "NAUO162": {
      "direction": [
        -0.4472135954999583,
        -0.7745966692414831,
        0.4472135954999579
      ],
      "distance": 0.0007558865431880221,
      "original_position": [
        0.0002237027739743467,
        0.0003002331492428662,
        0.0008214825980056116
      ]
    },
    "NAUO17": {
      "direction": [
        -0.42843855686207644,
        -0.7851371873716982,
        0.4472135954999579
      ],
      "distance": 0.0007558865431880221,
      "original_position": [
        0.00015349417123726217,
        5.091033792518472e-05,
        -0.0009464173906017096
      ]
    },
    "NAUO172": {
      "direction": [
        -0.4094152356178779,
        -0.7952227139889538,
        0.4472135954999579
      ],
      "distance": 0.0007558865431880221,
      "original_position": [
        0.00045013149685209917,
        0.00010137551477816347,
        -0.0009685174231461178
      ]
    },
    "NAUO78": {
      "direction": [
        -0.3901546558913666,
        -0.804847404472605,
        0.4472135954999579
      ],
      "distance": 0.0007558865431880221,
      "original_position": [
        0.0004712606605787754,
        -7.031043278048004e-05,
        0.0003514825739150109
      ]
    },
    "NAUO156": {
      "direction": [
        -0.37066797929920325,
        -0.8140056812591945,
        0.4472135954999579
      ],
      "distance": 0.0007558865431880221,
      "original_position": [
        0.00044830762696030166,
        0.00010106562926566572,
        0.0008214825987815857
      ]
    },
    "NAUO237": {
      "direction": [
        -0.3509664984824794,
        -0.8226922370746838,
        0.4472135954999579
      ],
      "distance": 0.0007558865431880221,
      "original_position": [
        0.0007840977209697154,
        -1.729619751266571e-05,
        -7.351741567254063e-05
      ]
    },
    "NAUO142": {
      "direction": [
        -0.3310616305625702,
        -0.8309020380100486,
        0.4472135954999579
      ],
      "distance": 0.0007558865431880221,
      "original_position": [
        0.0004688468484174628,
        -7.029510059243845e-05,
        0.0003514825701713562
      ]
    },
    "NAUO58": {
      "direction": [
        -0.20461518572856646,
        0.07520575983015944,
        -0.9759491377411186
      ],
      "distance": 0.0030622495491325094,
      "original_position": [
        0.0002438477149605061,
        8.013690632025194e-05,
        -0.0010242173671722412
      ]
    },
    "NAUO87": {
      "direction": [
        -0.29068798453408246,
        -0.8458726237723461,
        0.4472135954999579
      ],
      "distance": 0.0007558865431880221,
      "original_position": [
        0.0004634009129026408,
        -7.0260514379856e-05,
        -7.35174193981767e-05
      ]
    },
    "NAUO227": {
      "direction": [
        -0.27024260318544047,
        -0.8526247330587804,
        0.4472135954999579
      ],
      "distance": 0.0007558865431880221,
      "original_position": [
        0.00021441790544519466,
        2.7541065226754244e-05,
        -6.761741638183594e-05
      ]
    },
    "NAUO104": {
      "direction": [
        -0.24964061469492935,
        -0.8588827414116188,
        0.4472135954999579
      ],
      "distance": 0.0007558865431880221,
      "original_position": [
        0.00016325744275453354,
        -1.3057823480844296e-05,
        -0.0005501174380118959
      ]
    },
    "NAUO23": {
      "direction": [
        -0.22889395803329715,
        -0.8646430222790508,
        0.4472135954999579
      ],
      "distance": 0.0007558865431880221,
      "original_position": [
        0.00010385689347975508,
        8.202603083292437e-05,
        0.0008771826028823853
      ]
    },
    "NAUO91": {
      "direction": [
        -0.20801465600732874,
        -0.869902237545204,
        0.4472135954999579
      ],
      "distance": 0.0007558865431880221,
      "original_position": [
        0.0002237852047362458,
        -3.703402340974669e-05,
        -0.0009464173906017096
      ]
    },
    "NAUO152": {
      "direction": [
        -0.18701480829255915,
        -0.8746573394646027,
        0.4472135954999579
      ],
      "distance": 0.0007558865431880221,
      "original_position": [
        0.00022372079410440133,
        0.0003030692247640509,
        0.0008214825987815857
      ]
    },
    "NAUO222": {
      "direction": [
        -0.16590658442144532,
        -0.8789055724283524,
        0.4472135954999579
      ],
      "distance": 0.0007558865431880221,
      "original_position": [
        0.00016325233876703682,
        -1.3353114947666585e-05,
        -0.0009807605221713105
      ]
    },
    "NAUO82": {
      "direction": [
        -0.14470221673104744,
        -0.8826444745610323,
        0.4472135954999579
      ],
      "distance": 0.0007558865431880221,
      "original_position": [
        0.00047619671542531065,
        -7.034178308361366e-05,
        0.0003514825701713562
      ]
    },
    "NAUO139": {
      "direction": [
        -0.12341399327432233,
        -0.885871879147366,
        0.4472135954999579
      ],
      "distance": 0.0007558865431880221,
      "original_position": [
        0.00039782316659467545,
        -2.9471946470513866e-06,
        0.0009279819114254709
      ]
    },
    "NAUO116": {
      "direction": [
        -0.10205425069912541,
        -0.8885859158878447,
        0.4472135954999579
      ],
      "distance": 0.0007558865431880221,
      "original_position": [
        0.00016325744275453354,
        -1.3057823480844296e-05,
        -1.0117453807126668e-05
      ]
    },
    "NAUO26": {
      "direction": [
        -0.31667470404115267,
        0.023754564367072,
        -0.9482367069947141
      ],
      "distance": 0.0031304377475508413,
      "original_position": [
        0.00012226515263319017,
        2.815803326666355e-05,
        -0.0010174827585607603
      ]
    },
    "NAUO220_1": {
      "direction": [
        -0.01079925197311295,
        -0.27863456476148757,
        -0.9603364803426963
      ],
      "distance": 0.0032707286428860275,
      "original_position": [
        0.0004409348274580939,
        -0.00030040871234493234,
        -0.0010750174425193109
      ]
    },
    "NAUO94": {
      "direction": [
        -0.037669853368442044,
        -0.893633583829077,
        0.4472135954999579
      ],
      "distance": 0.0007558865431880221,
      "original_position": [
        0.00011247734725475311,
        -5.393512919545175e-05,
        -0.0009494271802072081
      ]
    },
    "NAUO215": {
      "direction": [
        -0.016148122000072516,
        -0.8942814088170853,
        0.4472135954999579
      ],
      "distance": 0.0007558865431880221,
      "original_position": [
        0.00043795563136068895,
        9.930785053192843e-05,
        0.0008214825670497798
      ]
    },
    "NAUO8": {
      "direction": [
        0.005382967297813591,
        -0.8944109925884579,
        0.4472135954999579
      ],
      "distance": 0.0007558865431880221,
      "original_position": [
        0.0006627402479264534,
        -1.684352250580963e-05,
        -7.351741939782981e-05
      ]
    },
    "NAUO238": {
      "direction": [
        0.02691093713520994,
        -0.8940222600486549,
        0.4472135954999579
      ],
      "distance": 0.0007558865431880221,
      "original_position": [
        0.0006622373213165287,
        -9.602385095047636e-05,
        -7.35174190818741e-05
      ]
    },
    "NAUO29": {
      "direction": [
        -0.32068301994394066,
        -0.055917641051155244,
        -0.945534567395031
      ],
      "distance": 0.0030962111229934455,
      "original_position": [
        0.00012174119060630919,
        -5.434030245515315e-05,
        -0.001003875646412004
      ]
    },
    "NAUO22": {
      "direction": [
        0.06990762513690688,
        -0.8916910473632207,
        0.4472135954999579
      ],
      "distance": 0.0007558865431880221,
      "original_position": [
        0.00010378930701464609,
        7.138431534663766e-05,
        0.0008771826039609661
      ]
    },
    "NAUO11": {
      "direction": [
        -0.2815605156888824,
        -0.015320582605644594,
        0.9594211566114407
      ],
      "distance": 0.0030399198305749034,
      "original_position": [
        0.00016740150332498525,
        -1.2153809350059208e-05,
        0.0009441703684545023
      ]
    },
    "NAUO84": {
      "direction": [
        0.11274228913311381,
        -0.8872931737825019,
        0.4472135954999579
      ],
      "distance": 0.0007558865431880221,
      "original_position": [
        0.00047619671542531065,
        -7.034178308361366e-05,
        -0.0004985174238681793
      ]
    },
    "NAUO96": {
      "direction": [
        0.13406781698827566,
        -0.8843222379019982,
        0.4472135954999579
      ],
      "distance": 0.0007558865431880221,
      "original_position": [
        0.00011247057342475593,
        -5.3924532322266095e-05,
        -0.0009234170030782656
      ]
    },
    "NAUO129": {
      "direction": [
        0.1553156517728865,
        -0.8808388322016483,
        0.4472135954999579
      ],
      "distance": 0.0007558865431880221,
      "original_position": [
        0.00016325744275453354,
        -1.3057823480844296e-05,
        0.0005748825247352012
      ]
    },
    "NAUO160": {
      "direction": [
        0.17647348024455856,
        -0.8768449753350779,
        0.4472135954999579
      ],
      "distance": 0.0007558865431880221,
      "original_position": [
        0.0004367402711532776,
        0.0001802467749360198,
        0.0008214825521251302
      ]
    },
    "NAUO10": {
      "direction": [
        0.19752904132007978,
        -0.8723429817652975,
        0.4472135954999579
      ],
      "distance": 0.0007558865431880221,
      "original_position": [
        0.00016325744275453354,
        -1.3057823480844296e-05,
        -0.0009101174299652688
      ]
    },
    "NAUO27": {
      "direction": [
        -0.326463497665549,
        0.02448884634648335,
        -0.9448925235690007
      ],
      "distance": 0.0030365736271077497,
      "original_position": [
        0.00012226515263330902,
        2.8158033267569205e-05,
        -0.000984429337337879
      ]
    },
    "NAUO85": {
      "direction": [
        0.23928462034356487,
        -0.8618253131969587,
        0.4472135954999579
      ],
      "distance": 0.0007558865431880221,
      "original_position": [
        0.00047619671542531065,
        -7.034178308361366e-05,
        -0.0009235174059867859
      ]
    },
    "NAUO247": {
      "direction": [
        0.2599604406934792,
        -0.8558157332477897,
        0.4472135954999579
      ],
      "distance": 0.0007558865431880221,
      "original_position": [
        0.0009782720626654144,
        -0.00021053020254145898,
        -0.0005837280116975307
      ]
    },
    "NAUO103": {
      "direction": [
        0.28048561247378834,
        -0.8493102031620742,
        0.4472135954999579
      ],
      "distance": 0.0007558865431880221,
      "original_position": [
        0.00016325744275453354,
        -1.3057823480844296e-05,
        -0.0005951174398000352
      ]
    },
    "NAUO140": {
      "direction": [
        0.3008482412294701,
        -0.8423124929318895,
        0.4472135954999579
      ],
      "distance": 0.0007558865431880221,
      "original_position": [
        0.0007496159500400637,
        -9.257870211775624e-05,
        -7.429062453199061e-05
      ]
    },
    "NAUO33": {
      "direction": [
        -0.24300091049275055,
        0.023779601204354527,
        -0.9697345451546295
      ],
      "distance": 0.0030610397412585036,
      "original_position": [
        0.0002047634869813919,
        2.763407304883003e-05,
        -0.0010174827585607603
      ]
    },
    "NAUO92": {
      "direction": [
        0.34103876965826346,
        -0.8268570357625179,
        0.4472135954999579
      ],
      "distance": 0.0007558865431880221,
      "original_position": [
        0.00011247764032762912,
        -5.393565749584762e-05,
        -0.0009464173906017096
      ]
    },
    "NAUO108": {
      "direction": [
        0.36084337868914007,
        -0.8184082453495968,
        0.4472135954999579
      ],
      "distance": 0.0007558865431880221,
      "original_position": [
        0.00016325744275453354,
        -1.3057823480844296e-05,
        -0.00037011743830991906
      ]
    },
    "NAUO144": {
      "direction": [
        0.3804388769079804,
        -0.8094851826543796,
        0.4472135954999579
      ],
      "distance": 0.0007558865431880221,
      "original_position": [
        0.0004688468484174628,
        -7.029510059243845e-05,
        -0.0004985174238681793
      ]
    },
    "NAUO127": {
      "direction": [
        0.39981390861093397,
        -0.8000930186429873,
        0.4472135954999579
      ],
      "distance": 0.0007558865431880221,
      "original_position": [
        0.00016325744275453354,
        -1.3057823480844296e-05,
        0.0004848826105658897
      ]
    },
    "NAUO255": {
      "direction": [
        0.4189572458557634,
        -0.7902371961284493,
        0.4472135954999579
      ],
      "distance": 0.0007558865431880221,
      "original_position": [
        0.00032417904840224956,
        -1.3244400481368988e-05,
        0.0008590166085277145
      ]
    },
    "NAUO212": {
      "direction": [
        0.43785779496850175,
        -0.779923426616563,
        0.4472135954999579
      ],
      "distance": 0.0007558865431880221,
      "original_position": [
        0.0003041405417041578,
        0.0002723408996362396,
        0.0008214825622633029
      ]
    },
    "NAUO197": {
      "direction": [
        -0.3151509931323586,
        0.2746509995213102,
        -0.9084308889451268
      ],
      "distance": 0.0031325149202190124,
      "original_position": [
        0.00012363690567184424,
        0.0002901534228940838,
        -0.000976575202700384
      ]
    },
    "NAUO154": {
      "direction": [
        0.4748868639347407,
        -0.7579462160748788,
        0.4472135954999579
      ],
      "distance": 0.0007558865431880221,
      "original_position": [
        0.0003948411243400229,
        0.00022893964199348504,
        0.0008214825987815857
      ]
    },
    "NAUO38": {
      "direction": [
        0.49299392522993596,
        -0.7462955109649128,
        0.4472135954999579
      ],
      "distance": 0.0007558865431880221,
      "original_position": [
        0.00016289350390479937,
        -6.985197216351459e-05,
        0.0008373945134433782
      ]
    },
    "NAUO68": {
      "direction": [
        0.5108152937117885,
        -0.7342123233167223,
        0.4472135954999579
      ],
      "distance": 0.0007558865431880221,
      "original_position": [
        0.0002437864838406463,
        7.049517050878136e-05,
        0.0008771826039609661
      ]
    },
    "NAUO188": {
      "direction": [
        0.528340641794828,
        -0.7217036554070023,
        0.4472135954999579
      ],
      "distance": 0.0007558865431880221,
      "original_position": [
        0.00011247734725475311,
        -5.393512919545174e-05,
        0.0008073423432473693
      ]
    },
    "NAUO51": {
      "direction": [
        0.5455598134391064,
        -0.7087767560807051,
        0.4472135954999579
      ],
      "distance": 0.0007558865431880221,
      "original_position": [
        0.00019803570210933687,
        -4.7574713826179504e-05,
        0.0008910478959470824
      ]
    },
    "NAUO134": {
      "direction": [
        0.5624628300356822,
        -0.6954391165502923,
        0.4472135954999579
      ],
      "distance": 0.0007558865431880221,
      "original_position": [
        0.00020548042968271664,
        0.00030338507168274284,
        -0.0009182674288749695
      ]
    },
    "NAUO219_1": {
      "direction": [
        -0.009920149628472177,
        -0.08721281630156305,
        -0.9961403090449148
      ],
      "distance": 0.00315317029593628,
      "original_position": [
        0.0004422819946615813,
        -8.829498231945122e-05,
        -0.0010750174425193109
      ]
    },
    "NAUO177": {
      "direction": [
        0.5952814053947844,
        -0.6675627673793756,
        0.4472135954999579
      ],
      "distance": 0.0007558865431880221,
      "original_position": [
        0.00044830762696030166,
        0.00010106562926566572,
        -0.0009685174226760864
      ]
    },
    "NAUO121": {
      "direction": [
        0.6111779456042524,
        -0.6530402122434462,
        0.4472135954999579
      ],
      "distance": 0.0007558865431880221,
      "original_position": [
        0.00016325744275453354,
        -1.3057823480844296e-05,
        0.00021488257003473123
      ]
    },
    "NAUO231": {
      "direction": [
        0.6267203046812629,
        -0.6381392165509222,
        0.4472135954999579
      ],
      "distance": 0.0007558865431880221,
      "original_position": [
        0.0009169498771166243,
        1.53607150340917e-05,
        -0.00023851741477847095
      ]
    },
    "NAUO32": {
      "direction": [
        -0.316731698469125,
        -0.05522864782433913,
        -0.9469059233336532
      ],
      "distance": 0.00313483727162578,
      "original_position": [
        0.0001217411905527115,
        -5.4340302944183355e-05,
        -0.0010174827585607603
      ]
    },
    "NAUO74": {
      "direction": [
        0.6567066623617727,
        -0.6072366586510244,
        0.4472135954999579
      ],
      "distance": 0.0007558865431880221,
      "original_position": [
        0.00047619671542531065,
        -7.034178308361366e-05,
        0.0007764825820922852
      ]
    },
    "NAUO135": {
      "direction": [
        0.6711332836986372,
        -0.5912530046535783,
        0.4472135954999579
      ],
      "distance": 0.0007558865431880221,
      "original_position": [
        0.00020548042968271664,
        0.00030338507168274284,
        0.0007117325663566589
      ]
    },
    "NAUO176": {
      "direction": [
        -0.22584699648500203,
        0.2974276592431748,
        -0.9276475201798523
      ],
      "distance": 0.003041565427628394,
      "original_position": [
        0.00022373249622733066,
        0.0003049192001343872,
        -0.0009685176402989911
      ]
    },
    "NAUO180": {
      "direction": [
        0.6988116146604981,
        -0.5582672542927692,
        0.4472135954999579
      ],
      "distance": 0.0007558865431880221,
      "original_position": [
        0.00030963717870327367,
        0.0002812873914651495,
        -0.0009685174226760864
      ]
    },
    "NAUO13": {
      "direction": [
        -0.006262107282785813,
        -0.02080482483107951,
        -0.9997639447770292
      ],
      "distance": 0.0031417427557469293,
      "original_position": [
        0.00044615065831102774,
        -1.841716428964853e-05,
        -0.001075017808484309
      ]
    },
    "NAUO40": {
      "direction": [
        0.7248703189125695,
        -0.5239876150822552,
        0.4472135954999579
      ],
      "distance": 0.0007558865431880221,
      "original_position": [
        0.00022075752913951874,
        -1.2718318961560729e-05,
        0.0008724479089170531
      ]
    },
    "NAUO106": {
      "direction": [
        0.7372732867752485,
        -0.5063873029684118,
        0.4472135954999579
      ],
      "distance": 0.0007558865431880221,
      "original_position": [
        0.00016325744275453354,
        -1.3057823480844296e-05,
        -0.0004601174418861978
      ]
    },
    "NAUO126": {
      "direction": [
        0.7492490005304797,
        -0.4884935365018427,
        0.4472135954999579
      ],
      "distance": 0.0007558865431880221,
      "original_position": [
        0.00016325744275453354,
        -1.3057823480844296e-05,
        0.00043988253427194445
      ]
    },
    "NAUO187": {
      "direction": [
        0.7607905201833071,
        -0.47031668522306647,
        0.4472135954999579
      ],
      "distance": 0.0007558865431880221,
      "original_position": [
        0.0001124773472547531,
        -5.393573334195957e-05,
        0.0008104326121974737
      ]
    },
    "NAUO205": {
      "direction": [
        0.7718911573567524,
        -0.45186728272187765,
        0.4472135954999579
      ],
      "distance": 0.0007558865431880221,
      "original_position": [
        0.0004245584067757065,
        0.00017717915821276146,
        -0.0009685174320667411
      ]
    },
    "NAUO14": {
      "direction": [
        0.7825444791677685,
        -0.4331560205330707,
        0.4472135954999579
      ],
      "distance": 0.0007558865431880221,
      "original_position": [
        0.00016325868710529795,
        -1.2353135498846621e-05,
        0.0008442026881542889
      ]
    },
    "NAUO143": {
      "direction": [
        0.7927443119551322,
        -0.41419374194063346,
        0.4472135954999579
      ],
      "distance": 0.0007558865431880221,
      "original_position": [
        0.0004688468484174628,
        -7.029510059243845e-05,
        -7.351741939783097e-05
      ]
    },
    "NAUO97": {
      "direction": [
        0.802484744857115,
        -0.39499143569400463,
        0.4472135954999579
      ],
      "distance": 0.0007558865431880221,
      "original_position": [
        0.00016325744275453354,
        -1.3057823480844296e-05,
        -0.0008651174430782906
      ]
    },
    "NAUO60": {
      "direction": [
        0.8117601332368637,
        -0.37556022964002617,
        0.4472135954999579
      ],
      "distance": 0.0007558865431880221,
      "original_position": [
        0.00012803710997104644,
        -4.713055560822421e-05,
        0.0008887825835263357
      ]
    },
    "NAUO199": {
      "direction": [
        -0.23631891414419745,
        0.16331844540119597,
        -0.9578520012034448
      ],
      "distance": 0.0030191463650596365,
      "original_position": [
        0.0002148815048303972,
        0.00016773140186963128,
        -0.0009919825607304002
      ]
    },
    "NAUO208": {
      "direction": [
        0.828894548477038,
        -0.3360562862156386,
        0.4472135954999579
      ],
      "distance": 0.0007558865431880221,
      "original_position": [
        0.00034565857825365204,
        0.0002444027831408191,
        0.0008295709491310966
      ]
    },
    "NAUO123": {
      "direction": [
        0.8367436458453452,
        -0.316006441607508,
        0.4472135954999579
      ],
      "distance": 0.0007558865431880221,
      "original_position": [
        0.00016325744275453354,
        -1.3057823480844296e-05,
        0.00030488254380868756
      ]
    },
    "NAUO190": {
      "direction": [
        0.8441078454613795,
        -0.2957734694500975,
        0.4472135954999579
      ],
      "distance": 0.0007558865431880221,
      "original_position": [
        0.0002237726018677496,
        -3.703720371564995e-05,
        0.0007849321674535707
      ]
    },
    "NAUO202": {
      "direction": [
        0.8509828797291348,
        -0.275369094867069,
        0.4472135954999579
      ],
      "distance": 0.0007558865431880221,
      "original_position": [
        0.00038933820139103366,
        0.00021899317864495284,
        -0.0009685174376714167
      ]
    },
    "NAUO83": {
      "direction": [
        0.8573647645267359,
        -0.2548051423107754,
        0.4472135954999579
      ],
      "distance": 0.0007558865431880221,
      "original_position": [
        0.00047619671542531065,
        -7.034178308361366e-05,
        -7.351741939783097e-05
      ]
    },
    "NAUO257": {
      "direction": [
        0.8632498015152605,
        -0.23409352870992223,
        0.4472135954999579
      ],
      "distance": 0.0007558865431880221,
      "original_position": [
        0.0004816375032234547,
        -6.403548473799439e-05,
        -7.351744922453544e-05
      ]
    },
    "NAUO131": {
      "direction": [
        0.8686345802819474,
        -0.21324625656363838,
        0.4472135954999579
      ],
      "distance": 0.0007558865431880221,
      "original_position": [
        0.00016325744275453354,
        -1.3057823480844296e-05,
        0.0006648825581138023
      ]
    },
    "NAUO42": {
      "direction": [
        0.8735159803165496,
        -0.19227540698596188,
        0.4472135954999579
      ],
      "distance": 0.0007558865431880221,
      "original_position": [
        0.00010575985163450241,
        -1.1987950652837757e-05,
        0.0008724479089170531
      ]
    },
    "NAUO55": {
      "direction": [
        0.8778911728196898,
        -0.17119313270476028,
        0.4472135954999579
      ],
      "distance": 0.0007558865431880221,
      "original_position": [
        0.0003838512471317555,
        8.024774115721178e-05,
        0.0008771826028823853
      ]
    },
    "NAUO77": {
      "direction": [
        0.881757622342164,
        -0.15001165101915795,
        0.4472135954999579
      ],
      "distance": 0.0007558865431880221,
      "original_position": [
        0.0006610791608396476,
        -9.601649361676884e-05,
        -7.351741688070486e-05
      ]
    },
    "NAUO250": {
      "direction": [
        0.8851130882542503,
        -0.1287432367195404,
        0.4472135954999579
      ],
      "distance": 0.0007558865431880221,
      "original_position": [
        0.0009182200825226445,
        0.00021535668128984682,
        0.0004959825887344778
      ]
    },
    "NAUO256": {
      "direction": [
        0.8879556260441659,
        -0.10740021497424192,
        0.4472135954999579
      ],
      "distance": 0.0007558865431880221,
      "original_position": [
        0.0005122105243914778,
        -1.5569402072028937e-05,
        -8.039842061848936e-05
      ]
    },
    "NAUO56": {
      "direction": [
        -0.20501925371220606,
        0.05442092496863103,
        -0.9772438122254081
      ],
      "distance": 0.003058192612361776,
      "original_position": [
        0.00024371251267663082,
        5.884719517521475e-05,
        -0.0010242173671722412
      ]
    },
    "NAUO218": {
      "direction": [
        0.8920956263889286,
        -0.06453985882960289,
        0.4472135954999579
      ],
      "distance": 0.0007558865431880221,
      "original_position": [
        0.0007433345312331262,
        7.646452042085793e-05,
        -7.351679889775591e-05
      ]
    },
    "NAUO186": {
      "direction": [
        0.8933906897897799,
        -0.04304736225300379,
        0.4472135954999579
      ],
      "distance": 0.0007558865431880221,
      "original_position": [
        0.00011248118753640745,
        -5.3923152938683655e-05,
        0.0007849321674535707
      ]
    },
    "NAUO81": {
      "direction": [
        0.8941680281507917,
        -0.021529919482547816,
        0.4472135954999579
      ],
      "distance": 0.0007558865431880221,
      "original_position": [
        0.0004712606605787754,
        -7.031043278048004e-05,
        -0.0009235174022431312
      ]
    }
  },
  "steps": [],
  "colors": {
    "part_000": "#FF6B6B",
    "part_001": "#4ECDC4",
    "part_002": "#45B7D1",
    "part_003": "#FFA07A",
    "part_004": "#98D8C8",
    "part_005": "#F7DC6F",
    "part_006": "#BB8FCE",
    "part_007": "#85C1E2",
    "part_008": "#FF6B6B",
    "part_009": "#4ECDC4",
    "part_010": "#45B7D1",
    "part_011": "#FFA07A",
    "part_012": "#98D8C8",
    "part_013": "#F7DC6F",
    "part_014": "#BB8FCE",
    "part_015": "#85C1E2",
    "part_016": "#FF6B6B",
    "part_017": "#4ECDC4",
    "part_018": "#45B7D1",
    "part_019": "#FFA07A",
    "part_020": "#98D8C8",
    "part_021": "#F7DC6F",
    "part_022": "#BB8FCE",
    "part_023": "#85C1E2",
    "part_024": "#FF6B6B",
    "part_025": "#4ECDC4",
    "part_026": "#45B7D1",
    "part_027": "#FFA07A",
    "part_028": "#98D8C8",
    "part_029": "#F7DC6F",
    "part_030": "#BB8FCE",
    "part_031": "#85C1E2",
    "part_032": "#FF6B6B",
    "part_033": "#4ECDC4",
    "part_034": "#45B7D1",
    "part_035": "#FFA07A",
    "part_036": "#98D8C8",
    "part_037": "#F7DC6F",
    "part_038": "#BB8FCE",
    "part_039": "#85C1E2",
    "part_040": "#FF6B6B",
    "part_041": "#4ECDC4",
    "part_042": "#45B7D1",
    "part_043": "#FFA07A",
    "part_044": "#98D8C8",
    "part_045": "#F7DC6F",
    "part_046": "#BB8FCE",
    "part_047": "#85C1E2",
    "part_048": "#FF6B6B",
    "part_049": "#4ECDC4",
    "part_050": "#45B7D1",
    "part_051": "#FFA07A",
    "part_052": "#98D8C8",
    "part_053": "#F7DC6F",
    "part_054": "#BB8FCE",
    "part_055": "#85C1E2",
    "part_056": "#FF6B6B",
    "part_057": "#4ECDC4",
    "part_058": "#45B7D1",
    "part_059": "#FFA07A",
    "part_060": "#98D8C8",
    "part_061": "#F7DC6F",
    "part_062": "#BB8FCE",
    "part_063": "#85C1E2",
    "part_064": "#FF6B6B",
    "part_065": "#4ECDC4",
    "part_066": "#45B7D1",
    "part_067": "#FFA07A",
    "part_068": "#98D8C8",
    "part_069": "#F7DC6F",
    "part_070": "#BB8FCE",
    "part_071": "#85C1E2",
    "part_072": "#FF6B6B",
    "part_073": "#4ECDC4",
    "part_074": "#45B7D1",
    "part_075": "#FFA07A",
    "part_076": "#98D8C8",
    "part_077": "#F7DC6F",
    "part_078": "#BB8FCE",
    "part_079": "#85C1E2",
    "part_080": "#FF6B6B",
    "part_081": "#4ECDC4",
    "part_082": "#45B7D1",
    "part_083": "#FFA07A",
    "part_084": "#98D8C8",
    "part_085": "#F7DC6F",
    "part_086": "#BB8FCE",
    "part_087": "#85C1E2",
    "part_088": "#FF6B6B",
    "part_089": "#4ECDC4",
    "part_090": "#45B7D1",
    "part_091": "#FFA07A",
    "part_092": "#98D8C8",
    "part_093": "#F7DC6F",
    "part_094": "#BB8FCE",
    "part_095": "#85C1E2",
    "part_096": "#FF6B6B",
    "part_097": "#4ECDC4",
    "part_098": "#45B7D1",
    "part_099": "#FFA07A",
    "part_100": "#98D8C8",
    "part_101": "#F7DC6F",
    "part_102": "#BB8FCE",
    "part_103": "#85C1E2",
    "part_104": "#FF6B6B",
    "part_105": "#4ECDC4",
    "part_106": "#45B7D1",
    "part_107": "#FFA07A",
    "part_108": "#98D8C8",
    "part_109": "#F7DC6F",
    "part_110": "#BB8FCE",
    "part_111": "#85C1E2",
    "part_112": "#FF6B6B",
    "part_113": "#4ECDC4",
    "part_114": "#45B7D1",
    "part_115": "#FFA07A",
    "part_116": "#98D8C8",
    "part_117": "#F7DC6F",
    "part_118": "#BB8FCE",
    "part_119": "#85C1E2",
    "part_120": "#FF6B6B",
    "part_121": "#4ECDC4",
    "part_122": "#45B7D1",
    "part_123": "#FFA07A",
    "part_124": "#98D8C8",
    "part_125": "#F7DC6F",
    "part_126": "#BB8FCE",
    "part_127": "#85C1E2",
    "part_128": "#FF6B6B",
    "part_129": "#4ECDC4",
    "part_130": "#45B7D1",
    "part_131": "#FFA07A",
    "part_132": "#98D8C8",
    "part_133": "#F7DC6F",
    "part_134": "#BB8FCE",
    "part_135": "#85C1E2",
    "part_136": "#FF6B6B",
    "part_137": "#4ECDC4",
    "part_138": "#45B7D1",
    "part_139": "#FFA07A",
    "part_140": "#98D8C8",
    "part_141": "#F7DC6F",
    "part_142": "#BB8FCE",
    "part_143": "#85C1E2",
    "part_144": "#FF6B6B",
    "part_145": "#4ECDC4",
    "part_146": "#45B7D1",
    "part_147": "#FFA07A",
    "part_148": "#98D8C8",
    "part_149": "#F7DC6F",
    "part_150": "#BB8FCE",
    "part_151": "#85C1E2",
    "part_152": "#FF6B6B",
    "part_153": "#4ECDC4",
    "part_154": "#45B7D1",
    "part_155": "#FFA07A",
    "part_156": "#98D8C8",
    "part_157": "#F7DC6F",
    "part_158": "#BB8FCE",
    "part_159": "#85C1E2",
    "part_160": "#FF6B6B",
    "part_161": "#4ECDC4",
    "part_162": "#45B7D1",
    "part_163": "#FFA07A",
    "part_164": "#98D8C8",
    "part_165": "#F7DC6F",
    "part_166": "#BB8FCE",
    "part_167": "#85C1E2",
    "part_168": "#FF6B6B",
    "part_169": "#4ECDC4",
    "part_170": "#45B7D1",
    "part_171": "#FFA07A",
    "part_172": "#98D8C8",
    "part_173": "#F7DC6F",
    "part_174": "#BB8FCE",
    "part_175": "#85C1E2",
    "part_176": "#FF6B6B",
    "part_177": "#4ECDC4",
    "part_178": "#45B7D1",
    "part_179": "#FFA07A",
    "part_180": "#98D8C8",
    "part_181": "#F7DC6F",
    "part_182": "#BB8FCE",
    "part_183": "#85C1E2",
    "part_184": "#FF6B6B",
    "part_185": "#4ECDC4",
    "part_186": "#45B7D1",
    "part_187": "#FFA07A",
    "part_188": "#98D8C8",
    "part_189": "#F7DC6F",
    "part_190": "#BB8FCE",
    "part_191": "#85C1E2",
    "part_192": "#FF6B6B",
    "part_193": "#4ECDC4",
    "part_194": "#45B7D1",
    "part_195": "#FFA07A",
    "part_196": "#98D8C8",
    "part_197": "#F7DC6F",
    "part_198": "#BB8FCE",
    "part_199": "#85C1E2",
    "part_200": "#FF6B6B",
    "part_201": "#4ECDC4",
    "part_202": "#45B7D1",
    "part_203": "#FFA07A",
    "part_204": "#98D8C8",
    "part_205": "#F7DC6F",
    "part_206": "#BB8FCE",
    "part_207": "#85C1E2",
    "part_208": "#FF6B6B",
    "part_209": "#4ECDC4",
    "part_210": "#45B7D1",
    "part_211": "#FFA07A",
    "part_212": "#98D8C8",
    "part_213": "#F7DC6F",
    "part_214": "#BB8FCE",
    "part_215": "#85C1E2",
    "part_216": "#FF6B6B",
    "part_217": "#4ECDC4",
    "part_218": "#45B7D1",
    "part_219": "#FFA07A",
    "part_220": "#98D8C8",
    "part_221": "#F7DC6F",
    "part_222": "#BB8FCE",
    "part_223": "#85C1E2",
    "part_224": "#FF6B6B",
    "part_225": "#4ECDC4",
    "part_226": "#45B7D1",
    "part_227": "#FFA07A",
    "part_228": "#98D8C8",
    "part_229": "#F7DC6F",
    "part_230": "#BB8FCE",
    "part_231": "#85C1E2",
    "part_232": "#FF6B6B",
    "part_233": "#4ECDC4",
    "part_234": "#45B7D1",
    "part_235": "#FFA07A",
    "part_236": "#98D8C8",
    "part_237": "#F7DC6F",
    "part_238": "#BB8FCE",
    "part_239": "#85C1E2",
    "part_240": "#FF6B6B",
    "part_241": "#4ECDC4",
    "part_242": "#45B7D1",
    "part_243": "#FFA07A",
    "part_244": "#98D8C8",
    "part_245": "#F7DC6F",
    "part_246": "#BB8FCE",
    "part_247": "#85C1E2",
    "part_248": "#FF6B6B",
    "part_249": "#4ECDC4",
    "part_250": "#45B7D1",
    "part_251": "#FFA07A",
    "part_252": "#98D8C8",
    "part_253": "#F7DC6F",
    "part_254": "#BB8FCE",
    "part_255": "#85C1E2",
    "part_256": "#FF6B6B",
    "part_257": "#4ECDC4",
    "part_258": "#45B7D1",
    "part_259": "#FFA07A",
    "part_260": "#98D8C8"
  },
  "metadata": {
    "total_parts": 261,
    "total_steps": 0,
    "generated_at": "2025-11-06T09:38:43.527173"
  }
}