{
  "version": "1.0",
  "model": "component_3.glb",
  "node_map": {
    "part_000": "NAUO2",
    "part_001": "NAUO1"
  },
  "explosion_vectors": {
    "NAUO2": {
      "direction": [
        0.8944271909999159,
        0.0,
        0.4472135954999579
      ],
      "distance": 0.00011311273148143132,
      "original_position": [
        -2.9666349339351856e-18,
        -1.4075861619881346e-17,
        -4.214311389570571e-05
      ]
    },
    "NAUO1": {
      "direction": [
        -0.8944271909999159,
        1.0953573965284052e-16,
        0.4472135954999579
      ],
      "distance": 0.00011311273148143132,
      "original_position": [
        -1.4501259766756155e-20,
        -3.5277257973255494e-16,
        9.603158541712375e-22
      ]
    }
  },
  "steps": [],
  "colors": {
    "part_000": "#FF6B6B",
    "part_001": "#4ECDC4"
  },
  "metadata": {
    "total_parts": 2,
    "total_steps": 0,
    "generated_at": "2025-11-06T09:38:28.837887"
  }
}