{
  "version": "1.0",
  "model": "component_4.glb",
  "node_map": {
    "part_000": "NAUO1",
    "part_001": "NAUO2",
    "part_002": "NAUO3",
    "part_003": "NAUO4",
    "part_004": "NAUO5",
    "part_005": "NAUO6"
  },
  "explosion_vectors": {
    "NAUO1": {
      "direction": [
        1.5832391366827346e-17,
        3.427293172546899e-11,
        1.0
      ],
      "distance": 0.17657576523803337,
      "original_position": [
        -6.354740262031555e-05,
        -3.838022795366027e-05,
        0.001719821810722351
      ]
    },
    "NAUO2": {
      "direction": [
        -5.8426210311465765e-08,
        6.31556804912207e-09,
        -0.9999999999999982
      ],
      "distance": 0.17657576523803337,
      "original_position": [
        -6.354745280791587e-05,
        -3.8380222557980544e-05,
        4.830604952248891e-06
      ]
    },
    "NAUO3": {
      "direction": [
        0.08620247579042141,
        -0.9822379321680792,
        0.16666666666666669
      ],
      "distance": 0.17657576523803337,
      "original_position": [
        -6.354740262031555e-05,
        2.7119772508740427e-05,
        0.000863821804523468
      ]
    },
    "NAUO4": {
      "direction": [
        0.5999293467366865,
        0.7825004799655492,
        -0.1666666666666668
      ],
      "distance": 0.17657576523803337,
      "original_position": [
        -6.822736468166113e-06,
        -7.113022357225418e-05,
        0.000863821804523468
      ]
    },
    "NAUO5": {
      "direction": [
        -0.8527870323465038,
        -0.15084521027080336,
        -0.5000000000000002
      ],
      "distance": 0.17657576523803337,
      "original_position": [
        -0.00012027206271886826,
        -7.113022357225418e-05,
        0.000863821804523468
      ]
    },
    "NAUO6": {
      "direction": [
        0.4664029471728897,
        -0.29668812990074006,
        -0.8333333333333333
      ],
      "distance": 0.17657576523803337,
      "original_position": [
        -6.354740262031555e-05,
        -3.838022798299789e-05,
        0.0008623217940330506
      ]
    }
  },
  "steps": [],
  "colors": {
    "part_000": "#FF6B6B",
    "part_001": "#4ECDC4",
    "part_002": "#45B7D1",
    "part_003": "#FFA07A",
    "part_004": "#98D8C8",
    "part_005": "#F7DC6F"
  },
  "metadata": {
    "total_parts": 6,
    "total_steps": 0,
    "generated_at": "2025-11-06T11:58:43.745381"
  }
}