{
  "version": "1.0",
  "model": "product_total.glb",
  "node_map": {
    "part_000": "NAUO254",
    "part_001": "NAUO255",
    "part_002": "NAUO256",
    "part_003": "NAUO257",
    "part_004": "NAUO258",
    "part_005": "NAUO259",
    "part_006": "NAUO260",
    "part_007": "NAUO261",
    "part_008": "NAUO262",
    "part_009": "NAUO263",
    "part_010": "NAUO264",
    "part_011": "NAUO265",
    "part_012": "NAUO266",
    "part_013": "NAUO267",
    "part_014": "NAUO268",
    "part_015": "NAUO269",
    "part_016": "NAUO229",
    "part_017": "NAUO230",
    "part_018": "NAUO231",
    "part_019": "NAUO232",
    "part_020": "NAUO233",
    "part_021": "NAUO234",
    "part_022": "NAUO235",
    "part_023": "NAUO236",
    "part_024": "NAUO237",
    "part_025": "NAUO238",
    "part_026": "NAUO239",
    "part_027": "NAUO240",
    "part_028": "NAUO241",
    "part_029": "NAUO242",
    "part_030": "NAUO243",
    "part_031": "NAUO244",
    "part_032": "NAUO245",
    "part_033": "NAUO246",
    "part_034": "NAUO247",
    "part_035": "NAUO248",
    "part_036": "NAUO249",
    "part_037": "NAUO250",
    "part_038": "NAUO251",
    "part_039": "NAUO252",
    "part_040": "NAUO253",
    "part_041": "NAUO223",
    "part_042": "NAUO224",
    "part_043": "NAUO225",
    "part_044": "NAUO226",
    "part_045": "NAUO227",
    "part_046": "NAUO228",
    "part_047": "NAUO221",
    "part_048": "NAUO222",
    "part_049": "NAUO219",
    "part_050": "NAUO220",
    "part_051": "NAUO217",
    "part_052": "NAUO218",
    "part_053": "NAUO7",
    "part_054": "NAUO8",
    "part_055": "NAUO9",
    "part_056": "NAUO10",
    "part_057": "NAUO11",
    "part_058": "NAUO219_1",
    "part_059": "NAUO220_1",
    "part_060": "NAUO13",
    "part_061": "NAUO14",
    "part_062": "NAUO15",
    "part_063": "NAUO16",
    "part_064": "NAUO17",
    "part_065": "NAUO18",
    "part_066": "NAUO19",
    "part_067": "NAUO20",
    "part_068": "NAUO21",
    "part_069": "NAUO22",
    "part_070": "NAUO23",
    "part_071": "NAUO24",
    "part_072": "NAUO25",
    "part_073": "NAUO26",
    "part_074": "NAUO27",
    "part_075": "NAUO28",
    "part_076": "NAUO29",
    "part_077": "NAUO30",
    "part_078": "NAUO31",
    "part_079": "NAUO32",
    "part_080": "NAUO33",
    "part_081": "NAUO34",
    "part_082": "NAUO35",
    "part_083": "NAUO36",
    "part_084": "NAUO37",
    "part_085": "NAUO38",
    "part_086": "NAUO39",
    "part_087": "NAUO40",
    "part_088": "NAUO41",
    "part_089": "NAUO42",
    "part_090": "NAUO43",
    "part_091": "NAUO44",
    "part_092": "NAUO45",
    "part_093": "NAUO46",
    "part_094": "NAUO47",
    "part_095": "NAUO48",
    "part_096": "NAUO49",
    "part_097": "NAUO50",
    "part_098": "NAUO51",
    "part_099": "NAUO52",
    "part_100": "NAUO53",
    "part_101": "NAUO54",
    "part_102": "NAUO55",
    "part_103": "NAUO56",
    "part_104": "NAUO57",
    "part_105": "NAUO58",
    "part_106": "NAUO59",
    "part_107": "NAUO60",
    "part_108": "NAUO61",
    "part_109": "NAUO62",
    "part_110": "NAUO63",
    "part_111": "NAUO64",
    "part_112": "NAUO65",
    "part_113": "NAUO66",
    "part_114": "NAUO67",
    "part_115": "NAUO68",
    "part_116": "NAUO69",
    "part_117": "NAUO70",
    "part_118": "NAUO71",
    "part_119": "NAUO72",
    "part_120": "NAUO73",
    "part_121": "NAUO74",
    "part_122": "NAUO75",
    "part_123": "NAUO76",
    "part_124": "NAUO77",
    "part_125": "NAUO78",
    "part_126": "NAUO79",
    "part_127": "NAUO80",
    "part_128": "NAUO81",
    "part_129": "NAUO82",
    "part_130": "NAUO83",
    "part_131": "NAUO84",
    "part_132": "NAUO85",
    "part_133": "NAUO86",
    "part_134": "NAUO87",
    "part_135": "NAUO88",
    "part_136": "NAUO89",
    "part_137": "NAUO90",
    "part_138": "NAUO91",
    "part_139": "NAUO92",
    "part_140": "NAUO93",
    "part_141": "NAUO94",
    "part_142": "NAUO95",
    "part_143": "NAUO96",
    "part_144": "NAUO97",
    "part_145": "NAUO98",
    "part_146": "NAUO99",
    "part_147": "NAUO100",
    "part_148": "NAUO101",
    "part_149": "NAUO102",
    "part_150": "NAUO103",
    "part_151": "NAUO104",
    "part_152": "NAUO105",
    "part_153": "NAUO106",
    "part_154": "NAUO107",
    "part_155": "NAUO108",
    "part_156": "NAUO109",
    "part_157": "NAUO110",
    "part_158": "NAUO111",
    "part_159": "NAUO112",
    "part_160": "NAUO113",
    "part_161": "NAUO114",
    "part_162": "NAUO115",
    "part_163": "NAUO116",
    "part_164": "NAUO117",
    "part_165": "NAUO118",
    "part_166": "NAUO119",
    "part_167": "NAUO120",
    "part_168": "NAUO121",
    "part_169": "NAUO122",
    "part_170": "NAUO123",
    "part_171": "NAUO124",
    "part_172": "NAUO125",
    "part_173": "NAUO126",
    "part_174": "NAUO127",
    "part_175": "NAUO128",
    "part_176": "NAUO129",
    "part_177": "NAUO130",
    "part_178": "NAUO131",
    "part_179": "NAUO132",
    "part_180": "NAUO133",
    "part_181": "NAUO134",
    "part_182": "NAUO135",
    "part_183": "NAUO136",
    "part_184": "NAUO137",
    "part_185": "NAUO138",
    "part_186": "NAUO139",
    "part_187": "NAUO140",
    "part_188": "NAUO141",
    "part_189": "NAUO142",
    "part_190": "NAUO143",
    "part_191": "NAUO144",
    "part_192": "NAUO145",
    "part_193": "NAUO207",
    "part_194": "NAUO208",
    "part_195": "NAUO209",
    "part_196": "NAUO210",
    "part_197": "NAUO211",
    "part_198": "NAUO212",
    "part_199": "NAUO213",
    "part_200": "NAUO214",
    "part_201": "NAUO215",
    "part_202": "NAUO216",
    "part_203": "NAUO197",
    "part_204": "NAUO198",
    "part_205": "NAUO199",
    "part_206": "NAUO200",
    "part_207": "NAUO201",
    "part_208": "NAUO202",
    "part_209": "NAUO203",
    "part_210": "NAUO204",
    "part_211": "NAUO205",
    "part_212": "NAUO206",
    "part_213": "NAUO148",
    "part_214": "NAUO149",
    "part_215": "NAUO150",
    "part_216": "NAUO151",
    "part_217": "NAUO152",
    "part_218": "NAUO153",
    "part_219": "NAUO154",
    "part_220": "NAUO155",
    "part_221": "NAUO156",
    "part_222": "NAUO157",
    "part_223": "NAUO158",
    "part_224": "NAUO159",
    "part_225": "NAUO160",
    "part_226": "NAUO161",
    "part_227": "NAUO162",
    "part_228": "NAUO163",
    "part_229": "NAUO164",
    "part_230": "NAUO165",
    "part_231": "NAUO166",
    "part_232": "NAUO167",
    "part_233": "NAUO168",
    "part_234": "NAUO169",
    "part_235": "NAUO170",
    "part_236": "NAUO171",
    "part_237": "NAUO172",
    "part_238": "NAUO173",
    "part_239": "NAUO174",
    "part_240": "NAUO175",
    "part_241": "NAUO176",
    "part_242": "NAUO177",
    "part_243": "NAUO178",
    "part_244": "NAUO179",
    "part_245": "NAUO180",
    "part_246": "NAUO181",
    "part_247": "NAUO182",
    "part_248": "NAUO183",
    "part_249": "NAUO184",
    "part_250": "NAUO195",
    "part_251": "NAUO196",
    "part_252": "NAUO186",
    "part_253": "NAUO187",
    "part_254": "NAUO188",
    "part_255": "NAUO189",
    "part_256": "NAUO190",
    "part_257": "NAUO191",
    "part_258": "NAUO192",
    "part_259": "NAUO193",
    "part_260": "NAUO194"
  },
  "explosion_vectors": {
    "NAUO254": {
      "direction": [
        -0.1278865348704179,
        -0.01787391336351958,
        -0.9916277312680958
      ],
      "distance": 0.251962181062674,
      "original_position": [
        0.0003265695053051379,
        -1.4259051033455553e-05,
        -0.0010060958442979317
      ]
    },
    "NAUO255": {
      "direction": [
        -0.14337595040256132,
        -0.01853423040666958,
        0.9894947292175915
      ],
      "distance": 0.251962181062674,
      "original_position": [
        0.00032417904840224956,
        -1.3244400481368988e-05,
        0.0008590166085277145
      ]
    },
    "NAUO256": {
      "direction": [
        0.017030473929033917,
        -0.19405449022794105,
        0.9808429118773946
      ],
      "distance": 0.251962181062674,
      "original_position": [
        0.0005122105243914778,
        -1.5569402072028937e-05,
        -8.039842061848936e-05
      ]
    },
    "NAUO257": {
      "direction": [
        0.13996822728154582,
        0.18256350622535578,
        0.9731800766283525
      ],
      "distance": 0.251962181062674,
      "original_position": [
        0.00048163750322345464,
        -6.403548473799439e-05,
        -7.351744922453544e-05
      ]
    },
    "NAUO258": {
      "direction": [
        -0.011902692949318195,
        -0.01812656506810639,
        -0.9997648491217253
      ],
      "distance": 0.251962181062674,
      "original_position": [
        0.00044024358446380525,
        -1.561233904964543e-05,
        -0.001075017422437668
      ]
    },
    "NAUO259": {
      "direction": [
        -0.01233241367707331,
        -0.018780985102793846,
        -0.9997475612230651
      ],
      "distance": 0.251962181062674,
      "original_position": [
        0.00044024358446380525,
        -1.5612339049645417e-05,
        -0.0010385174229741096
      ]
    },
    "NAUO260": {
      "direction": [
        -0.013552203434953735,
        -0.020638598208480352,
        0.999695146555212
      ],
      "distance": 0.251962181062674,
      "original_position": [
        0.00044024358446380504,
        -1.5612339049644712e-05,
        0.0008914825320243836
      ]
    },
    "NAUO261": {
      "direction": [
        -0.013035077712807156,
        -0.019851069445805006,
        0.9997179711252964
      ],
      "distance": 0.251962181062674,
      "original_position": [
        0.00044024358446380504,
        -1.56123390496447e-05,
        0.0009279826283454895
      ]
    },
    "NAUO262": {
      "direction": [
        0.8717682316938892,
        -0.39878366225465606,
        -0.28459047933491066
      ],
      "distance": 0.251962181062674,
      "original_position": [
        0.0005936181701881705,
        -6.108734313381737e-05,
        -7.401763050956644e-05
      ]
    },
    "NAUO263": {
      "direction": [
        0.9372852991275205,
        0.16919895495354723,
        -0.3047424842093108
      ],
      "distance": 0.251962181062674,
      "original_position": [
        0.0005941897626327089,
        2.8910843543893684e-05,
        -7.401763050956644e-05
      ]
    },
    "NAUO264": {
      "direction": [
        0.9730779581138662,
        -0.09217742841335065,
        -0.21124064268992043
      ],
      "distance": 0.251962181062674,
      "original_position": [
        0.0006627432764894831,
        -1.6525458398207964e-05,
        -7.361280469112451e-05
      ]
    },
    "NAUO265": {
      "direction": [
        0.07484367621016685,
        -0.17439057808024466,
        0.9818280656042512
      ],
      "distance": 0.251962181062674,
      "original_position": [
        0.00048163750322345453,
        -6.403548473799424e-05,
        0.0003514825626963935
      ]
    },
    "NAUO266": {
      "direction": [
        0.03581027850405637,
        -0.08344025154510798,
        0.9958691421946715
      ],
      "distance": 0.251962181062674,
      "original_position": [
        0.00048163750322345453,
        -6.40354847379941e-05,
        0.0007764825150126777
      ]
    },
    "NAUO267": {
      "direction": [
        0.9855395984393721,
        -0.06933414371025876,
        -0.15461072544919544
      ],
      "distance": 0.251962181062674,
      "original_position": [
        0.0007427406603260363,
        -1.7033536404829623e-05,
        -7.351744174957275e-05
      ]
    },
    "NAUO268": {
      "direction": [
        0.060751514663140244,
        -0.1415549355379784,
        -0.9880644987504476
      ],
      "distance": 0.251962181062674,
      "original_position": [
        0.00048163750322345464,
        -6.403548473799456e-05,
        -0.0004985174313431421
      ]
    },
    "NAUO269": {
      "direction": [
        0.032196878874360284,
        -0.0750207980633184,
        -0.9966620494674675
      ],
      "distance": 0.251962181062674,
      "original_position": [
        0.0004816375032234547,
        -6.403548473799472e-05,
        -0.0009235174320882001
      ]
    },
    "NAUO229": {
      "direction": [
        0.9064997585413401,
        0.4128046643015403,
        -0.08860302983185488
      ],
      "distance": 0.251962181062674,
      "original_position": [
        0.0009182200825226446,
        0.00021535668128984666,
        -7.35174156725407e-05
      ]
    },
    "NAUO230": {
      "direction": [
        0.9227023358146396,
        -0.3746962127727569,
        -0.09068157263723069
      ],
      "distance": 0.251962181062674,
      "original_position": [
        0.0009156796715686471,
        -0.00018463527357295462,
        -7.351741567254056e-05
      ]
    },
    "NAUO231": {
      "direction": [
        0.9104976202071473,
        0.0235156538556084,
        -0.41284512546579055
      ],
      "distance": 0.251962181062674,
      "original_position": [
        0.0009169498771166243,
        1.53607150340917e-05,
        -0.00023851741477847095
      ]
    },
    "NAUO232": {
      "direction": [
        0.9681278848674166,
        0.02500408537402345,
        0.24920512486052665
      ],
      "distance": 0.251962181062674,
      "original_position": [
        0.0009169498771166241,
        1.536071503409181e-05,
        9.148258343338972e-05
      ]
    },
    "NAUO233": {
      "direction": [
        0.9003642012816437,
        -0.09074147739335835,
        -0.4255705456571665
      ],
      "distance": 0.251962181062674,
      "original_position": [
        0.0008240076055743237,
        -3.405001560230521e-05,
        -0.00020351741835474962
      ]
    },
    "NAUO234": {
      "direction": [
        0.9703938583254956,
        -0.09779928192674998,
        0.22084170842205092
      ],
      "distance": 0.251962181062674,
      "original_position": [
        0.0008240076055743237,
        -3.405001560230513e-05,
        5.64825870096684e-05
      ]
    },
    "NAUO235": {
      "direction": [
        0.9631363331201207,
        -0.2366950992549508,
        -0.12784300455095995
      ],
      "distance": 0.251962181062674,
      "original_position": [
        0.0007954917002387868,
        -8.086984653338278e-05,
        -7.351713435069414e-05
      ]
    },
    "NAUO236": {
      "direction": [
        0.9838869586482558,
        0.12243677649903487,
        -0.13029078387365262
      ],
      "distance": 0.251962181062674,
      "original_position": [
        0.0007962982806680618,
        4.612759148024082e-05,
        -7.351713435069414e-05
      ]
    },
    "NAUO237": {
      "direction": [
        0.9888199212974964,
        -0.06166702467282838,
        -0.13576575898662277
      ],
      "distance": 0.251962181062674,
      "original_position": [
        0.0007840977209697154,
        -1.729619751266571e-05,
        -7.351741567254063e-05
      ]
    },
    "NAUO238": {
      "direction": [
        0.8865943639460346,
        -0.42057531845552737,
        -0.19252749238786163
      ],
      "distance": 0.251962181062674,
      "original_position": [
        0.0006622373213165286,
        -9.602385095047637e-05,
        -7.35174190818741e-05
      ]
    },
    "NAUO239": {
      "direction": [
        0.7967348601334798,
        -0.009570317857315328,
        0.6042532347155404
      ],
      "distance": 0.251962181062674,
      "original_position": [
        0.0009687766662671341,
        -2.8283312203512127e-06,
        0.0003633747276821184
      ]
    },
    "NAUO240": {
      "direction": [
        0.9248015143926648,
        0.37200412325480275,
        -0.07971882624862996
      ],
      "distance": 0.251962181062674,
      "original_position": [
        0.0009805444832339482,
        0.00021569415729451124,
        -7.351741567254152e-05
      ]
    },
    "NAUO241": {
      "direction": [
        0.7597882351962256,
        0.32060602795633997,
        0.5656267430872267
      ],
      "distance": 0.251962181062674,
      "original_position": [
        0.0009829636337930286,
        0.00022712107435637752,
        0.0003667325712740421
      ]
    },
    "NAUO242": {
      "direction": [
        0.7305960955211492,
        -0.008927980348442098,
        -0.6827515187651725
      ],
      "distance": 0.251962181062674,
      "original_position": [
        0.0009687867997097305,
        -2.9359047516701074e-06,
        -0.0005102991640291988
      ]
    },
    "NAUO243": {
      "direction": [
        0.7040789829153102,
        0.2970985277519053,
        -0.6449846902249639
      ],
      "distance": 0.251962181062674,
      "original_position": [
        0.0009829636337930288,
        0.00022712107435637723,
        -0.0005137674175202848
      ]
    },
    "NAUO244": {
      "direction": [
        0.7165783548905358,
        -0.29164265351530744,
        0.6336087309633004
      ],
      "distance": 0.251962181062674,
      "original_position": [
        0.0009782720626654142,
        -0.00021053020254145882,
        0.00043669319525361074
      ]
    },
    "NAUO245": {
      "direction": [
        0.8323657113294246,
        -0.3387673421762127,
        0.4386388155167366
      ],
      "distance": 0.251962181062674,
      "original_position": [
        0.0009782720626654142,
        -0.0002105302025414587,
        0.00024894318357110033
      ]
    },
    "NAUO246": {
      "direction": [
        0.7771295822002393,
        -0.31628660275782716,
        -0.5440885933239126
      ],
      "distance": 0.251962181062674,
      "original_position": [
        0.0009782720626654142,
        -0.00021053020254145892,
        -0.00039597802981734267
      ]
    },
    "NAUO247": {
      "direction": [
        0.6617356753989215,
        -0.26932204549852323,
        -0.6996938842899978
      ],
      "distance": 0.251962181062674,
      "original_position": [
        0.0009782720626654142,
        -0.00021053020254145898,
        -0.0005837280116975307
      ]
    },
    "NAUO248": {
      "direction": [
        0.5842570408726445,
        -0.23725842235732258,
        -0.7761134911926576
      ],
      "distance": 0.251962181062674,
      "original_position": [
        0.0009156796715686472,
        -0.0001846352735729548,
        -0.0006430174098350107
      ]
    },
    "NAUO249": {
      "direction": [
        0.6394088280517161,
        -0.25965477379324037,
        0.7236958954256354
      ],
      "distance": 0.251962181062674,
      "original_position": [
        0.0009156796715686471,
        -0.00018463527357295446,
        0.0004959825887344779
      ]
    },
    "NAUO250": {
      "direction": [
        0.6357126906900098,
        0.2894928116636128,
        0.7155859744927677
      ],
      "distance": 0.251962181062674,
      "original_position": [
        0.0009182200825226445,
        0.00021535668128984682,
        0.0004959825887344778
      ]
    },
    "NAUO251": {
      "direction": [
        0.5819511615332675,
        0.2650107202049255,
        -0.7688316875406134
      ],
      "distance": 0.251962181062674,
      "original_position": [
        0.0009182200825226447,
        0.00021535668128984644,
        -0.0006430174098350108
      ]
    },
    "NAUO252": {
      "direction": [
        0.7498881954371747,
        0.4158576793225596,
        -0.5145192755305025
      ],
      "distance": 0.251962181062674,
      "original_position": [
        0.0009154502242502067,
        0.0002599884175468841,
        -0.00034551738507224866
      ]
    },
    "NAUO253": {
      "direction": [
        0.8039662733389737,
        0.4458471952468053,
        0.3935206599709849
      ],
      "distance": 0.251962181062674,
      "original_position": [
        0.0009154502242502067,
        0.0002599884175468843,
        0.00019848258674965547
      ]
    },
    "NAUO223": {
      "direction": [
        -0.33410759738121176,
        -0.019303543939216048,
        0.9423372467240912
      ],
      "distance": 0.251962181062674,
      "original_position": [
        0.00016325233840074323,
        -1.3353112947879633e-05,
        0.0007883825898170471
      ]
    },
    "NAUO224": {
      "direction": [
        -0.30655949337561494,
        -0.01771191361540519,
        -0.9516866948409896
      ],
      "distance": 0.251962181062674,
      "original_position": [
        0.00016325238882961365,
        -1.33531107484443e-05,
        -0.0009266086159530524
      ]
    },
    "NAUO225": {
      "direction": [
        -0.951316692625034,
        -0.2772109162032836,
        -0.1347243789026414
      ],
      "distance": 0.251962181062674,
      "original_position": [
        0.00017308495479189978,
        -7.81108885329286e-05,
        -6.761741638183594e-05
      ]
    },
    "NAUO226": {
      "direction": [
        -0.9934728769408959,
        0.020240099293400853,
        -0.11225854605940912
      ],
      "distance": 0.251962181062674,
      "original_position": [
        0.000102254150364991,
        1.0510474433115355e-05,
        -6.761741638183594e-05
      ]
    },
    "NAUO227": {
      "direction": [
        -0.9815695831334676,
        0.09956306712468457,
        -0.1631206582009651
      ],
      "distance": 0.251962181062674,
      "original_position": [
        0.00021441790544519466,
        2.7541065226754244e-05,
        -6.761741638183594e-05
      ]
    },
    "NAUO228": {
      "direction": [
        -0.9884534241125328,
        -0.05710930915788556,
        -0.14035082888148023
      ],
      "distance": 0.251962181062674,
      "original_position": [
        0.0001632523383963393,
        -1.3353112918874776e-05,
        -6.911742687225342e-05
      ]
    },
    "NAUO221": {
      "direction": [
        -0.30289109695437494,
        -0.017499968127547432,
        -0.9528644890546139
      ],
      "distance": 0.251962181062674,
      "original_position": [
        0.00016325233876732728,
        -1.335311494745642e-05,
        -0.0009386174082756043
      ]
    },
    "NAUO222": {
      "direction": [
        -0.2906527562878918,
        -0.01679288041948262,
        -0.9566812292657719
      ],
      "distance": 0.251962181062674,
      "original_position": [
        0.00016325233876703682,
        -1.3353114947666585e-05,
        -0.0009807605221713105
      ]
    },
    "NAUO219": {
      "direction": [
        -0.01085609244973868,
        -0.09544116166534104,
        0.9953758736862638
      ],
      "distance": 0.251962181062674,
      "original_position": [
        0.00044228199666962616,
        -8.829498479052863e-05,
        0.0009279825590201654
      ]
    },
    "NAUO220": {
      "direction": [
        -0.011736562935231929,
        -0.30281844499399496,
        0.952975992594717
      ],
      "distance": 0.251962181062674,
      "original_position": [
        0.0004409348294661387,
        -0.0003004087148160097,
        0.0009279825590201654
      ]
    },
    "NAUO217": {
      "direction": [
        0.9852618763527112,
        -0.07325873611720593,
        -0.15457099530133211
      ],
      "distance": 0.251962181062674,
      "original_position": [
        0.0007427332906889991,
        -1.8194024099847195e-05,
        -7.351741557420572e-05
      ]
    },
    "NAUO218": {
      "direction": [
        0.9588099110193137,
        0.24114553986248496,
        -0.15010790497361012
      ],
      "distance": 0.251962181062674,
      "original_position": [
        0.0007433345312331262,
        7.646452042085793e-05,
        -7.351679889775592e-05
      ]
    },
    "NAUO7": {
      "direction": [
        -0.006857866178333115,
        -0.022784136092240944,
        0.9997168863303302
      ],
      "distance": 0.251962181062674,
      "original_position": [
        0.00044615065831102774,
        -1.8417164289648526e-05,
        0.0009279825701243946
      ]
    },
    "NAUO8": {
      "direction": [
        0.9730347267743621,
        -0.09364819011458005,
        -0.2107924025656663
      ],
      "distance": 0.251962181062674,
      "original_position": [
        0.0006627402479264536,
        -1.684352250580963e-05,
        -7.351741939782981e-05
      ]
    },
    "NAUO9": {
      "direction": [
        -0.31133630582117733,
        -0.016912523833098988,
        0.9501492889094941
      ],
      "distance": 0.251962181062674,
      "original_position": [
        0.00016325868504458267,
        -1.2352966990110604e-05,
        0.0008553381522306505
      ]
    },
    "NAUO10": {
      "direction": [
        -0.3117334088770133,
        -0.01769313971614382,
        -0.950004860301726
      ],
      "distance": 0.251962181062674,
      "original_position": [
        0.0001632574427545339,
        -1.3057823480844296e-05,
        -0.0009101174299652688
      ]
    },
    "NAUO11": {
      "direction": [
        -0.2815605156888824,
        -0.015320582605644594,
        0.9594211566114407
      ],
      "distance": 0.251962181062674,
      "original_position": [
        0.00016740150332498525,
        -1.2153809350059208e-05,
        0.0009441703684545023
      ]
    },
    "NAUO219_1": {
      "direction": [
        -0.009920149628472177,
        -0.08721281630156305,
        -0.9961403090449148
      ],
      "distance": 0.251962181062674,
      "original_position": [
        0.0004422819946615813,
        -8.829498231945122e-05,
        -0.0010750174425193109
      ]
    },
    "NAUO220_1": {
      "direction": [
        -0.01079925197311295,
        -0.27863456476148757,
        -0.9603364803426963
      ],
      "distance": 0.251962181062674,
      "original_position": [
        0.0004409348274580939,
        -0.00030040871234493234,
        -0.0010750174425193109
      ]
    },
    "NAUO13": {
      "direction": [
        -0.006262107282785813,
        -0.020804824831079507,
        -0.9997639447770292
      ],
      "distance": 0.251962181062674,
      "original_position": [
        0.00044615065831102774,
        -1.8417164289648526e-05,
        -0.001075017808484309
      ]
    },
    "NAUO14": {
      "direction": [
        -0.3149179651475704,
        -0.017107271488535712,
        0.9489647077154825
      ],
      "distance": 0.251962181062674,
      "original_position": [
        0.00016325868710529795,
        -1.2353135498846621e-05,
        0.0008442026881542889
      ]
    },
    "NAUO15": {
      "direction": [
        -0.28122118821252023,
        -0.016151416865869822,
        -0.9595070479332413
      ],
      "distance": 0.251962181062674,
      "original_position": [
        0.00016325296219213956,
        -1.3253710927673127e-05,
        -0.0010156199657466284
      ]
    },
    "NAUO16": {
      "direction": [
        -0.30848676889181276,
        0.0490129874363931,
        -0.9499650732954603
      ],
      "distance": 0.251962181062674,
      "original_position": [
        0.00015349477529525758,
        5.091032758355141e-05,
        -0.0009494271802072081
      ]
    },
    "NAUO17": {
      "direction": [
        -0.30939923444270956,
        0.04915787321914765,
        -0.9496607906125405
      ],
      "distance": 0.251962181062674,
      "original_position": [
        0.00015349417123726217,
        5.091033792518472e-05,
        -0.0009464173906017096
      ]
    },
    "NAUO18": {
      "direction": [
        -0.31652708120784373,
        0.050293160700247336,
        -0.9472492833720287
      ],
      "distance": 0.251962181062674,
      "original_position": [
        0.00015350733937170624,
        5.091089545555538e-05,
        -0.0009234170030782656
      ]
    },
    "NAUO19": {
      "direction": [
        -0.329902028247847,
        0.06336006839298104,
        -0.9418864865211696
      ],
      "distance": 0.251962181062674,
      "original_position": [
        0.00010378295910790767,
        7.03843356718982e-05,
        -0.001024217366089082
      ]
    },
    "NAUO20": {
      "direction": [
        -0.3296183320879742,
        0.07337266483231986,
        -0.9412588417682705
      ],
      "distance": 0.251962181062674,
      "original_position": [
        0.0001038505455850865,
        8.102605115810823e-05,
        -0.0010242173671722412
      ]
    },
    "NAUO21": {
      "direction": [
        -0.33015292419301373,
        0.05332280275429264,
        -0.9424201426928591
      ],
      "distance": 0.251962181062674,
      "original_position": [
        0.00010371532840005,
        5.973634001307104e-05,
        -0.0010242173671722412
      ]
    },
    "NAUO22": {
      "direction": [
        -0.3587856735976649,
        0.06993689079810289,
        0.9307962568288316
      ],
      "distance": 0.251962181062674,
      "original_position": [
        0.0001037893070146461,
        7.138431534663766e-05,
        0.0008771826039609661
      ]
    },
    "NAUO23": {
      "direction": [
        -0.35842946440112816,
        0.08081487597036359,
        0.9300522968473414
      ],
      "distance": 0.251962181062674,
      "original_position": [
        0.00010385689347975508,
        8.202603083292437e-05,
        0.0008771826028823853
      ]
    },
    "NAUO24": {
      "direction": [
        -0.35909978692118677,
        0.059028006333772164,
        0.9314306401989461
      ],
      "distance": 0.251962181062674,
      "original_position": [
        0.00010372168374529918,
        6.0736319687887175e-05,
        0.0008771826028823853
      ]
    },
    "NAUO25": {
      "direction": [
        -0.3206366360840271,
        0.024051759312018032,
        -0.946896858414218
      ],
      "distance": 0.251962181062674,
      "original_position": [
        0.00012226515268678786,
        2.8158033755693746e-05,
        -0.001003875646412004
      ]
    },
    "NAUO26": {
      "direction": [
        -0.31667470404115267,
        0.023754564367072,
        -0.9482367069947141
      ],
      "distance": 0.251962181062674,
      "original_position": [
        0.00012226515263319017,
        2.815803326666355e-05,
        -0.0010174827585607603
      ]
    },
    "NAUO27": {
      "direction": [
        -0.32646349766554894,
        0.02448884634648335,
        -0.9448925235690007
      ],
      "distance": 0.251962181062674,
      "original_position": [
        0.00012226515263330905,
        2.8158033267569205e-05,
        -0.000984429337337879
      ]
    },
    "NAUO28": {
      "direction": [
        -0.30960545812250434,
        0.04474047222947654,
        0.9498119553077007
      ],
      "distance": 0.251962181062674,
      "original_position": [
        0.0001636238693976061,
        4.514570583378169e-05,
        0.0008588408563729415
      ]
    },
    "NAUO29": {
      "direction": [
        -0.32068301994394066,
        -0.05591764105115525,
        -0.945534567395031
      ],
      "distance": 0.251962181062674,
      "original_position": [
        0.00012174119060630919,
        -5.434030245515316e-05,
        -0.001003875646412004
      ]
    },
    "NAUO30": {
      "direction": [
        -0.2461832701126328,
        0.024091021279909048,
        -0.9689238464452928
      ],
      "distance": 0.251962181062674,
      "original_position": [
        0.0002047634870349896,
        2.7634073537860226e-05,
        -0.001003875646412004
      ]
    },
    "NAUO31": {
      "direction": [
        -0.2463319049186973,
        -0.05773399377440706,
        -0.9674644068811951
      ],
      "distance": 0.251962181062674,
      "original_position": [
        0.00020423953240509152,
        -5.486426081034153e-05,
        -0.001003875646412004
      ]
    },
    "NAUO32": {
      "direction": [
        -0.316731698469125,
        -0.05522864782433913,
        -0.9469059233336532
      ],
      "distance": 0.251962181062674,
      "original_position": [
        0.0001217411905527115,
        -5.4340302944183355e-05,
        -0.0010174827585607603
      ]
    },
    "NAUO33": {
      "direction": [
        -0.24300091049275055,
        0.023779601204354527,
        -0.9697345451546295
      ],
      "distance": 0.251962181062674,
      "original_position": [
        0.0002047634869813919,
        2.763407304883003e-05,
        -0.0010174827585607603
      ]
    },
    "NAUO34": {
      "direction": [
        -0.24315702481063248,
        -0.0569898823139207,
        -0.9683113211147988
      ],
      "distance": 0.251962181062674,
      "original_position": [
        0.00020423953235149383,
        -5.486426129937173e-05,
        -0.0010174827585607603
      ]
    },
    "NAUO35": {
      "direction": [
        -0.30537545504961705,
        0.04412920233815186,
        0.951208938642945
      ],
      "distance": 0.251962181062674,
      "original_position": [
        0.00016362386941909792,
        4.514570534229279e-05,
        0.0008724479089170531
      ]
    },
    "NAUO36": {
      "direction": [
        -0.3165018981805618,
        0.04573706260443304,
        0.9474886118325747
      ],
      "distance": 0.251962181062674,
      "original_position": [
        0.0001636238694186412,
        4.5145705343083835e-05,
        0.0008373945134433782
      ]
    },
    "NAUO37": {
      "direction": [
        -0.2588446627533945,
        -0.0179543904046959,
        0.9657520802096556
      ],
      "distance": 0.251962181062674,
      "original_position": [
        0.00022075752914030978,
        -1.2718318961104019e-05,
        0.0008373945134433782
      ]
    },
    "NAUO38": {
      "direction": [
        -0.3165361710572069,
        -0.0799737565547512,
        0.9452031795730292
      ],
      "distance": 0.251962181062674,
      "original_position": [
        0.00016289350390479937,
        -6.985197216351459e-05,
        0.0008373945134433782
      ]
    },
    "NAUO39": {
      "direction": [
        -0.3720649791560761,
        -0.01647042256151374,
        0.9280605456898994
      ],
      "distance": 0.251962181062674,
      "original_position": [
        0.00010575985163371136,
        -1.1987950653294465e-05,
        0.0008373945134433782
      ]
    },
    "NAUO40": {
      "direction": [
        -0.24941007975326812,
        -0.01729997402779994,
        0.9682434213647444
      ],
      "distance": 0.251962181062674,
      "original_position": [
        0.00022075752913951874,
        -1.2718318961560729e-05,
        0.0008724479089170531
      ]
    },
    "NAUO41": {
      "direction": [
        -0.3054593587231703,
        -0.07717516867031247,
        0.9490724806405137
      ],
      "distance": 0.251962181062674,
      "original_position": [
        0.00016289350390434265,
        -6.985197216272354e-05,
        0.0008724479089170531
      ]
    },
    "NAUO42": {
      "direction": [
        -0.35948953666651473,
        -0.015913737940635265,
        0.933013411464193
      ],
      "distance": 0.251962181062674,
      "original_position": [
        0.00010575985163450241,
        -1.1987950652837757e-05,
        0.0008724479089170531
      ]
    },
    "NAUO43": {
      "direction": [
        -0.3355428301775901,
        0.020178302615842404,
        0.9418088156414529
      ],
      "distance": 0.251962181062674,
      "original_position": [
        0.00012848168613140026,
        2.2868445718146407e-05,
        0.000882029725792132
      ]
    },
    "NAUO44": {
      "direction": [
        -0.33261755879602956,
        0.020002387042208455,
        0.9428496508421602
      ],
      "distance": 0.251962181062674,
      "original_position": [
        0.0001284816861152649,
        2.2868445143103597e-05,
        0.0008910478959470824
      ]
    },
    "NAUO45": {
      "direction": [
        -0.33334786740426303,
        0.020045879241830603,
        0.942590771237684
      ],
      "distance": 0.251962181062674,
      "original_position": [
        0.0001284816861152649,
        2.2868030942130753e-05,
        0.0008887825835263357
      ]
    },
    "NAUO46": {
      "direction": [
        -0.33556140228063197,
        -0.05219463656708531,
        0.9405712440921665
      ],
      "distance": 0.251962181062674,
      "original_position": [
        0.0001280371099871818,
        -4.713014083220855e-05,
        0.000882029725792132
      ]
    },
    "NAUO47": {
      "direction": [
        -0.2690012495885586,
        0.02016039357118709,
        0.9629288064290366
      ],
      "distance": 0.251962181062674,
      "original_position": [
        0.00019848026336852947,
        2.242387329921826e-05,
        0.000882029725792132
      ]
    },
    "NAUO48": {
      "direction": [
        -0.2691015231011251,
        -0.053831679456318754,
        0.9616062190686823
      ],
      "distance": 0.251962181062674,
      "original_position": [
        0.00019803570212547223,
        -4.7574713251136696e-05,
        0.000882029725792132
      ]
    },
    "NAUO49": {
      "direction": [
        -0.33264355225401937,
        -0.05174078244732094,
        0.9416321779631187
      ],
      "distance": 0.251962181062674,
      "original_position": [
        0.00012803710997104644,
        -4.713014140725136e-05,
        0.0008910478959470824
      ]
    },
    "NAUO50": {
      "direction": [
        -0.2665511788617211,
        0.019976771551839436,
        0.9636137180664213
      ],
      "distance": 0.251962181062674,
      "original_position": [
        0.0001984802633523941,
        2.242387272417545e-05,
        0.0008910478959470824
      ]
    },
    "NAUO51": {
      "direction": [
        -0.26665717592675797,
        -0.053342707298388144,
        0.9623141410708068
      ],
      "distance": 0.251962181062674,
      "original_position": [
        0.00019803570210933687,
        -4.7574713826179504e-05,
        0.0008910478959470824
      ]
    },
    "NAUO52": {
      "direction": [
        -0.22454456848903717,
        0.060680000095069436,
        0.9725727090302989
      ],
      "distance": 0.251962181062674,
      "original_position": [
        0.0002437188605712994,
        5.984717485003088e-05,
        0.0008771826028823853
      ]
    },
    "NAUO53": {
      "direction": [
        -0.0758555842751561,
        0.06111689901649351,
        0.995244017811151
      ],
      "distance": 0.251962181062674,
      "original_position": [
        0.00038371602994671897,
        5.895803001217459e-05,
        0.0008771826028823853
      ]
    },
    "NAUO54": {
      "direction": [
        -0.22403730792921756,
        0.08341949064055071,
        0.9710038482092129
      ],
      "distance": 0.251962181062674,
      "original_position": [
        0.00024385407775633588,
        8.113688599506807e-05,
        0.0008771826028823853
      ]
    },
    "NAUO55": {
      "direction": [
        -0.07557904800607243,
        0.0843816244790754,
        0.9935630573611159
      ],
      "distance": 0.251962181062674,
      "original_position": [
        0.0003838512471317555,
        8.024774115721178e-05,
        0.0008771826028823853
      ]
    },
    "NAUO56": {
      "direction": [
        -0.20501925371220606,
        0.05442092496863103,
        -0.9772438122254081
      ],
      "distance": 0.251962181062674,
      "original_position": [
        0.00024371251267663082,
        5.884719517521475e-05,
        -0.0010242173671722412
      ]
    },
    "NAUO57": {
      "direction": [
        -0.06899360781643833,
        0.05458318331346456,
        -0.9961227626050115
      ],
      "distance": 0.251962181062674,
      "original_position": [
        0.0003837096820520504,
        5.795805033735846e-05,
        -0.0010242173671722412
      ]
    },
    "NAUO58": {
      "direction": [
        -0.20461518572856646,
        0.07520575983015944,
        -0.9759491377411186
      ],
      "distance": 0.251962181062674,
      "original_position": [
        0.0002438477149605061,
        8.013690632025194e-05,
        -0.0010242173671722412
      ]
    },
    "NAUO59": {
      "direction": [
        -0.0687636247612931,
        0.0757668164116846,
        -0.9947517044169998
      ],
      "distance": 0.251962181062674,
      "original_position": [
        0.0003838448992370869,
        7.924776148239565e-05,
        -0.0010242173671722412
      ]
    },
    "NAUO60": {
      "direction": [
        -0.33337201656751664,
        -0.05185451616267764,
        0.9413682636052918
      ],
      "distance": 0.251962181062674,
      "original_position": [
        0.00012803710997104644,
        -4.713055560822421e-05,
        0.0008887825835263357
      ]
    },
    "NAUO61": {
      "direction": [
        -0.2671625805327222,
        0.020022157990426226,
        0.9634434434633428
      ],
      "distance": 0.251962181062674,
      "original_position": [
        0.0001984802633523941,
        2.2423458523202607e-05,
        0.0008887825835263357
      ]
    },
    "NAUO62": {
      "direction": [
        -0.26726715785645216,
        -0.05346516415370491,
        0.9621381099163215
      ],
      "distance": 0.251962181062674,
      "original_position": [
        0.00019803570210933687,
        -4.7575128027152354e-05,
        0.0008887825835263357
      ]
    },
    "NAUO63": {
      "direction": [
        -0.3264935098062782,
        -0.056930819229337716,
        -0.9434833702171195
      ],
      "distance": 0.251962181062674,
      "original_position": [
        0.00012174119055283036,
        -5.4340302943277694e-05,
        -0.000984429337337879
      ]
    },
    "NAUO64": {
      "direction": [
        -0.25087372583079903,
        0.024550019755216045,
        -0.9677084634422661
      ],
      "distance": 0.251962181062674,
      "original_position": [
        0.00020476348698151079,
        2.7634073049735684e-05,
        -0.000984429337337879
      ]
    },
    "NAUO65": {
      "direction": [
        -0.25101065959616703,
        -0.05883057650030939,
        -0.9661949141026042
      ],
      "distance": 0.251962181062674,
      "original_position": [
        0.0002042395323516127,
        -5.486426129846607e-05,
        -0.000984429337337879
      ]
    },
    "NAUO66": {
      "direction": [
        -0.20482813272187197,
        0.06482681245181339,
        -0.9766488214465876
      ],
      "distance": 0.251962181062674,
      "original_position": [
        0.0002437801359339079,
        6.949519083404191e-05,
        -0.001024217366089082
      ]
    },
    "NAUO67": {
      "direction": [
        -0.06888238908695712,
        0.0651890911472648,
        -0.9954926412932777
      ],
      "distance": 0.251962181062674,
      "original_position": [
        0.0003837773053093275,
        6.860604599618562e-05,
        -0.001024217366089082
      ]
    },
    "NAUO68": {
      "direction": [
        -0.22430523855263426,
        0.07206695952830022,
        0.9718505611986815
      ],
      "distance": 0.251962181062674,
      "original_position": [
        0.0002437864838406463,
        7.049517050878136e-05,
        0.0008771826039609661
      ]
    },
    "NAUO69": {
      "direction": [
        -0.07572231485261256,
        0.072767474518733,
        0.9944702236294093
      ],
      "distance": 0.251962181062674,
      "original_position": [
        0.00038378365321606594,
        6.960602567092507e-05,
        0.0008771826039609661
      ]
    },
    "NAUO70": {
      "direction": [
        -0.2529924090552522,
        -0.017548457198055915,
        0.9673090987943761
      ],
      "distance": 0.251962181062674,
      "original_position": [
        0.00022075752963100764,
        -1.2718318940068912e-05,
        0.0008588408563729415
      ]
    },
    "NAUO71": {
      "direction": [
        -0.3096711440614049,
        -0.07823928864826327,
        0.9476193308747529
      ],
      "distance": 0.251962181062674,
      "original_position": [
        0.00016289350392583447,
        -6.985197265421244e-05,
        0.0008588408563729415
      ]
    },
    "NAUO72": {
      "direction": [
        -0.36427664705475543,
        -0.01612565181389471,
        0.9311511626820439
      ],
      "distance": 0.251962181062674,
      "original_position": [
        0.0001057598511430135,
        -1.1987950674329556e-05,
        0.0008588408563729415
      ]
    },
    "NAUO73": {
      "direction": [
        0.013234110373578198,
        -0.09113519250424588,
        0.9957505887569608
      ],
      "distance": 0.251962181062674,
      "original_position": [
        0.00046340091290264084,
        -7.026051437985599e-05,
        0.0007764825820919394
      ]
    },
    "NAUO74": {
      "direction": [
        0.02906180696820319,
        -0.09120439498302564,
        0.9954080418157787
      ],
      "distance": 0.251962181062674,
      "original_position": [
        0.00047619671542531065,
        -7.034178308361366e-05,
        0.0007764825820922852
      ]
    },
    "NAUO75": {
      "direction": [
        0.02295815334101552,
        -0.09118041176964346,
        0.9955697141359257
      ],
      "distance": 0.251962181062674,
      "original_position": [
        0.0004712606605787754,
        -7.031043278048004e-05,
        0.0007764825858359399
      ]
    },
    "NAUO76": {
      "direction": [
        0.9086075136585717,
        -0.37987275295103107,
        -0.17357729600553531
      ],
      "distance": 0.251962181062674,
      "original_position": [
        0.0006908828192731857,
        -9.62057813393785e-05,
        -7.351741939751548e-05
      ]
    },
    "NAUO77": {
      "direction": [
        0.8855507030674536,
        -0.4223838481309865,
        -0.19336969032089374
      ],
      "distance": 0.251962181062674,
      "original_position": [
        0.0006610791608396476,
        -9.601649361676884e-05,
        -7.351741688070486e-05
      ]
    },
    "NAUO78": {
      "direction": [
        0.047934156867286234,
        -0.190374900631991,
        0.9805405212507957
      ],
      "distance": 0.251962181062674,
      "original_position": [
        0.0004712606605787754,
        -7.031043278048004e-05,
        0.00035148257391501086
      ]
    },
    "NAUO79": {
      "direction": [
        0.6946254154446003,
        0.71871832278964,
        0.030651340996168553
      ],
      "distance": 0.251962181062674,
      "original_position": [
        0.0004712606605787754,
        -7.031043278048004e-05,
        -7.35174156541763e-05
      ]
    },
    "NAUO80": {
      "direction": [
        0.038926141005995354,
        -0.15459873940248112,
        -0.9872102032098053
      ],
      "distance": 0.251962181062674,
      "original_position": [
        0.0004712606605787754,
        -7.031043278048004e-05,
        -0.0004985174201245247
      ]
    },
    "NAUO81": {
      "direction": [
        0.02064277599628997,
        -0.08198467827321229,
        -0.9964197851947767
      ],
      "distance": 0.251962181062674,
      "original_position": [
        0.0004712606605787754,
        -7.031043278048004e-05,
        -0.0009235174022431312
      ]
    },
    "NAUO82": {
      "direction": [
        0.06064485859280935,
        -0.1903211883156449,
        0.9798469505001172
      ],
      "distance": 0.251962181062674,
      "original_position": [
        0.00047619671542531065,
        -7.034178308361366e-05,
        0.0003514825701713562
      ]
    },
    "NAUO83": {
      "direction": [
        -0.5590827082515499,
        -0.8291118895143841,
        6.123233995736766e-17
      ],
      "distance": 0.251962181062674,
      "original_position": [
        0.00047619671542531065,
        -7.034178308361366e-05,
        -7.351741939783097e-05
      ]
    },
    "NAUO84": {
      "direction": [
        0.049260048633383104,
        -0.1545923464895926,
        -0.9867495396581032
      ],
      "distance": 0.251962181062674,
      "original_position": [
        0.00047619671542531065,
        -7.034178308361366e-05,
        -0.0004985174238681793
      ]
    },
    "NAUO85": {
      "direction": [
        0.0261316760065031,
        -0.08200879259411435,
        -0.9962889608172654
      ],
      "distance": 0.251962181062674,
      "original_position": [
        0.00047619671542531065,
        -7.034178308361366e-05,
        -0.0009235174059867859
      ]
    },
    "NAUO86": {
      "direction": [
        0.02764828118141389,
        -0.1903967366714954,
        0.9813178155992883
      ],
      "distance": 0.251962181062674,
      "original_position": [
        0.00046340091290264084,
        -7.026051437985599e-05,
        0.00035148257017101047
      ]
    },
    "NAUO87": {
      "direction": [
        0.40592997491674204,
        0.9133900321107241,
        -0.030651340996168654
      ],
      "distance": 0.251962181062674,
      "original_position": [
        0.00046340091290264084,
        -7.026051437985599e-05,
        -7.35174193981767e-05
      ]
    },
    "NAUO88": {
      "direction": [
        0.022446422693564824,
        -0.15457473116544704,
        -0.9877260807498157
      ],
      "distance": 0.251962181062674,
      "original_position": [
        0.00046340091290264084,
        -7.026051437985599e-05,
        -0.0004985174238685251
      ]
    },
    "NAUO89": {
      "direction": [
        0.011899008722955934,
        -0.0819411671782127,
        -0.9965661336373434
      ],
      "distance": 0.251962181062674,
      "original_position": [
        0.00046340091290264084,
        -7.026051437985599e-05,
        -0.0009235174059871316
      ]
    },
    "NAUO90": {
      "direction": [
        0.9395463928170287,
        -0.08888482520560777,
        -0.3306842354765015
      ],
      "distance": 0.251962181062674,
      "original_position": [
        0.0006630377200801907,
        -1.65273296179036e-05,
        -0.00010204518916471233
      ]
    },
    "NAUO91": {
      "direction": [
        -0.24164274036472277,
        -0.0426496019227457,
        -0.9694275617522221
      ],
      "distance": 0.251962181062674,
      "original_position": [
        0.0002237852047362458,
        -3.703402340974669e-05,
        -0.0009464173906017096
      ]
    },
    "NAUO92": {
      "direction": [
        -0.3467956091366296,
        -0.05841199672697157,
        -0.9361201013341837
      ],
      "distance": 0.251962181062674,
      "original_position": [
        0.00011247764032762912,
        -5.3935657495847614e-05,
        -0.0009464173906017096
      ]
    },
    "NAUO93": {
      "direction": [
        -0.24090102268843966,
        -0.04251917710000971,
        -0.9696178715588951
      ],
      "distance": 0.251962181062674,
      "original_position": [
        0.00022378489375114442,
        -3.70345413684845e-05,
        -0.0009494271802072081
      ]
    },
    "NAUO94": {
      "direction": [
        -0.34580257620264476,
        -0.058244149595663895,
        -0.9364978362652484
      ],
      "distance": 0.251962181062674,
      "original_position": [
        0.00011247734725475311,
        -5.393512919545175e-05,
        -0.0009494271802072081
      ]
    },
    "NAUO95": {
      "direction": [
        -0.24746859493127113,
        -0.04368932173701593,
        -0.9679103975518095
      ],
      "distance": 0.251962181062674,
      "original_position": [
        0.00022377910350469284,
        -3.704570611362722e-05,
        -0.0009234170030782656
      ]
    },
    "NAUO96": {
      "direction": [
        -0.3545714484877238,
        -0.05970887423331009,
        -0.9331205379023162
      ],
      "distance": 0.251962181062674,
      "original_position": [
        0.00011247057342475592,
        -5.3924532322266095e-05,
        -0.0009234170030782656
      ]
    },
    "NAUO97": {
      "direction": [
        -0.32673757269904413,
        -0.018544735211741912,
        -0.9449331465149602
      ],
      "distance": 0.251962181062674,
      "original_position": [
        0.0001632574427545339,
        -1.3057823480844296e-05,
        -0.0008651174430782906
      ]
    },
    "NAUO98": {
      "direction": [
        -0.34315926618801185,
        -0.019476785832567813,
        -0.9390752753868763
      ],
      "distance": 0.251962181062674,
      "original_position": [
        0.0001632574427545339,
        -1.3057823480844296e-05,
        -0.0008201174412901513
      ]
    },
    "NAUO99": {
      "direction": [
        -0.36119082220776155,
        -0.02050020786842273,
        -0.9322665559968526
      ],
      "distance": 0.251962181062674,
      "original_position": [
        0.0001632574427545339,
        -1.3057823480844296e-05,
        -0.0007751174395020119
      ]
    },
    "NAUO100": {
      "direction": [
        -0.38105601949840423,
        -0.021627702391445666,
        -0.924298951905334
      ],
      "distance": 0.251962181062674,
      "original_position": [
        0.0001632574427545339,
        -1.3057823480844296e-05,
        -0.0007301174377138726
      ]
    },
    "NAUO101": {
      "direction": [
        -0.40301487231654193,
        -0.022874027103054712,
        -0.9149075317078607
      ],
      "distance": 0.251962181062674,
      "original_position": [
        0.0001632574427545339,
        -1.3057823480844296e-05,
        -0.0006851174396510235
      ]
    },
    "NAUO102": {
      "direction": [
        -0.4273683005572065,
        -0.024256261397355705,
        -0.9037521615254198
      ],
      "distance": 0.251962181062674,
      "original_position": [
        0.0001632574427545339,
        -1.3057823480844296e-05,
        -0.000640117440656852
      ]
    },
    "NAUO103": {
      "direction": [
        -0.4544617090839469,
        -0.025794009514174657,
        -0.8903927358473229
      ],
      "distance": 0.251962181062674,
      "original_position": [
        0.0001632574427545339,
        -1.3057823480844296e-05,
        -0.0005951174398000352
      ]
    },
    "NAUO104": {
      "direction": [
        -0.4846856169640279,
        -0.027509436252734814,
        -0.8742557312510204
      ],
      "distance": 0.251962181062674,
      "original_position": [
        0.0001632574427545339,
        -1.3057823480844296e-05,
        -0.0005501174380118958
      ]
    },
    "NAUO105": {
      "direction": [
        -0.5184697790324196,
        -0.029426933327630394,
        -0.8545894592288188
      ],
      "distance": 0.251962181062674,
      "original_position": [
        0.0001632574427545339,
        -1.3057823480844296e-05,
        -0.0005051174436743371
      ]
    },
    "NAUO106": {
      "direction": [
        -0.5562643666743589,
        -0.031572051241272735,
        -0.8304054190266299
      ],
      "distance": 0.251962181062674,
      "original_position": [
        0.0001632574427545339,
        -1.3057823480844296e-05,
        -0.0004601174418861978
      ]
    },
    "NAUO107": {
      "direction": [
        -0.5984967641772976,
        -0.03396904716243182,
        -0.800404727062616
      ],
      "distance": 0.251962181062674,
      "original_position": [
        0.0001632574427545339,
        -1.3057823480844296e-05,
        -0.00041511744009805837
      ]
    },
    "NAUO108": {
      "direction": [
        -0.6454851556062225,
        -0.036635980352505204,
        -0.7628936484436224
      ],
      "distance": 0.251962181062674,
      "original_position": [
        0.0001632574427545339,
        -1.3057823480844296e-05,
        -0.00037011743830991906
      ]
    },
    "NAUO109": {
      "direction": [
        -0.6972798426679171,
        -0.03957570579944328,
        -0.7157056549444616
      ],
      "distance": 0.251962181062674,
      "original_position": [
        0.0001632574427545339,
        -1.3057823480844296e-05,
        -0.0003251174514229409
      ]
    },
    "NAUO110": {
      "direction": [
        -0.7533952846319691,
        -0.042760665533081714,
        -0.6561760972311336
      ],
      "distance": 0.251962181062674,
      "original_position": [
        0.0001632574427545339,
        -1.3057823480844296e-05,
        -0.0002801174347336404
      ]
    },
    "NAUO111": {
      "direction": [
        -0.8124041904127037,
        -0.046109850396636745,
        -0.581268709889221
      ],
      "distance": 0.251962181062674,
      "original_position": [
        0.0001632574427545339,
        -1.3057823480844296e-05,
        -0.00023511744784666223
      ]
    },
    "NAUO112": {
      "direction": [
        -0.8714287532527358,
        -0.04945992391225731,
        -0.4880221756549349
      ],
      "distance": 0.251962181062674,
      "original_position": [
        0.0001632574427545339,
        -1.3057823480844296e-05,
        -0.00019011743115736167
      ]
    },
    "NAUO113": {
      "direction": [
        -0.9257318269402307,
        -0.05254201855597885,
        -0.37451291149433835
      ],
      "distance": 0.251962181062674,
      "original_position": [
        0.0001632574427545339,
        -1.3057823480844296e-05,
        -0.00014511744427038356
      ]
    },
    "NAUO114": {
      "direction": [
        -0.9688811553987617,
        -0.05499105698219312,
        -0.24134061068361778
      ],
      "distance": 0.251962181062674,
      "original_position": [
        0.0001632574427545339,
        -1.3057823480844296e-05,
        -0.000100117427581083
      ]
    },
    "NAUO115": {
      "direction": [
        -0.994059800619277,
        -0.05642012834594146,
        -0.09306923181261668
      ],
      "distance": 0.251962181062674,
      "original_position": [
        0.0001632574427545339,
        -1.3057823480844296e-05,
        -5.511741089178244e-05
      ]
    },
    "NAUO116": {
      "direction": [
        -0.996495652524523,
        -0.056558380669433535,
        0.061624378907835925
      ],
      "distance": 0.251962181062674,
      "original_position": [
        0.0001632574427545339,
        -1.3057823480844296e-05,
        -1.0117453807126668e-05
      ]
    },
    "NAUO117": {
      "direction": [
        -0.9756937785521077,
        -0.0553777229276874,
        0.21202584346738226
      ],
      "distance": 0.251962181062674,
      "original_position": [
        0.0001632574427545339,
        -1.3057823480844296e-05,
        3.488256288217389e-05
      ]
    },
    "NAUO118": {
      "direction": [
        -0.9356906916199461,
        -0.05310725660610357,
        0.34880158960583924
      ],
      "distance": 0.251962181062674,
      "original_position": [
        0.0001632574427545339,
        -1.3057823480844296e-05,
        7.988257957147434e-05
      ]
    },
    "NAUO119": {
      "direction": [
        -0.8831042486365274,
        -0.05012259324829282,
        0.4664918130966294
      ],
      "distance": 0.251962181062674,
      "original_position": [
        0.0001632574427545339,
        -1.3057823480844296e-05,
        0.0001248825366561301
      ]
    },
    "NAUO120": {
      "direction": [
        -0.8245961007522897,
        -0.046801830039826346,
        0.5637826348239566
      ],
      "distance": 0.251962181062674,
      "original_position": [
        0.0001632574427545339,
        -1.3057823480844296e-05,
        0.00016988255334543067
      ]
    },
    "NAUO121": {
      "direction": [
        -0.7652933221282431,
        -0.04343596575363826,
        0.6422144875234176
      ],
      "distance": 0.251962181062674,
      "original_position": [
        0.0001632574427545339,
        -1.3057823480844296e-05,
        0.00021488257003473123
      ]
    },
    "NAUO122": {
      "direction": [
        -0.7084306453770823,
        -0.04020859500753664,
        0.7046341530029114
      ],
      "distance": 0.251962181062674,
      "original_position": [
        0.0001632574427545339,
        -1.3057823480844296e-05,
        0.0002598825867240318
      ]
    },
    "NAUO123": {
      "direction": [
        -0.6556892754048357,
        -0.03721513841556787,
        0.7541131265213409
      ],
      "distance": 0.251962181062674,
      "original_position": [
        0.0001632574427545339,
        -1.3057823480844296e-05,
        0.00030488254380868756
      ]
    },
    "NAUO124": {
      "direction": [
        -0.6077096047950175,
        -0.034491942917555043,
        0.7934099458121607
      ],
      "distance": 0.251962181062674,
      "original_position": [
        0.0001632574427545339,
        -1.3057823480844296e-05,
        0.00034988256049798823
      ]
    },
    "NAUO125": {
      "direction": [
        -0.5645248996507147,
        -0.03204089660695549,
        0.8247939249406319
      ],
      "distance": 0.251962181062674,
      "original_position": [
        0.0001632574427545339,
        -1.3057823480844296e-05,
        0.0003948825771872887
      ]
    },
    "NAUO126": {
      "direction": [
        -0.5258558852945222,
        -0.029846148613295282,
        0.850049878133082
      ],
      "distance": 0.251962181062674,
      "original_position": [
        0.0001632574427545339,
        -1.3057823480844296e-05,
        0.00043988253427194456
      ]
    },
    "NAUO127": {
      "direction": [
        -0.49128845951139366,
        -0.027884195622078927,
        0.8705504702114812
      ],
      "distance": 0.251962181062674,
      "original_position": [
        0.0001632574427545339,
        -1.3057823480844296e-05,
        0.0004848826105658898
      ]
    },
    "NAUO128": {
      "direction": [
        -0.4603727143661142,
        -0.026129502083601222,
        0.8873410916823583
      ],
      "distance": 0.251962181062674,
      "original_position": [
        0.0001632574427545339,
        -1.3057823480844296e-05,
        0.0005298825676505455
      ]
    },
    "NAUO129": {
      "direction": [
        -0.4326725025256931,
        -0.024557313462481342,
        0.9012166464916522
      ],
      "distance": 0.251962181062674,
      "original_position": [
        0.0001632574427545339,
        -1.3057823480844296e-05,
        0.0005748825247352013
      ]
    },
    "NAUO130": {
      "direction": [
        -0.40778843870187237,
        -0.023144961736927275,
        0.9127830519938926
      ],
      "distance": 0.251962181062674,
      "original_position": [
        0.0001632574427545339,
        -1.3057823480844296e-05,
        0.0006198826010291466
      ]
    },
    "NAUO131": {
      "direction": [
        -0.38536593233797717,
        -0.021872321312175626,
        0.9225045798009344
      ],
      "distance": 0.251962181062674,
      "original_position": [
        0.0001632574427545339,
        -1.3057823480844296e-05,
        0.0006648825581138025
      ]
    },
    "NAUO132": {
      "direction": [
        -0.36509513253364484,
        -0.020721805894569133,
        0.9307395720397343
      ],
      "distance": 0.251962181062674,
      "original_position": [
        0.0001632574427545339,
        -1.3057823480844296e-05,
        0.0007098825151984581
      ]
    },
    "NAUO133": {
      "direction": [
        -0.34269415529794045,
        0.1697901412969585,
        0.9239762030718053
      ],
      "distance": 0.251962181062674,
      "original_position": [
        0.0001299410164356232,
        0.00016328804194927214,
        0.000842232597875409
      ]
    },
    "NAUO134": {
      "direction": [
        -0.2544993488591655,
        0.30883805445865353,
        -0.9164328330807745
      ],
      "distance": 0.251962181062674,
      "original_position": [
        0.00020548042968271664,
        0.00030338507168274284,
        -0.0009182674288749695
      ]
    },
    "NAUO135": {
      "direction": [
        -0.2958408768952755,
        0.3590065014281802,
        0.8852076069996985
      ],
      "distance": 0.251962181062674,
      "original_position": [
        0.00020548042968271664,
        0.00030338507168274284,
        0.0007117325663566589
      ]
    },
    "NAUO136": {
      "direction": [
        -0.3514527078933294,
        0.2182076156656631,
        -0.9104210183096348
      ],
      "distance": 0.251962181062674,
      "original_position": [
        8.163426816463472e-05,
        0.00023376081883907316,
        -0.000989267395925708
      ]
    },
    "NAUO137": {
      "direction": [
        -0.3467079776726771,
        -0.0196782010364648,
        0.9377666802686534
      ],
      "distance": 0.251962181062674,
      "original_position": [
        0.0001632574427545339,
        -1.3057823480844296e-05,
        0.0007548825914924034
      ]
    },
    "NAUO138": {
      "direction": [
        -0.05234876877018134,
        -0.006025834964856266,
        -0.9986106827594138
      ],
      "distance": 0.251962181062674,
      "original_position": [
        0.00039782316659467545,
        -2.9471946470513866e-06,
        -0.0010750184671832327
      ]
    },
    "NAUO139": {
      "direction": [
        -0.05731598607625464,
        -0.006597608330766357,
        0.9983342873528988
      ],
      "distance": 0.251962181062674,
      "original_position": [
        0.00039782316659467545,
        -2.9471946470513866e-06,
        0.0009279819114254709
      ]
    },
    "NAUO140": {
      "direction": [
        0.9412526651776042,
        -0.3041776601843093,
        -0.1466948238379795
      ],
      "distance": 0.251962181062674,
      "original_position": [
        0.0007496159500400638,
        -9.257870211775624e-05,
        -7.42906245319906e-05
      ]
    },
    "NAUO141": {
      "direction": [
        0.01997237321256212,
        -0.09116744185915361,
        0.9956352755166502
      ],
      "distance": 0.251962181062674,
      "original_position": [
        0.0004688468484174628,
        -7.029510059243845e-05,
        0.0007764825820922852
      ]
    },
    "NAUO142": {
      "direction": [
        0.0417093973311948,
        -0.19038994593693742,
        0.9808221014334855
      ],
      "distance": 0.251962181062674,
      "original_position": [
        0.0004688468484174628,
        -7.029510059243845e-05,
        0.0003514825701713562
      ]
    },
    "NAUO143": {
      "direction": [
        -0.7949246215768238,
        -0.39586144977337395,
        -0.4597701149425287
      ],
      "distance": 0.251962181062674,
      "original_position": [
        0.0004688468484174628,
        -7.029510059243845e-05,
        -7.351741939783097e-05
      ]
    },
    "NAUO144": {
      "direction": [
        0.033867855175671695,
        -0.1545958351949999,
        -0.987397131921174
      ],
      "distance": 0.251962181062674,
      "original_position": [
        0.0004688468484174628,
        -7.029510059243845e-05,
        -0.0004985174238681793
      ]
    },
    "NAUO145": {
      "direction": [
        0.017957891314465575,
        -0.0819719817419994,
        -0.9964728337234423
      ],
      "distance": 0.251962181062674,
      "original_position": [
        0.0004688468484174628,
        -7.029510059243845e-05,
        -0.0009235174059867859
      ]
    },
    "NAUO207": {
      "direction": [
        -0.34186744866989155,
        0.2989786573646077,
        0.8909199795606761
      ],
      "distance": 0.251962181062674,
      "original_position": [
        0.00012364307691689163,
        0.00029115345917892415,
        0.0008295403192012398
      ]
    },
    "NAUO208": {
      "direction": [
        -0.11931228813991049,
        0.2686415830311884,
        0.9558223044924804
      ],
      "distance": 0.251962181062674,
      "original_position": [
        0.00034565857825365204,
        0.0002444027831408191,
        0.0008295709491310966
      ]
    },
    "NAUO209": {
      "direction": [
        -0.25854948333921574,
        0.17973191470546357,
        0.9491304459879751
      ],
      "distance": 0.251962181062674,
      "original_position": [
        0.00021490354469681956,
        0.0001686819885923992,
        0.0008449607254957812
      ]
    },
    "NAUO210": {
      "direction": [
        -0.027069987418883813,
        0.15546620335249384,
        0.9874702402585622
      ],
      "distance": 0.251962181062674,
      "original_position": [
        0.0004291982669609244,
        0.00013839351835175554,
        0.0008296035366190699
      ]
    },
    "NAUO211": {
      "direction": [
        -0.2473194133310711,
        0.31225932038733784,
        0.9172389135992937
      ],
      "distance": 0.251962181062674,
      "original_position": [
        0.00022365398385390257,
        0.00029256932570660346,
        0.0008214825595481259
      ]
    },
    "NAUO212": {
      "direction": [
        -0.16446081961877262,
        0.29774272956376535,
        0.9403732800341789
      ],
      "distance": 0.251962181062674,
      "original_position": [
        0.0003041405417041578,
        0.0002723408996362396,
        0.0008214825622633028
      ]
    },
    "NAUO213": {
      "direction": [
        -0.07208856962476688,
        0.24645010817402052,
        0.9664706836270144
      ],
      "distance": 0.251962181062674,
      "original_position": [
        0.00038934485109059044,
        0.0002199932109018144,
        0.000821482564285196
      ]
    },
    "NAUO214": {
      "direction": [
        -0.03243314860222092,
        0.20144899060187862,
        0.9789618966319529
      ],
      "distance": 0.251962181062674,
      "original_position": [
        0.0004245645777715942,
        0.00017817919596509733,
        0.0008214825668459092
      ]
    },
    "NAUO215": {
      "direction": [
        -0.017254422203932522,
        0.11220367059772128,
        0.993535415180962
      ],
      "distance": 0.251962181062674,
      "original_position": [
        0.00043795563136068895,
        9.930785053192843e-05,
        0.0008214825670497798
      ]
    },
    "NAUO216": {
      "direction": [
        -0.43118867653777293,
        0.29191649236707673,
        0.8537336157781925
      ],
      "distance": 0.251962181062674,
      "original_position": [
        2.365820369281152e-05,
        0.00029383952993070745,
        0.0008214825578056396
      ]
    },
    "NAUO197": {
      "direction": [
        -0.3151509931323586,
        0.2746509995213102,
        -0.9084308889451268
      ],
      "distance": 0.251962181062674,
      "original_position": [
        0.00012363690567184424,
        0.0002901534228940838,
        -0.000976575202700384
      ]
    },
    "NAUO198": {
      "direction": [
        -0.10876101842087135,
        0.24385444044247806,
        -0.9636939621832964
      ],
      "distance": 0.251962181062674,
      "original_position": [
        0.0003456524070086046,
        0.00024340274685597822,
        -0.0009766058326302401
      ]
    },
    "NAUO199": {
      "direction": [
        -0.23631891414419745,
        0.16331844540119614,
        -0.9578520012034448
      ],
      "distance": 0.251962181062674,
      "original_position": [
        0.0002148815048303972,
        0.00016773140186963144,
        -0.0009919825607304002
      ]
    },
    "NAUO200": {
      "direction": [
        -0.024539572927419415,
        0.13985037055877386,
        -0.9898685181452704
      ],
      "distance": 0.251962181062674,
      "original_position": [
        0.00042919161888832524,
        0.00013739348509532034,
        -0.0009766384201182077
      ]
    },
    "NAUO201": {
      "direction": [
        -0.39967668019189745,
        0.26964729235670803,
        -0.8760986753987704
      ],
      "distance": 0.251962181062674,
      "original_position": [
        2.3652032537920742e-05,
        0.00029283949364529443,
        -0.000968517440014455
      ]
    },
    "NAUO202": {
      "direction": [
        -0.06553441973562688,
        0.2229856614668013,
        -0.9726163861513581
      ],
      "distance": 0.251962181062674,
      "original_position": [
        0.0003893382013910337,
        0.00021899317864495284,
        -0.0009685174376714167
      ]
    },
    "NAUO203": {
      "direction": [
        -0.15020360176223077,
        0.27090891696725494,
        -0.9508139863954895
      ],
      "distance": 0.251962181062674,
      "original_position": [
        0.00030413437121988075,
        0.0002713408628839959,
        -0.0009685174355096373
      ]
    },
    "NAUO204": {
      "direction": [
        -0.015611654271951362,
        0.10042067885931406,
        -0.9948225789095901
      ],
      "distance": 0.251962181062674,
      "original_position": [
        0.0004379494597196202,
        9.830781657956597e-05,
        -0.0009685174323633512
      ]
    },
    "NAUO205": {
      "direction": [
        -0.029420006469194526,
        0.18164853700843295,
        -0.9829233297780903
      ],
      "distance": 0.251962181062674,
      "original_position": [
        0.0004245584067757065,
        0.00017717915821276143,
        -0.0009685174320667411
      ]
    },
    "NAUO206": {
      "direction": [
        -0.22679649624684164,
        0.28534973185209517,
        -0.9312029208620933
      ],
      "distance": 0.251962181062674,
      "original_position": [
        0.0002236478124542319,
        0.0002915692894227447,
        -0.000968517441763071
      ]
    },
    "NAUO148": {
      "direction": [
        -0.6326065664114578,
        0.7542724995549783,
        -0.17573254834603363
      ],
      "distance": 0.251962181062674,
      "original_position": [
        0.00028801665853968956,
        0.00019973696668368538,
        -7.376741617917959e-05
      ]
    },
    "NAUO149": {
      "direction": [
        -0.4297883445232971,
        0.30153324399128295,
        0.851093227372899
      ],
      "distance": 0.251962181062674,
      "original_position": [
        2.3724829338852623e-05,
        0.0003043394295465369,
        0.0008214825987815857
      ]
    },
    "NAUO150": {
      "direction": [
        -0.4301700339367718,
        0.2989445589873382,
        0.851813296770309
      ],
      "distance": 0.251962181062674,
      "original_position": [
        2.3706813147449876e-05,
        0.000301503354023997,
        0.0008214825973253265
      ]
    },
    "NAUO151": {
      "direction": [
        -0.42953809735626647,
        0.30321834471682146,
        0.8506207488339027
      ],
      "distance": 0.251962181062674,
      "original_position": [
        2.3736579035017933e-05,
        0.000306189404650218,
        0.0008214823771454771
      ]
    },
    "NAUO152": {
      "direction": [
        -0.24636524115133474,
        0.32244207478715153,
        0.913966780774554
      ],
      "distance": 0.251962181062674,
      "original_position": [
        0.00022372079410440133,
        0.0003030692247640509,
        0.0008214825987815857
      ]
    },
    "NAUO153": {
      "direction": [
        -0.1580579302286464,
        0.3070280257793916,
        0.9384836077832397
      ],
      "distance": 0.251962181062674,
      "original_position": [
        0.00030963717870327367,
        0.0002812873914651495,
        0.0008214825987815857
      ]
    },
    "NAUO154": {
      "direction": [
        -0.06569577358308873,
        0.2560837681790039,
        0.9644196021486507
      ],
      "distance": 0.251962181062674,
      "original_position": [
        0.0003948411243400229,
        0.00022893964199348504,
        0.0008214825987815857
      ]
    },
    "NAUO155": {
      "direction": [
        -0.020501796411762672,
        0.20345535643352697,
        0.9788695491649524
      ],
      "distance": 0.251962181062674,
      "original_position": [
        0.0004349164004302266,
        0.0001799368943194148,
        0.0008214825987815857
      ]
    },
    "NAUO156": {
      "direction": [
        -0.0051467126622195495,
        0.11424838079924758,
        0.9934388853037326
      ],
      "distance": 0.251962181062674,
      "original_position": [
        0.00044830762696030166,
        0.00010106562926566572,
        0.0008214825987815857
      ]
    },
    "NAUO157": {
      "direction": [
        -0.24619502759306,
        0.3242248598120072,
        0.9133817650185143
      ],
      "distance": 0.251962181062674,
      "original_position": [
        0.00022373249622733066,
        0.0003049192001343872,
        0.000821482381158681
      ]
    },
    "NAUO158": {
      "direction": [
        -0.15693050241514084,
        0.3086560765122154,
        0.9381387124747688
      ],
      "distance": 0.251962181062674,
      "original_position": [
        0.00031060551710615633,
        0.0002828637270451994,
        0.0008214824047155733
      ]
    },
    "NAUO159": {
      "direction": [
        -0.064571430551783,
        0.2577733542735411,
        0.9640453455014778
      ],
      "distance": 0.251962181062674,
      "original_position": [
        0.00039580942146493707,
        0.00023051600293395687,
        0.0008214824408520982
      ]
    },
    "NAUO160": {
      "direction": [
        -0.018399585479918407,
        0.20380595148078445,
        0.978838387781752
      ],
      "distance": 0.251962181062674,
      "original_position": [
        0.00043674027115327764,
        0.00018024677493601982,
        0.0008214825521251302
      ]
    },
    "NAUO161": {
      "direction": [
        -0.0030137084367021323,
        0.11460701811300736,
        0.9934063362797237
      ],
      "distance": 0.251962181062674,
      "original_position": [
        0.00045013149685209917,
        0.00010137551477816347,
        0.0008214825983115544
      ]
    },
    "NAUO162": {
      "direction": [
        -0.24662506638231338,
        0.319702457100432,
        0.9148586861127057
      ],
      "distance": 0.251962181062674,
      "original_position": [
        0.0002237027739743467,
        0.00030023314924286623,
        0.0008214825980056116
      ]
    },
    "NAUO163": {
      "direction": [
        -0.15978691302687476,
        0.30452759796389794,
        0.9390053697949126
      ],
      "distance": 0.251962181062674,
      "original_position": [
        0.0003081524994925954,
        0.00027887087728670315,
        0.0008214825991738245
      ]
    },
    "NAUO164": {
      "direction": [
        -0.06742086084572432,
        0.25348911330262736,
        0.9649858532433878
      ],
      "distance": 0.251962181062674,
      "original_position": [
        0.0003933564453376652,
        0.0002265231425882118,
        0.0008214826001657862
      ]
    },
    "NAUO165": {
      "direction": [
        -0.023724696035696612,
        0.20291641150865905,
        0.9789086110247791
      ],
      "distance": 0.251962181062674,
      "original_position": [
        0.00043212026770414333,
        0.00017946215121412377,
        0.000821482601849567
      ]
    },
    "NAUO166": {
      "direction": [
        -0.008416966472506116,
        0.1136978692195548,
        0.9934797175636418
      ],
      "distance": 0.251962181062674,
      "original_position": [
        0.00044551149434916604,
        0.00010059088548335847,
        0.0008214826022303773
      ]
    },
    "NAUO167": {
      "direction": [
        -0.007611681263805445,
        0.10281993443837593,
        -0.9946708618384407
      ],
      "distance": 0.251962181062674,
      "original_position": [
        0.00044551149434916604,
        0.00010059088548335847,
        -0.0009685174192272948
      ]
    },
    "NAUO168": {
      "direction": [
        -0.021511997125380874,
        0.18399128294411063,
        -0.9826924451629094
      ],
      "distance": 0.251962181062674,
      "original_position": [
        0.00043212026770414333,
        0.00017946215121412377,
        -0.0009685174196081051
      ]
    },
    "NAUO169": {
      "direction": [
        -0.06128691350707829,
        0.23042668347877263,
        -0.9711577924177663
      ],
      "distance": 0.251962181062674,
      "original_position": [
        0.0003933564453376652,
        0.0002265231425882118,
        -0.0009685174212918859
      ]
    },
    "NAUO170": {
      "direction": [
        -0.1459242341615774,
        0.2781076101424681,
        -0.949401008565507
      ],
      "distance": 0.251962181062674,
      "original_position": [
        0.0003081524994925954,
        0.00027887087728670315,
        -0.0009685174222838477
      ]
    },
    "NAUO171": {
      "direction": [
        -0.22618359034600086,
        0.29320397415450955,
        -0.9289092598301484
      ],
      "distance": 0.251962181062674,
      "original_position": [
        0.0002237027739743467,
        0.00030023314924286623,
        -0.0009685174234520605
      ]
    },
    "NAUO172": {
      "direction": [
        -0.002725411419619112,
        0.10364349521332171,
        -0.9946107771548426
      ],
      "distance": 0.251962181062674,
      "original_position": [
        0.00045013149685209917,
        0.00010137551477816347,
        -0.0009685174231461178
      ]
    },
    "NAUO173": {
      "direction": [
        -0.01668374743726776,
        0.18480019696250966,
        -0.9826344894079727
      ],
      "distance": 0.251962181062674,
      "original_position": [
        0.00043674027115327764,
        0.00018024677493601982,
        -0.0009685174693325419
      ]
    },
    "NAUO174": {
      "direction": [
        -0.05870663821908117,
        0.23436072149152581,
        -0.9703754854956845
      ],
      "distance": 0.251962181062674,
      "original_position": [
        0.00039580942146493707,
        0.00023051600293395687,
        -0.0009685175806055739
      ]
    },
    "NAUO175": {
      "direction": [
        -0.14333753247336012,
        0.28192097590519843,
        -0.9486700770705846
      ],
      "distance": 0.251962181062674,
      "original_position": [
        0.00031060551710615633,
        0.0002828637270451994,
        -0.0009685176167420988
      ]
    },
    "NAUO176": {
      "direction": [
        -0.22584699648500203,
        0.2974276592431748,
        -0.9276475201798523
      ],
      "distance": 0.251962181062674,
      "original_position": [
        0.00022373249622733066,
        0.0003049192001343872,
        -0.0009685176402989911
      ]
    },
    "NAUO177": {
      "direction": [
        -0.004654340672479458,
        0.10331854922119132,
        -0.9946374286642007
      ],
      "distance": 0.251962181062674,
      "original_position": [
        0.00044830762696030166,
        0.00010106562926566572,
        -0.0009685174226760864
      ]
    },
    "NAUO178": {
      "direction": [
        -0.018589815081355942,
        0.18448127068712064,
        -0.9826602055343986
      ],
      "distance": 0.251962181062674,
      "original_position": [
        0.0004349164004302266,
        0.0001799368943194148,
        -0.0009685174226760864
      ]
    },
    "NAUO179": {
      "direction": [
        -0.05972485991368123,
        0.23280899739029365,
        -0.9706868248010876
      ],
      "distance": 0.251962181062674,
      "original_position": [
        0.0003948411243400229,
        0.00022893964199348504,
        -0.0009685174226760864
      ]
    },
    "NAUO180": {
      "direction": [
        -0.14435856445999656,
        0.28041696475705746,
        -0.9489609742995169
      ],
      "distance": 0.251962181062674,
      "original_position": [
        0.00030963717870327367,
        0.0002812873914651495,
        -0.0009685174226760864
      ]
    },
    "NAUO181": {
      "direction": [
        -0.22598029396293373,
        0.2957623181983681,
        -0.92814737939314
      ],
      "distance": 0.251962181062674,
      "original_position": [
        0.00022372079410440133,
        0.0003030692247640509,
        -0.0009685174226760864
      ]
    },
    "NAUO182": {
      "direction": [
        -0.3982464619180444,
        0.28112904004406214,
        -0.8731358533548281
      ],
      "distance": 0.251962181062674,
      "original_position": [
        2.3736579035017933e-05,
        0.000306189404650218,
        -0.0009685176443121951
      ]
    },
    "NAUO183": {
      "direction": [
        -0.39875398022214326,
        0.27711212627022663,
        -0.8741876987987149
      ],
      "distance": 0.251962181062674,
      "original_position": [
        2.3706813147449876e-05,
        0.000301503354023997,
        -0.0009685174241323457
      ]
    },
    "NAUO184": {
      "direction": [
        -0.39844755097505297,
        0.279544999618707,
        -0.8735525984794273
      ],
      "distance": 0.251962181062674,
      "original_position": [
        2.3724829338852623e-05,
        0.0003043394295465369,
        -0.0009685174226760864
      ]
    },
    "NAUO195": {
      "direction": [
        -0.32982991548312773,
        -0.019056397288023365,
        0.9438480177310296
      ],
      "distance": 0.251962181062674,
      "original_position": [
        0.00016325233879758882,
        -1.3353115148818793e-05,
        0.0008002966134228064
      ]
    },
    "NAUO196": {
      "direction": [
        -0.3242163567735168,
        -0.019227104228336626,
        0.9457875408692485
      ],
      "distance": 0.251962181062674,
      "original_position": [
        0.0001633222654260287,
        -1.3790932306540319e-05,
        0.0008161658342803609
      ]
    },
    "NAUO186": {
      "direction": [
        -0.38525040906311303,
        -0.06487559032694155,
        0.9205288045989842
      ],
      "distance": 0.251962181062674,
      "original_position": [
        0.00011248118753640745,
        -5.392315293868365e-05,
        0.0007849321674535707
      ]
    },
    "NAUO187": {
      "direction": [
        -0.3752561511500276,
        -0.0632057345157896,
        0.9247636758374472
      ],
      "distance": 0.251962181062674,
      "original_position": [
        0.0001124773472547531,
        -5.393573334195957e-05,
        0.0008104326121974737
      ]
    },
    "NAUO188": {
      "direction": [
        -0.3764423804995746,
        -0.06340486691781146,
        0.9242677950761607
      ],
      "distance": 0.251962181062674,
      "original_position": [
        0.00011247734725475311,
        -5.393512919545173e-05,
        0.0008073423432473693
      ]
    },
    "NAUO189": {
      "direction": [
        -0.3448792915946095,
        0.05478591546161583,
        0.9370468385818465
      ],
      "distance": 0.251962181062674,
      "original_position": [
        0.00015350322689699748,
        5.0901013673573923e-05,
        0.0007849321674535707
      ]
    },
    "NAUO190": {
      "direction": [
        -0.2707583890785414,
        -0.0477896032886956,
        0.9614603728501255
      ],
      "distance": 0.251962181062674,
      "original_position": [
        0.00022377260186774958,
        -3.703720371564995e-05,
        0.0007849321674535707
      ]
    },
    "NAUO191": {
      "direction": [
        -0.3356269891896392,
        0.053325324858131205,
        0.9404844144674981
      ],
      "distance": 0.251962181062674,
      "original_position": [
        0.00015349425208904357,
        5.091062965680534e-05,
        0.0008104326121974737
      ]
    },
    "NAUO192": {
      "direction": [
        -0.263106348138511,
        -0.04643818951078519,
        0.9636485584092248
      ],
      "distance": 0.251962181062674,
      "original_position": [
        0.00022378541695735842,
        -3.703423929523059e-05,
        0.0008104326121974737
      ]
    },
    "NAUO193": {
      "direction": [
        -0.3367239725764025,
        0.05349937015680417,
        0.9400823281421641
      ],
      "distance": 0.251962181062674,
      "original_position": [
        0.00015349477529525758,
        5.091032758355141e-05,
        0.0008073423432473693
      ]
    },
    "NAUO194": {
      "direction": [
        -0.2640103865711679,
        -0.046597993888052504,
        0.963393555484025
      ],
      "distance": 0.251962181062674,
      "original_position": [
        0.00022378489375114442,
        -3.703454136848449e-05,
        0.0008073423432473693
      ]
    }
  },
  "steps": [],
  "colors": {
    "part_000": "#FF6B6B",
    "part_001": "#4ECDC4",
    "part_002": "#45B7D1",
    "part_003": "#FFA07A",
    "part_004": "#98D8C8",
    "part_005": "#F7DC6F",
    "part_006": "#BB8FCE",
    "part_007": "#85C1E2",
    "part_008": "#FF6B6B",
    "part_009": "#4ECDC4",
    "part_010": "#45B7D1",
    "part_011": "#FFA07A",
    "part_012": "#98D8C8",
    "part_013": "#F7DC6F",
    "part_014": "#BB8FCE",
    "part_015": "#85C1E2",
    "part_016": "#FF6B6B",
    "part_017": "#4ECDC4",
    "part_018": "#45B7D1",
    "part_019": "#FFA07A",
    "part_020": "#98D8C8",
    "part_021": "#F7DC6F",
    "part_022": "#BB8FCE",
    "part_023": "#85C1E2",
    "part_024": "#FF6B6B",
    "part_025": "#4ECDC4",
    "part_026": "#45B7D1",
    "part_027": "#FFA07A",
    "part_028": "#98D8C8",
    "part_029": "#F7DC6F",
    "part_030": "#BB8FCE",
    "part_031": "#85C1E2",
    "part_032": "#FF6B6B",
    "part_033": "#4ECDC4",
    "part_034": "#45B7D1",
    "part_035": "#FFA07A",
    "part_036": "#98D8C8",
    "part_037": "#F7DC6F",
    "part_038": "#BB8FCE",
    "part_039": "#85C1E2",
    "part_040": "#FF6B6B",
    "part_041": "#4ECDC4",
    "part_042": "#45B7D1",
    "part_043": "#FFA07A",
    "part_044": "#98D8C8",
    "part_045": "#F7DC6F",
    "part_046": "#BB8FCE",
    "part_047": "#85C1E2",
    "part_048": "#FF6B6B",
    "part_049": "#4ECDC4",
    "part_050": "#45B7D1",
    "part_051": "#FFA07A",
    "part_052": "#98D8C8",
    "part_053": "#F7DC6F",
    "part_054": "#BB8FCE",
    "part_055": "#85C1E2",
    "part_056": "#FF6B6B",
    "part_057": "#4ECDC4",
    "part_058": "#45B7D1",
    "part_059": "#FFA07A",
    "part_060": "#98D8C8",
    "part_061": "#F7DC6F",
    "part_062": "#BB8FCE",
    "part_063": "#85C1E2",
    "part_064": "#FF6B6B",
    "part_065": "#4ECDC4",
    "part_066": "#45B7D1",
    "part_067": "#FFA07A",
    "part_068": "#98D8C8",
    "part_069": "#F7DC6F",
    "part_070": "#BB8FCE",
    "part_071": "#85C1E2",
    "part_072": "#FF6B6B",
    "part_073": "#4ECDC4",
    "part_074": "#45B7D1",
    "part_075": "#FFA07A",
    "part_076": "#98D8C8",
    "part_077": "#F7DC6F",
    "part_078": "#BB8FCE",
    "part_079": "#85C1E2",
    "part_080": "#FF6B6B",
    "part_081": "#4ECDC4",
    "part_082": "#45B7D1",
    "part_083": "#FFA07A",
    "part_084": "#98D8C8",
    "part_085": "#F7DC6F",
    "part_086": "#BB8FCE",
    "part_087": "#85C1E2",
    "part_088": "#FF6B6B",
    "part_089": "#4ECDC4",
    "part_090": "#45B7D1",
    "part_091": "#FFA07A",
    "part_092": "#98D8C8",
    "part_093": "#F7DC6F",
    "part_094": "#BB8FCE",
    "part_095": "#85C1E2",
    "part_096": "#FF6B6B",
    "part_097": "#4ECDC4",
    "part_098": "#45B7D1",
    "part_099": "#FFA07A",
    "part_100": "#98D8C8",
    "part_101": "#F7DC6F",
    "part_102": "#BB8FCE",
    "part_103": "#85C1E2",
    "part_104": "#FF6B6B",
    "part_105": "#4ECDC4",
    "part_106": "#45B7D1",
    "part_107": "#FFA07A",
    "part_108": "#98D8C8",
    "part_109": "#F7DC6F",
    "part_110": "#BB8FCE",
    "part_111": "#85C1E2",
    "part_112": "#FF6B6B",
    "part_113": "#4ECDC4",
    "part_114": "#45B7D1",
    "part_115": "#FFA07A",
    "part_116": "#98D8C8",
    "part_117": "#F7DC6F",
    "part_118": "#BB8FCE",
    "part_119": "#85C1E2",
    "part_120": "#FF6B6B",
    "part_121": "#4ECDC4",
    "part_122": "#45B7D1",
    "part_123": "#FFA07A",
    "part_124": "#98D8C8",
    "part_125": "#F7DC6F",
    "part_126": "#BB8FCE",
    "part_127": "#85C1E2",
    "part_128": "#FF6B6B",
    "part_129": "#4ECDC4",
    "part_130": "#45B7D1",
    "part_131": "#FFA07A",
    "part_132": "#98D8C8",
    "part_133": "#F7DC6F",
    "part_134": "#BB8FCE",
    "part_135": "#85C1E2",
    "part_136": "#FF6B6B",
    "part_137": "#4ECDC4",
    "part_138": "#45B7D1",
    "part_139": "#FFA07A",
    "part_140": "#98D8C8",
    "part_141": "#F7DC6F",
    "part_142": "#BB8FCE",
    "part_143": "#85C1E2",
    "part_144": "#FF6B6B",
    "part_145": "#4ECDC4",
    "part_146": "#45B7D1",
    "part_147": "#FFA07A",
    "part_148": "#98D8C8",
    "part_149": "#F7DC6F",
    "part_150": "#BB8FCE",
    "part_151": "#85C1E2",
    "part_152": "#FF6B6B",
    "part_153": "#4ECDC4",
    "part_154": "#45B7D1",
    "part_155": "#FFA07A",
    "part_156": "#98D8C8",
    "part_157": "#F7DC6F",
    "part_158": "#BB8FCE",
    "part_159": "#85C1E2",
    "part_160": "#FF6B6B",
    "part_161": "#4ECDC4",
    "part_162": "#45B7D1",
    "part_163": "#FFA07A",
    "part_164": "#98D8C8",
    "part_165": "#F7DC6F",
    "part_166": "#BB8FCE",
    "part_167": "#85C1E2",
    "part_168": "#FF6B6B",
    "part_169": "#4ECDC4",
    "part_170": "#45B7D1",
    "part_171": "#FFA07A",
    "part_172": "#98D8C8",
    "part_173": "#F7DC6F",
    "part_174": "#BB8FCE",
    "part_175": "#85C1E2",
    "part_176": "#FF6B6B",
    "part_177": "#4ECDC4",
    "part_178": "#45B7D1",
    "part_179": "#FFA07A",
    "part_180": "#98D8C8",
    "part_181": "#F7DC6F",
    "part_182": "#BB8FCE",
    "part_183": "#85C1E2",
    "part_184": "#FF6B6B",
    "part_185": "#4ECDC4",
    "part_186": "#45B7D1",
    "part_187": "#FFA07A",
    "part_188": "#98D8C8",
    "part_189": "#F7DC6F",
    "part_190": "#BB8FCE",
    "part_191": "#85C1E2",
    "part_192": "#FF6B6B",
    "part_193": "#4ECDC4",
    "part_194": "#45B7D1",
    "part_195": "#FFA07A",
    "part_196": "#98D8C8",
    "part_197": "#F7DC6F",
    "part_198": "#BB8FCE",
    "part_199": "#85C1E2",
    "part_200": "#FF6B6B",
    "part_201": "#4ECDC4",
    "part_202": "#45B7D1",
    "part_203": "#FFA07A",
    "part_204": "#98D8C8",
    "part_205": "#F7DC6F",
    "part_206": "#BB8FCE",
    "part_207": "#85C1E2",
    "part_208": "#FF6B6B",
    "part_209": "#4ECDC4",
    "part_210": "#45B7D1",
    "part_211": "#FFA07A",
    "part_212": "#98D8C8",
    "part_213": "#F7DC6F",
    "part_214": "#BB8FCE",
    "part_215": "#85C1E2",
    "part_216": "#FF6B6B",
    "part_217": "#4ECDC4",
    "part_218": "#45B7D1",
    "part_219": "#FFA07A",
    "part_220": "#98D8C8",
    "part_221": "#F7DC6F",
    "part_222": "#BB8FCE",
    "part_223": "#85C1E2",
    "part_224": "#FF6B6B",
    "part_225": "#4ECDC4",
    "part_226": "#45B7D1",
    "part_227": "#FFA07A",
    "part_228": "#98D8C8",
    "part_229": "#F7DC6F",
    "part_230": "#BB8FCE",
    "part_231": "#85C1E2",
    "part_232": "#FF6B6B",
    "part_233": "#4ECDC4",
    "part_234": "#45B7D1",
    "part_235": "#FFA07A",
    "part_236": "#98D8C8",
    "part_237": "#F7DC6F",
    "part_238": "#BB8FCE",
    "part_239": "#85C1E2",
    "part_240": "#FF6B6B",
    "part_241": "#4ECDC4",
    "part_242": "#45B7D1",
    "part_243": "#FFA07A",
    "part_244": "#98D8C8",
    "part_245": "#F7DC6F",
    "part_246": "#BB8FCE",
    "part_247": "#85C1E2",
    "part_248": "#FF6B6B",
    "part_249": "#4ECDC4",
    "part_250": "#45B7D1",
    "part_251": "#FFA07A",
    "part_252": "#98D8C8",
    "part_253": "#F7DC6F",
    "part_254": "#BB8FCE",
    "part_255": "#85C1E2",
    "part_256": "#FF6B6B",
    "part_257": "#4ECDC4",
    "part_258": "#45B7D1",
    "part_259": "#FFA07A",
    "part_260": "#98D8C8"
  },
  "metadata": {
    "total_parts": 261,
    "total_steps": 0,
    "generated_at": "2025-11-06T11:58:49.411632"
  }
}