{
  "version": "1.0",
  "model": "component_3.glb",
  "node_map": {
    "part_000": "NAUO1",
    "part_001": "NAUO2"
  },
  "explosion_vectors": {
    "NAUO1": {
      "direction": [
        0.8660254037844387,
        0.0,
        0.4999999999999999
      ],
      "distance": 0.03770424382714377,
      "original_position": [
        -1.4501259766756155e-20,
        -3.5277257973255494e-16,
        9.603158541712375e-22
      ]
    },
    "NAUO2": {
      "direction": [
        -0.6385800459864704,
        0.5849919015404546,
        -0.5000000000000002
      ],
      "distance": 0.03770424382714377,
      "original_position": [
        -2.9666349339351856e-18,
        -1.4075861619881346e-17,
        -4.214311389570571e-05
      ]
    }
  },
  "steps": [],
  "colors": {
    "part_000": "#FF6B6B",
    "part_001": "#4ECDC4"
  },
  "metadata": {
    "total_parts": 2,
    "total_steps": 0,
    "generated_at": "2025-11-06T11:58:33.310886"
  }
}